{
  "state": {
    "isStdOutTTY": true,
    "isStdErrTTY": true,
    "testRunDurationMs": 38243.164218
  },
  "metrics": {
    "http_req_sending": {
      "type": "trend",
      "contains": "time",
      "values": {
        "min": 0.006472,
        "p(50)": 0.0190385,
        "p(90)": 0.0331221,
        "p(99)": 0.07502408000000003,
        "avg": 0.022769488133333293,
        "med": 0.0190385,
        "max": 0.639417,
        "p(95)": 0.04055124999999999,
        "p(99.99)": 0.5149030541999996,
        "count": 15000
      }
    },
    "http_req_failed": {
      "type": "rate",
      "contains": "default",
      "values": {
        "rate": 0,
        "passes": 0,
        "fails": 15000
      }
    },
    "data_sent": {
      "values": {
        "count": 2715000,
        "rate": 70993.07956118665
      },
      "type": "counter",
      "contains": "data"
    },
    "vus_max": {
      "type": "gauge",
      "contains": "default",
      "values": {
        "max": 1,
        "value": 1,
        "min": 1
      }
    },
    "iterations": {
      "contains": "default",
      "values": {
        "count": 15000,
        "rate": 392.22695890158366
      },
      "type": "counter"
    },
    "http_req_duration{expected_response:true}": {
      "type": "trend",
      "contains": "time",
      "values": {
        "max": 15.527388,
        "p(50)": 2.1166905,
        "p(95)": 3.47077525,
        "p(99)": 8.573533140000025,
        "count": 15000,
        "avg": 2.294728749000006,
        "min": 0.704807,
        "med": 2.1166905,
        "p(90)": 3.0728386999999997,
        "p(99.99)": 15.300486851699786
      }
    },
    "http_req_blocked": {
      "type": "trend",
      "contains": "time",
      "values": {
        "max": 0.639535,
        "p(50)": 0.005044,
        "count": 15000,
        "avg": 0.009096392800000033,
        "min": 0.001602,
        "med": 0.005044,
        "p(90)": 0.0084802,
        "p(95)": 0.010511749999999988,
        "p(99)": 0.19857956000000035,
        "p(99.99)": 0.6267031093999993
      }
    },
    "response_time": {
      "type": "trend",
      "contains": "default",
      "values": {
        "p(90)": 3.0728386999999997,
        "p(99)": 8.573533140000025,
        "p(99.99)": 15.300486851699786,
        "count": 15000,
        "avg": 2.294728749000006,
        "max": 15.527388,
        "p(50)": 2.1166905,
        "min": 0.704807,
        "med": 2.1166905,
        "p(95)": 3.47077525
      }
    },
    "http_reqs": {
      "type": "counter",
      "contains": "default",
      "values": {
        "count": 15000,
        "rate": 392.22695890158366
      }
    },
    "http_req_tls_handshaking": {
      "type": "trend",
      "contains": "time",
      "values": {
        "max": 0,
        "p(90)": 0,
        "p(95)": 0,
        "p(99)": 0,
        "p(99.99)": 0,
        "avg": 0,
        "min": 0,
        "count": 15000,
        "med": 0,
        "p(50)": 0
      }
    },
    "response_size": {
      "contains": "default",
      "values": {
        "p(90)": 1406,
        "p(95)": 1406,
        "avg": 1405.48,
        "min": 1354,
        "med": 1406,
        "max": 1406,
        "p(50)": 1406,
        "p(99)": 1406,
        "p(99.99)": 1406,
        "count": 15000
      },
      "type": "trend"
    },
    "iteration_duration": {
      "contains": "time",
      "values": {
        "min": 0.855654,
        "med": 2.3307135,
        "p(50)": 2.3307135,
        "p(90)": 3.4060762,
        "p(95)": 3.8179154,
        "count": 15000,
        "avg": 2.532439606800004,
        "max": 16.450572,
        "p(99)": 9.094329700000008,
        "p(99.99)": 16.301300451099866
      },
      "type": "trend"
    },
    "http_req_duration": {
      "type": "trend",
      "contains": "time",
      "values": {
        "avg": 2.294728749000006,
        "max": 15.527388,
        "p(50)": 2.1166905,
        "p(90)": 3.0728386999999997,
        "p(95)": 3.47077525,
        "min": 0.704807,
        "med": 2.1166905,
        "p(99)": 8.573533140000025,
        "p(99.99)": 15.300486851699786,
        "count": 15000
      }
    },
    "http_req_receiving": {
      "type": "trend",
      "contains": "time",
      "values": {
        "p(95)": 0.15004115,
        "p(99.99)": 0.9547791463996524,
        "min": 0.02291,
        "med": 0.076627,
        "max": 2.602481,
        "p(50)": 0.076627,
        "avg": 0.08697087399999957,
        "p(90)": 0.12833570000000002,
        "p(99)": 0.21042191000000002,
        "count": 15000
      }
    },
    "data_received": {
      "values": {
        "count": 21805650,
        "rate": 570184.2524248211
      },
      "type": "counter",
      "contains": "data"
    },
    "http_req_waiting": {
      "contains": "time",
      "values": {
        "p(95)": 3.3031801499999998,
        "p(99.99)": 15.00913342359977,
        "avg": 2.1849883868666624,
        "min": 0.629446,
        "med": 2.0168425,
        "p(99)": 8.421031340000006,
        "count": 15000,
        "max": 15.301427,
        "p(50)": 2.0168425,
        "p(90)": 2.917534
      },
      "type": "trend"
    },
    "checks": {
      "contains": "default",
      "values": {
        "fails": 0,
        "rate": 1,
        "passes": 15000
      },
      "type": "rate"
    },
    "http_req_connecting": {
      "type": "trend",
      "contains": "time",
      "values": {
        "p(90)": 0,
        "p(99)": 0.0010537800000230018,
        "p(99.99)": 0.4145128783999867,
        "min": 0,
        "med": 0,
        "p(50)": 0,
        "p(95)": 0,
        "count": 15000,
        "avg": 0.0021932770666666652,
        "max": 0.434607
      }
    },
    "reponse_size_body": {
      "values": {
        "p(90)": 1032,
        "p(99)": 1032,
        "p(99.99)": 1032,
        "count": 15000,
        "avg": 1032,
        "min": 1032,
        "p(50)": 1032,
        "p(95)": 1032,
        "med": 1032,
        "max": 1032
      },
      "type": "trend",
      "contains": "default"
    },
    "vus": {
      "type": "gauge",
      "contains": "default",
      "values": {
        "min": 1,
        "max": 1,
        "value": 1
      }
    }
  },
  "root_group": {
    "name": "",
    "path": "",
    "id": "d41d8cd98f00b204e9800998ecf8427e",
    "groups": [],
    "checks": [
        {
          "name": "is status 200",
          "path": "::is status 200",
          "id": "548d37ca5f33793206f7832e7cea54fb",
          "passes": 15000,
          "fails": 0
        }
      ]
  },
  "options": {
    "noColor": false,
    "summaryTrendStats": [
      "avg",
      "min",
      "med",
      "max",
      "p(50)",
      "p(90)",
      "p(95)",
      "p(99)",
      "p(99.99)",
      "count"
    ],
    "summaryTimeUnit": "ms"
  }
}