{
  "options": {
    "summaryTrendStats": [
      "avg",
      "min",
      "med",
      "max",
      "p(50)",
      "p(90)",
      "p(95)",
      "p(99)",
      "p(99.99)",
      "count"
    ],
    "summaryTimeUnit": "ms",
    "noColor": false
  },
  "state": {
    "isStdOutTTY": false,
    "isStdErrTTY": false,
    "testRunDurationMs": 88661.683496
  },
  "metrics": {
    "http_reqs": {
      "values": {
        "count": 1000,
        "rate": 11.278829372161825
      },
      "type": "counter",
      "contains": "default"
    },
    "data_received": {
      "type": "counter",
      "contains": "data",
      "values": {
        "count": 664480,
        "rate": 7494.556541214089
      }
    },
    "http_req_duration{expected_response:true}": {
      "type": "trend",
      "contains": "time",
      "values": {
        "med": 90.4520195,
        "max": 153.441319,
        "p(95)": 98.21986129999999,
        "count": 1000,
        "p(99.99)": 152.4243020349995,
        "avg": 88.289171434,
        "min": 59.805403,
        "p(50)": 90.4520195,
        "p(90)": 96.2652523,
        "p(99)": 106.96197843
      }
    },
    "response_time": {
      "type": "trend",
      "contains": "default",
      "values": {
        "med": 90.4520195,
        "p(90)": 96.2652523,
        "p(99)": 106.96197843,
        "p(99.99)": 152.4243020349995,
        "count": 1000,
        "avg": 88.289171434,
        "min": 59.805403,
        "max": 153.441319,
        "p(50)": 90.4520195,
        "p(95)": 98.21986129999999
      }
    },
    "http_req_duration": {
      "type": "trend",
      "contains": "time",
      "values": {
        "med": 90.4520195,
        "p(95)": 98.21986129999999,
        "count": 1000,
        "min": 59.805403,
        "max": 153.441319,
        "p(50)": 90.4520195,
        "p(90)": 96.2652523,
        "p(99)": 106.96197843,
        "p(99.99)": 152.4243020349995,
        "avg": 88.289171434
      }
    },
    "http_req_blocked": {
      "type": "trend",
      "contains": "time",
      "values": {
        "avg": 0.006463872999999988,
        "p(95)": 0.013158699999999971,
        "p(99.99)": 0.30145482709999194,
        "count": 1000,
        "min": 0.002223,
        "med": 0.0045515,
        "max": 0.318365,
        "p(50)": 0.0045515,
        "p(90)": 0.008645000000000002,
        "p(99)": 0.03513536
      }
    },
    "iteration_duration": {
      "type": "trend",
      "contains": "time",
      "values": {
        "p(99.99)": 152.76420234129952,
        "count": 1000,
        "avg": 88.63595721699993,
        "p(50)": 90.74779799999999,
        "p(90)": 96.6118123,
        "p(95)": 98.65516425,
        "p(99)": 107.42096598,
        "min": 60.121973,
        "med": 90.74779799999999,
        "max": 153.758848
      }
    },
    "vus_max": {
      "type": "gauge",
      "contains": "default",
      "values": {
        "value": 1,
        "min": 1,
        "max": 1
      }
    },
    "vus": {
      "type": "gauge",
      "contains": "default",
      "values": {
        "value": 1,
        "min": 1,
        "max": 1
      }
    },
    "http_req_receiving": {
      "type": "trend",
      "contains": "time",
      "values": {
        "p(95)": 0.23518509999999995,
        "count": 1000,
        "avg": 0.13473636499999994,
        "min": 0.046645,
        "med": 0.0981555,
        "max": 24.808442,
        "p(90)": 0.14358890000000002,
        "p(50)": 0.0981555,
        "p(99)": 0.32303643999999987,
        "p(99.99)": 22.441281829698866
      }
    },
    "data_sent": {
      "type": "counter",
      "contains": "data",
      "values": {
        "count": 530000,
        "rate": 5977.779567245767
      }
    },
    "http_req_sending": {
      "type": "trend",
      "contains": "time",
      "values": {
        "avg": 0.03184167200000006,
        "min": 0.012545,
        "med": 0.024100999999999997,
        "max": 0.594466,
        "p(95)": 0.062357949999999815,
        "p(99)": 0.19997917999999998,
        "p(99.99)": 0.5939714949999998,
        "count": 1000,
        "p(50)": 0.024100999999999997,
        "p(90)": 0.0375518
      }
    },
    "http_req_waiting": {
      "type": "trend",
      "contains": "time",
      "values": {
        "avg": 88.12259339700009,
        "min": 59.628973,
        "med": 90.3219005,
        "p(50)": 90.3219005,
        "p(90)": 96.010708,
        "p(99.99)": 152.2998452263995,
        "max": 153.32045,
        "p(95)": 98.0929443,
        "p(99)": 106.52172471,
        "count": 1000
      }
    },
    "checks": {
      "type": "rate",
      "contains": "default",
      "values": {
        "rate": 1,
        "passes": 1000,
        "fails": 0
      }
    },
    "http_req_failed": {
      "type": "rate",
      "contains": "default",
      "values": {
        "fails": 1000,
        "rate": 0,
        "passes": 0
      }
    },
    "reponse_size": {
      "type": "trend",
      "contains": "default",
      "values": {
        "avg": 211.778,
        "med": 212,
        "max": 212,
        "p(95)": 212,
        "p(99)": 212,
        "count": 1000,
        "min": 208,
        "p(50)": 212,
        "p(90)": 212,
        "p(99.99)": 212
      }
    },
    "http_req_connecting": {
      "type": "trend",
      "contains": "time",
      "values": {
        "avg": 0.00020978,
        "min": 0,
        "p(95)": 0,
        "p(99)": 0,
        "p(99.99)": 0.18882297799998995,
        "count": 1000,
        "med": 0,
        "max": 0.20978,
        "p(50)": 0,
        "p(90)": 0
      }
    },
    "http_req_tls_handshaking": {
      "type": "trend",
      "contains": "time",
      "values": {
        "med": 0,
        "max": 0,
        "p(90)": 0,
        "p(95)": 0,
        "p(99.99)": 0,
        "count": 1000,
        "avg": 0,
        "min": 0,
        "p(50)": 0,
        "p(99)": 0
      }
    },
    "iterations": {
      "type": "counter",
      "contains": "default",
      "values": {
        "count": 1000,
        "rate": 11.278829372161825
      }
    }
  },
  "root_group": {
    "groups": [],
    "checks": [
        {
          "passes": 1000,
          "fails": 0,
          "name": "is status 200",
          "path": "::is status 200",
          "id": "548d37ca5f33793206f7832e7cea54fb"
        }
      ],
    "name": "",
    "path": "",
    "id": "d41d8cd98f00b204e9800998ecf8427e"
  }
}