{
  "root_group": {
    "checks": [
      {
        "id": "548d37ca5f33793206f7832e7cea54fb",
        "passes": 1000,
        "fails": 0,
        "name": "is status 200",
        "path": "::is status 200"
      }
    ],
    "name": "",
    "path": "",
    "id": "d41d8cd98f00b204e9800998ecf8427e",
    "groups": []
  },
  "options": {
    "noColor": false,
    "summaryTrendStats": [
      "avg",
      "min",
      "med",
      "max",
      "p(50)",
      "p(90)",
      "p(95)",
      "p(99)",
      "p(99.99)",
      "count"
    ],
    "summaryTimeUnit": "ms"
  },
  "state": {
    "isStdOutTTY": false,
    "isStdErrTTY": false,
    "testRunDurationMs": 18883.337381
  },
  "metrics": {
    "http_req_tls_handshaking": {
      "type": "trend",
      "contains": "time",
      "values": {
        "min": 0,
        "med": 0,
        "max": 0,
        "p(90)": 0,
        "p(95)": 0,
        "p(99.99)": 0,
        "avg": 0,
        "p(50)": 0,
        "p(99)": 0,
        "count": 1000
      }
    },
    "iteration_duration": {
      "type": "trend",
      "contains": "time",
      "values": {
        "avg": 18.864628591999985,
        "min": 12.239454,
        "med": 15.119441,
        "p(99.99)": 82.79881753759851,
        "count": 1000,
        "max": 85.913837,
        "p(50)": 15.119441,
        "p(90)": 31.8400388,
        "p(95)": 33.56808565,
        "p(99)": 37.706529489999994
      }
    },
    "http_req_receiving": {
      "values": {
        "med": 0.07552049999999999,
        "p(50)": 0.07552049999999999,
        "p(90)": 0.10357319999999999,
        "p(99.99)": 17.265723177099428,
        "min": 0.040017,
        "max": 18.458806,
        "p(95)": 0.11833039999999996,
        "p(99)": 0.25979866999999995,
        "count": 1000,
        "avg": 0.11456773199999999
      },
      "type": "trend",
      "contains": "time"
    },
    "vus": {
      "type": "gauge",
      "contains": "default",
      "values": {
        "min": 1,
        "max": 1,
        "value": 1
      }
    },
    "data_received": {
      "values": {
        "count": 639710,
        "rate": 33876.95655131715
      },
      "type": "counter",
      "contains": "data"
    },
    "http_req_duration{expected_response:true}": {
      "type": "trend",
      "contains": "time",
      "values": {
        "max": 85.739039,
        "p(90)": 31.649078,
        "p(95)": 33.36061245,
        "p(99)": 37.54128710999999,
        "count": 1000,
        "avg": 18.659525290999994,
        "min": 12.068723,
        "med": 14.925479500000002,
        "p(50)": 14.925479500000002,
        "p(99.99)": 82.61684182249851
      }
    },
    "vus_max": {
      "type": "gauge",
      "contains": "default",
      "values": {
        "value": 1,
        "min": 1,
        "max": 1
      }
    },
    "checks": {
      "type": "rate",
      "contains": "default",
      "values": {
        "rate": 1,
        "passes": 1000,
        "fails": 0
      }
    },
    "http_req_waiting": {
      "type": "trend",
      "contains": "time",
      "values": {
        "p(99.99)": 82.5286050272985,
        "p(99)": 37.06143185999999,
        "min": 12.00536,
        "med": 14.8187775,
        "max": 85.651806,
        "p(50)": 14.8187775,
        "p(90)": 31.5362262,
        "p(95)": 33.22248835,
        "count": 1000,
        "avg": 18.52665319300001
      }
    },
    "http_req_connecting": {
      "type": "trend",
      "contains": "time",
      "values": {
        "p(95)": 0,
        "p(50)": 0,
        "min": 0,
        "med": 0,
        "max": 0.304936,
        "p(90)": 0,
        "p(99)": 0.0010430399999990514,
        "p(99.99)": 0.3042389976999996,
        "count": 1000,
        "avg": 0.002364511
      }
    },
    "http_req_sending": {
      "type": "trend",
      "contains": "time",
      "values": {
        "max": 0.406487,
        "p(90)": 0.023273800000000004,
        "p(99)": 0.06482592999999995,
        "count": 1000,
        "avg": 0.01830436600000003,
        "med": 0.014772,
        "p(50)": 0.014772,
        "p(95)": 0.028283149999999996,
        "p(99.99)": 0.3965536432999952,
        "min": 0.009658
      }
    },
    "http_reqs": {
      "values": {
        "count": 1000,
        "rate": 52.95674063453307
      },
      "type": "counter",
      "contains": "default"
    },
    "response_time": {
      "type": "trend",
      "contains": "default",
      "values": {
        "p(90)": 31.649078,
        "p(95)": 33.36061245,
        "p(99.99)": 82.61684182249851,
        "med": 14.925479500000002,
        "p(50)": 14.925479500000002,
        "max": 85.739039,
        "p(99)": 37.54128710999999,
        "count": 1000,
        "avg": 18.659525290999994,
        "min": 12.068723
      }
    },
    "iterations": {
      "type": "counter",
      "contains": "default",
      "values": {
        "count": 1000,
        "rate": 52.95674063453307
      }
    },
    "http_req_failed": {
      "contains": "default",
      "values": {
        "rate": 0,
        "passes": 0,
        "fails": 1000
      },
      "type": "rate"
    },
    "data_sent": {
      "type": "counter",
      "contains": "data",
      "values": {
        "count": 378000,
        "rate": 20017.6479598535
      }
    },
    "reponse_size": {
      "type": "trend",
      "contains": "default",
      "values": {
        "avg": 97,
        "min": 97,
        "p(95)": 97,
        "count": 1000,
        "p(99)": 97,
        "p(99.99)": 97,
        "med": 97,
        "max": 97,
        "p(50)": 97,
        "p(90)": 97
      }
    },
    "http_req_blocked": {
      "type": "trend",
      "contains": "time",
      "values": {
        "p(90)": 0.0061047,
        "p(95)": 0.009500249999999995,
        "p(99.99)": 0.44558549709999734,
        "p(99)": 0.08869657999999934,
        "count": 1000,
        "avg": 0.007693664000000001,
        "min": 0.00244,
        "med": 0.0038695,
        "max": 0.451177,
        "p(50)": 0.0038695
      }
    },
    "http_req_duration": {
      "type": "trend",
      "contains": "time",
      "values": {
        "med": 14.925479500000002,
        "max": 85.739039,
        "p(50)": 14.925479500000002,
        "p(90)": 31.649078,
        "p(99)": 37.54128710999999,
        "avg": 18.659525290999994,
        "min": 12.068723,
        "p(95)": 33.36061245,
        "p(99.99)": 82.61684182249851,
        "count": 1000
      }
    }
  }
}