{
  "root_group": {
    "name": "",
    "path": "",
    "id": "d41d8cd98f00b204e9800998ecf8427e",
    "groups": [],
    "checks": [
        {
          "id": "548d37ca5f33793206f7832e7cea54fb",
          "passes": 1000,
          "fails": 0,
          "name": "is status 200",
          "path": "::is status 200"
        }
      ]
  },
  "options": {
    "noColor": false,
    "summaryTrendStats": [
      "avg",
      "min",
      "med",
      "max",
      "p(50)",
      "p(90)",
      "p(95)",
      "p(99)",
      "p(99.99)",
      "count"
    ],
    "summaryTimeUnit": "ms"
  },
  "state": {
    "isStdOutTTY": false,
    "isStdErrTTY": false,
    "testRunDurationMs": 18512.676024
  },
  "metrics": {
    "http_req_duration{expected_response:true}": {
      "type": "trend",
      "contains": "time",
      "values": {
        "max": 86.047954,
        "p(90)": 36.473896599999996,
        "count": 1000,
        "p(99.99)": 83.62343764329884,
        "avg": 18.287091223999994,
        "min": 11.485099,
        "med": 14.075318500000002,
        "p(50)": 14.075318500000002,
        "p(95)": 38.462122699999995,
        "p(99)": 43.357077509999996
      }
    },
    "http_req_blocked": {
      "type": "trend",
      "contains": "time",
      "values": {
        "p(50)": 0.003976,
        "p(99)": 0.09991804999999901,
        "p(99.99)": 0.48514696169999494,
        "avg": 0.007678507999999998,
        "min": 0.002371,
        "med": 0.003976,
        "max": 0.495798,
        "p(90)": 0.006803300000000003,
        "p(95)": 0.009538099999999999,
        "count": 1000
      }
    },
    "http_req_tls_handshaking": {
      "type": "trend",
      "contains": "time",
      "values": {
        "p(99)": 0,
        "p(99.99)": 0,
        "count": 1000,
        "min": 0,
        "max": 0,
        "p(50)": 0,
        "p(90)": 0,
        "p(95)": 0,
        "avg": 0,
        "med": 0
      }
    },
    "vus": {
      "type": "gauge",
      "contains": "default",
      "values": {
        "max": 1,
        "value": 1,
        "min": 1
      }
    },
    "checks": {
      "type": "rate",
      "contains": "default",
      "values": {
        "rate": 1,
        "passes": 1000,
        "fails": 0
      }
    },
    "data_sent": {
      "type": "counter",
      "contains": "data",
      "values": {
        "count": 378000,
        "rate": 20418.441910286627
      }
    },
    "data_received": {
      "type": "counter",
      "contains": "data",
      "values": {
        "count": 639710,
        "rate": 34555.24199584513
      }
    },
    "http_req_failed": {
      "values": {
        "passes": 0,
        "fails": 1000,
        "rate": 0
      },
      "type": "rate",
      "contains": "default"
    },
    "response_time": {
      "type": "trend",
      "contains": "default",
      "values": {
        "min": 11.485099,
        "max": 86.047954,
        "p(90)": 36.473896599999996,
        "p(95)": 38.462122699999995,
        "p(99.99)": 83.62343764329884,
        "count": 1000,
        "avg": 18.287091223999994,
        "med": 14.075318500000002,
        "p(50)": 14.075318500000002,
        "p(99)": 43.357077509999996
      }
    },
    "http_req_connecting": {
      "contains": "time",
      "values": {
        "med": 0,
        "max": 0.282745,
        "p(50)": 0,
        "p(90)": 0,
        "p(95)": 0,
        "count": 1000,
        "min": 0,
        "p(99)": 0.0011494899999989546,
        "p(99.99)": 0.28035649089999887,
        "avg": 0.001948958
      },
      "type": "trend"
    },
    "reponse_size": {
      "type": "trend",
      "contains": "default",
      "values": {
        "p(99.99)": 97,
        "count": 1000,
        "p(90)": 97,
        "min": 97,
        "med": 97,
        "max": 97,
        "p(50)": 97,
        "p(95)": 97,
        "p(99)": 97,
        "avg": 97
      }
    },
    "iterations": {
      "values": {
        "count": 1000,
        "rate": 54.01704209070536
      },
      "type": "counter",
      "contains": "default"
    },
    "http_req_sending": {
      "type": "trend",
      "contains": "time",
      "values": {
        "p(50)": 0.0150665,
        "p(95)": 0.029866499999999983,
        "p(99.99)": 0.20649174189999875,
        "count": 1000,
        "min": 0.009868,
        "max": 0.209131,
        "p(90)": 0.023108100000000003,
        "p(99)": 0.07117151999999999,
        "avg": 0.017917642999999983,
        "med": 0.0150665
      }
    },
    "iteration_duration": {
      "contains": "time",
      "values": {
        "min": 11.636468,
        "p(90)": 36.6589416,
        "p(99)": 43.56890273999999,
        "avg": 18.493749248999997,
        "max": 86.263346,
        "p(50)": 14.276810999999999,
        "p(95)": 38.70198055,
        "p(99.99)": 83.83533084559883,
        "count": 1000,
        "med": 14.276810999999999
      },
      "type": "trend"
    },
    "http_req_receiving": {
      "type": "trend",
      "contains": "time",
      "values": {
        "p(95)": 0.11793229999999999,
        "p(99)": 0.2591942199999999,
        "avg": 0.18342164599999994,
        "min": 0.049709,
        "max": 36.628415,
        "p(50)": 0.07751,
        "med": 0.07751,
        "p(90)": 0.10349660000000001,
        "p(99.99)": 35.197478169199314,
        "count": 1000
      }
    },
    "http_req_duration": {
      "type": "trend",
      "contains": "time",
      "values": {
        "avg": 18.287091223999994,
        "med": 14.075318500000002,
        "max": 86.047954,
        "p(50)": 14.075318500000002,
        "p(90)": 36.473896599999996,
        "p(95)": 38.462122699999995,
        "min": 11.485099,
        "p(99)": 43.357077509999996,
        "p(99.99)": 83.62343764329884,
        "count": 1000
      }
    },
    "http_req_waiting": {
      "type": "trend",
      "contains": "time",
      "values": {
        "p(99.99)": 83.53252610759884,
        "avg": 18.085751934999994,
        "p(50)": 13.980587,
        "p(95)": 38.344159149999996,
        "p(99)": 42.58910703999999,
        "count": 1000,
        "min": 11.387136,
        "med": 13.980587,
        "max": 85.956807,
        "p(90)": 36.3691914
      }
    },
    "vus_max": {
      "type": "gauge",
      "contains": "default",
      "values": {
        "max": 1,
        "value": 1,
        "min": 1
      }
    },
    "http_reqs": {
      "values": {
        "count": 1000,
        "rate": 54.01704209070536
      },
      "type": "counter",
      "contains": "default"
    }
  }
}