{
  "root_group": {
    "name": "",
    "path": "",
    "id": "d41d8cd98f00b204e9800998ecf8427e",
    "groups": [],
    "checks": [
        {
          "passes": 10000,
          "fails": 0,
          "name": "status is 200",
          "path": "::status is 200",
          "id": "6210a8cd14cd70477eba5c5e4cb3fb5f"
        }
      ]
  },
  "options": {
    "summaryTrendStats": [
      "avg",
      "min",
      "med",
      "max",
      "p(50)",
      "p(90)",
      "p(95)",
      "p(99)",
      "p(99.99)",
      "count"
    ],
    "summaryTimeUnit": "ms",
    "noColor": false
  },
  "state": {
    "isStdOutTTY": false,
    "isStdErrTTY": false,
    "testRunDurationMs": 1051528.402901
  },
  "metrics": {
    "http_req_connecting": {
      "type": "trend",
      "contains": "time",
      "values": {
        "avg": 0.0000286732,
        "min": 0,
        "med": 0,
        "p(90)": 0,
        "p(95)": 0,
        "count": 10000,
        "max": 0.286732,
        "p(50)": 0,
        "p(99)": 0,
        "p(99.99)": 0.00002867319979721651
      }
    },
    "http_req_tls_handshaking": {
      "type": "trend",
      "contains": "time",
      "values": {
        "med": 0,
        "max": 0,
        "p(50)": 0,
        "p(99.99)": 0,
        "avg": 0,
        "p(90)": 0,
        "p(95)": 0,
        "p(99)": 0,
        "count": 10000,
        "min": 0
      }
    },
    "http_req_duration{expected_response:true}": {
      "type": "trend",
      "contains": "time",
      "values": {
        "p(95)": 123.84842519999995,
        "p(99.99)": 252.9944915223821,
        "min": 71.107536,
        "med": 102.378084,
        "max": 278.307184,
        "p(50)": 102.378084,
        "p(90)": 111.34369360000001,
        "p(99)": 134.05009077000003,
        "count": 10000,
        "avg": 104.49795186650007
      }
    },
    "data_received": {
      "type": "counter",
      "contains": "data",
      "values": {
        "count": 6845643,
        "rate": 6510.183634711109
      }
    },
    "vus_max": {
      "values": {
        "value": 1,
        "min": 1,
        "max": 1
      },
      "type": "gauge",
      "contains": "default"
    },
    "iteration_duration": {
      "type": "trend",
      "contains": "time",
      "values": {
        "max": 279.074324,
        "count": 10000,
        "avg": 105.12947182170014,
        "med": 103.014017,
        "p(50)": 103.014017,
        "p(90)": 112.005493,
        "p(95)": 124.50955110000001,
        "p(99)": 134.55951412000002,
        "p(99.99)": 253.46709097938188,
        "min": 71.602046
      }
    },
    "checks": {
      "type": "rate",
      "contains": "default",
      "values": {
        "fails": 0,
        "rate": 1,
        "passes": 10000
      }
    },
    "vus": {
      "type": "gauge",
      "contains": "default",
      "values": {
        "max": 1,
        "value": 1,
        "min": 1
      }
    },
    "data_sent": {
      "values": {
        "count": 4850000,
        "rate": 4612.333805363336
      },
      "type": "counter",
      "contains": "data"
    },
    "http_req_duration": {
      "type": "trend",
      "contains": "time",
      "values": {
        "med": 102.378084,
        "max": 278.307184,
        "p(95)": 123.84842519999995,
        "p(99.99)": 252.9944915223821,
        "count": 10000,
        "avg": 104.49795186650007,
        "min": 71.107536,
        "p(50)": 102.378084,
        "p(90)": 111.34369360000001,
        "p(99)": 134.05009077000003
      }
    },
    "http_req_waiting": {
      "type": "trend",
      "contains": "time",
      "values": {
        "min": 70.955652,
        "max": 278.187189,
        "p(90)": 110.9082733,
        "p(99)": 133.92895256999998,
        "count": 10000,
        "avg": 104.27956560889997,
        "med": 102.2234325,
        "p(50)": 102.2234325,
        "p(95)": 123.54829654999999,
        "p(99.99)": 252.8913028415821
      }
    },
    "http_req_failed": {
      "type": "rate",
      "contains": "default",
      "values": {
        "rate": 0,
        "passes": 0,
        "fails": 10000
      }
    },
    "iterations": {
      "type": "counter",
      "contains": "default",
      "values": {
        "rate": 9.509966608996569,
        "count": 10000
      }
    },
    "http_req_sending": {
      "type": "trend",
      "contains": "time",
      "values": {
        "count": 10000,
        "max": 0.525575,
        "p(50)": 0.0219565,
        "p(90)": 0.03647870000000001,
        "p(99.99)": 0.44875368289994566,
        "p(99)": 0.14219983000000028,
        "avg": 0.028389666000000067,
        "min": 0.012331,
        "med": 0.0219565,
        "p(95)": 0.054240149999999834
      }
    },
    "response_time": {
      "contains": "default",
      "values": {
        "min": 71.107536,
        "p(95)": 123.84842519999995,
        "p(99)": 134.05009077000003,
        "p(99.99)": 252.9944915223821,
        "count": 10000,
        "avg": 104.49795186650007,
        "med": 102.378084,
        "max": 278.307184,
        "p(50)": 102.378084,
        "p(90)": 111.34369360000001
      },
      "type": "trend"
    },
    "reponse_size": {
      "type": "trend",
      "contains": "default",
      "values": {
        "p(90)": 98,
        "count": 10000,
        "min": 97,
        "p(50)": 98,
        "max": 98,
        "p(95)": 98,
        "p(99)": 98,
        "p(99.99)": 98,
        "avg": 97.838,
        "med": 98
      }
    },
    "http_req_blocked": {
      "type": "trend",
      "contains": "time",
      "values": {
        "p(90)": 0.0070362,
        "p(95)": 0.010891749999999945,
        "p(99.99)": 0.31199792889995104,
        "count": 10000,
        "med": 0.0044835,
        "p(50)": 0.0044835,
        "max": 0.38128,
        "p(99)": 0.028522190000000003,
        "avg": 0.005792149400000003,
        "min": 0.002218
      }
    },
    "http_req_receiving": {
      "values": {
        "avg": 0.1899965915999993,
        "max": 30.038614,
        "p(95)": 0.20714769999999982,
        "p(99.99)": 26.114679432697226,
        "count": 10000,
        "min": 0.047234,
        "med": 0.09952749999999999,
        "p(50)": 0.09952749999999999,
        "p(90)": 0.14213140000000002,
        "p(99)": 0.4270655100000004
      },
      "type": "trend",
      "contains": "time"
    },
    "http_reqs": {
      "type": "counter",
      "contains": "default",
      "values": {
        "count": 10000,
        "rate": 9.509966608996569
      }
    }
  }
}