{
  "options": {
    "summaryTrendStats": [
      "avg",
      "min",
      "med",
      "max",
      "p(50)",
      "p(90)",
      "p(95)",
      "p(99)",
      "p(99.99)",
      "count"
    ],
    "summaryTimeUnit": "ms",
    "noColor": false
  },
  "state": {
    "isStdErrTTY": false,
    "testRunDurationMs": 83758.552517,
    "isStdOutTTY": false
  },
  "metrics": {
    "http_req_failed": {
      "type": "rate",
      "contains": "default",
      "values": {
        "rate": 0,
        "passes": 0,
        "fails": 10000
      }
    },
    "checks": {
      "type": "rate",
      "contains": "default",
      "values": {
        "rate": 1,
        "passes": 10000,
        "fails": 0
      }
    },
    "http_req_sending": {
      "type": "trend",
      "contains": "time",
      "values": {
        "min": 0.011205,
        "med": 0.023713,
        "p(90)": 0.033318600000000004,
        "p(99.99)": 0.6040578100998175,
        "avg": 0.026124390799999973,
        "p(50)": 0.023713,
        "p(95)": 0.03738144999999999,
        "p(99)": 0.057531630000000056,
        "count": 10000,
        "max": 0.862133
      }
    },
    "http_req_waiting": {
      "contains": "time",
      "values": {
        "avg": 7.67925435589996,
        "max": 113.549406,
        "p(95)": 10.020458699999994,
        "count": 10000,
        "min": 5.565679,
        "med": 7.239998,
        "p(50)": 7.239998,
        "p(90)": 9.093634000000002,
        "p(99)": 13.655110350000005,
        "p(99.99)": 72.05797655787065
      },
      "type": "trend"
    },
    "reponse_size": {
      "type": "trend",
      "contains": "default",
      "values": {
        "med": 97,
        "p(50)": 97,
        "p(95)": 97,
        "count": 10000,
        "avg": 97,
        "min": 97,
        "max": 97,
        "p(90)": 97,
        "p(99)": 97,
        "p(99.99)": 97
      }
    },
    "http_req_tls_handshaking": {
      "type": "trend",
      "contains": "time",
      "values": {
        "max": 0,
        "p(50)": 0,
        "p(95)": 0,
        "p(99)": 0,
        "count": 10000,
        "avg": 0,
        "min": 0,
        "med": 0,
        "p(90)": 0,
        "p(99.99)": 0
      }
    },
    "data_sent": {
      "type": "counter",
      "contains": "data",
      "values": {
        "count": 4753401,
        "rate": 56751.23145227742
      }
    },
    "vus": {
      "type": "gauge",
      "contains": "default",
      "values": {
        "value": 1,
        "min": 1,
        "max": 1
      }
    },
    "http_req_blocked": {
      "type": "trend",
      "contains": "time",
      "values": {
        "p(95)": 0.008848399999999994,
        "p(99.99)": 0.164050112799879,
        "count": 10000,
        "p(99)": 0.015880020000000022,
        "avg": 0.005468733000000008,
        "min": 0.002403,
        "med": 0.0048295000000000005,
        "max": 0.335161,
        "p(50)": 0.0048295000000000005,
        "p(90)": 0.007044
      }
    },
    "iteration_duration": {
      "contains": "time",
      "values": {
        "p(90)": 9.8469191,
        "p(95)": 10.80021965,
        "p(99.99)": 72.74516209407072,
        "avg": 8.355599066699991,
        "med": 7.889232,
        "p(50)": 7.889232,
        "p(99)": 14.75134846,
        "count": 10000,
        "min": 6.099037,
        "max": 114.131964
      },
      "type": "trend"
    },
    "http_req_duration{expected_response:true}": {
      "contains": "time",
      "values": {
        "min": 5.640997,
        "med": 7.3657705,
        "p(90)": 9.2247439,
        "p(95)": 10.176185599999998,
        "p(99)": 13.85945201,
        "avg": 7.812161552499978,
        "max": 113.641826,
        "p(50)": 7.3657705,
        "p(99.99)": 72.19700189687069,
        "count": 10000
      },
      "type": "trend"
    },
    "http_req_receiving": {
      "type": "trend",
      "contains": "time",
      "values": {
        "avg": 0.1067828057999998,
        "min": 0.045488,
        "med": 0.0833535,
        "max": 2.566411,
        "p(90)": 0.15486670000000002,
        "count": 10000,
        "p(50)": 0.0833535,
        "p(95)": 0.27504789999999996,
        "p(99)": 0.4565320700000008,
        "p(99.99)": 2.2106365809997484
      }
    },
    "iterations": {
      "type": "counter",
      "contains": "default",
      "values": {
        "count": 10000,
        "rate": 119.390792933896
      }
    },
    "response_time": {
      "values": {
        "max": 113.641826,
        "p(50)": 7.3657705,
        "p(90)": 9.2247439,
        "p(99)": 13.85945201,
        "p(99.99)": 72.19700189687069,
        "avg": 7.812161552499978,
        "med": 7.3657705,
        "p(95)": 10.176185599999998,
        "count": 10000,
        "min": 5.640997
      },
      "type": "trend",
      "contains": "default"
    },
    "http_reqs": {
      "type": "counter",
      "contains": "default",
      "values": {
        "count": 10000,
        "rate": 119.390792933896
      }
    },
    "http_req_connecting": {
      "type": "trend",
      "contains": "time",
      "values": {
        "p(99.99)": 0.00002252269984071427,
        "count": 10000,
        "avg": 0.0000225227,
        "min": 0,
        "max": 0.225227,
        "p(50)": 0,
        "med": 0,
        "p(90)": 0,
        "p(95)": 0,
        "p(99)": 0
      }
    },
    "data_received": {
      "type": "counter",
      "contains": "data",
      "values": {
        "count": 5946447,
        "rate": 70995.10224693871
      }
    },
    "vus_max": {
      "values": {
        "min": 1,
        "max": 1,
        "value": 1
      },
      "type": "gauge",
      "contains": "default"
    },
    "http_req_duration": {
      "type": "trend",
      "contains": "time",
      "values": {
        "count": 10000,
        "avg": 7.812161552499978,
        "min": 5.640997,
        "med": 7.3657705,
        "max": 113.641826,
        "p(50)": 7.3657705,
        "p(99.99)": 72.19700189687069,
        "p(90)": 9.2247439,
        "p(95)": 10.176185599999998,
        "p(99)": 13.85945201
      }
    }
  },
  "root_group": {
    "name": "",
    "path": "",
    "id": "d41d8cd98f00b204e9800998ecf8427e",
    "groups": [],
    "checks": [
        {
          "path": "::status is 200",
          "id": "6210a8cd14cd70477eba5c5e4cb3fb5f",
          "passes": 10000,
          "fails": 0,
          "name": "status is 200"
        }
      ]
  }
}