{
  "root_group": {
    "id": "d41d8cd98f00b204e9800998ecf8427e",
    "groups": [],
    "checks": [
        {
          "id": "548d37ca5f33793206f7832e7cea54fb",
          "passes": 10000,
          "fails": 0,
          "name": "is status 200",
          "path": "::is status 200"
        }
      ],
    "name": "",
    "path": ""
  },
  "options": {
    "summaryTrendStats": [
      "avg",
      "min",
      "med",
      "max",
      "p(50)",
      "p(90)",
      "p(95)",
      "p(99)",
      "p(99.99)",
      "count"
    ],
    "summaryTimeUnit": "ms",
    "noColor": false
  },
  "state": {
    "testRunDurationMs": 35579.906386,
    "isStdOutTTY": false,
    "isStdErrTTY": false
  },
  "metrics": {
    "http_reqs": {
      "type": "counter",
      "contains": "default",
      "values": {
        "count": 10000,
        "rate": 281.0575129544131
      }
    },
    "http_req_connecting": {
      "type": "trend",
      "contains": "time",
      "values": {
        "count": 10000,
        "max": 0.259422,
        "p(50)": 0,
        "p(99)": 0,
        "p(99.99)": 0.000025942199816530773,
        "p(95)": 0,
        "avg": 0.000025942199999999997,
        "min": 0,
        "med": 0,
        "p(90)": 0
      }
    },
    "http_req_sending": {
      "type": "trend",
      "contains": "time",
      "values": {
        "count": 10000,
        "avg": 0.024466042599999897,
        "p(50)": 0.023503,
        "p(95)": 0.03451944999999999,
        "p(90)": 0.0314984,
        "p(99)": 0.05284817,
        "p(99.99)": 0.2681799923999859,
        "min": 0.008091,
        "med": 0.023503,
        "max": 0.288102
      }
    },
    "http_req_duration{expected_response:true}": {
      "type": "trend",
      "contains": "time",
      "values": {
        "min": 1.7468,
        "p(50)": 3.2214655,
        "p(90)": 3.9189551000000002,
        "p(95)": 4.24807035,
        "count": 10000,
        "avg": 3.2830195024000046,
        "med": 3.2214655,
        "max": 54.924837,
        "p(99)": 5.31704383,
        "p(99.99)": 48.26721682859529
      }
    },
    "reponse_size_body": {
      "type": "trend",
      "contains": "default",
      "values": {
        "count": 10000,
        "avg": 609,
        "min": 609,
        "med": 609,
        "p(50)": 609,
        "p(90)": 609,
        "p(95)": 609,
        "p(99.99)": 609,
        "max": 609,
        "p(99)": 609
      }
    },
    "http_req_tls_handshaking": {
      "type": "trend",
      "contains": "time",
      "values": {
        "p(95)": 0,
        "p(99.99)": 0,
        "count": 10000,
        "min": 0,
        "max": 0,
        "p(90)": 0,
        "p(99)": 0,
        "avg": 0,
        "med": 0,
        "p(50)": 0
      }
    },
    "vus_max": {
      "type": "gauge",
      "contains": "default",
      "values": {
        "min": 1,
        "max": 1,
        "value": 1
      }
    },
    "data_received": {
      "type": "counter",
      "contains": "data",
      "values": {
        "count": 11991376,
        "rate": 337026.6315461238
      }
    },
    "http_req_duration": {
      "type": "trend",
      "contains": "time",
      "values": {
        "med": 3.2214655,
        "max": 54.924837,
        "p(50)": 3.2214655,
        "p(99)": 5.31704383,
        "p(99.99)": 48.26721682859529,
        "count": 10000,
        "avg": 3.2830195024000046,
        "min": 1.7468,
        "p(90)": 3.9189551000000002,
        "p(95)": 4.24807035
      }
    },
    "http_req_waiting": {
      "type": "trend",
      "contains": "time",
      "values": {
        "count": 10000,
        "avg": 3.131270420599992,
        "med": 3.0652775,
        "p(50)": 3.0652775,
        "p(90)": 3.7378258,
        "p(99.99)": 48.11981281869529,
        "min": 1.636484,
        "max": 54.787333,
        "p(95)": 4.086124349999999,
        "p(99)": 5.128840090000003
      }
    },
    "http_req_failed": {
      "type": "rate",
      "contains": "default",
      "values": {
        "rate": 0,
        "passes": 0,
        "fails": 10000
      }
    },
    "iteration_duration": {
      "type": "trend",
      "contains": "time",
      "values": {
        "avg": 3.5368951384999803,
        "med": 3.4707555,
        "p(90)": 4.2142412,
        "p(95)": 4.541712799999999,
        "p(99)": 5.634954180000002,
        "p(99.99)": 48.60285361159525,
        "count": 10000,
        "min": 1.897892,
        "max": 55.308299,
        "p(50)": 3.4707555
      }
    },
    "http_req_blocked": {
      "type": "trend",
      "contains": "time",
      "values": {
        "min": 0.002444,
        "med": 0.00594,
        "p(50)": 0.00594,
        "p(99)": 0.019984270000000005,
        "avg": 0.006531800100000004,
        "max": 0.50855,
        "p(90)": 0.0083011,
        "p(95)": 0.00946205,
        "p(99.99)": 0.40243061299992494,
        "count": 10000
      }
    },
    "checks": {
      "type": "rate",
      "contains": "default",
      "values": {
        "rate": 1,
        "passes": 10000,
        "fails": 0
      }
    },
    "data_sent": {
      "contains": "data",
      "values": {
        "count": 4090000,
        "rate": 114952.52279835496
      },
      "type": "counter"
    },
    "http_req_receiving": {
      "type": "trend",
      "contains": "time",
      "values": {
        "p(95)": 0.2897228999999999,
        "p(99)": 0.4010104000000005,
        "p(50)": 0.0979035,
        "p(90)": 0.2329447,
        "p(99.99)": 1.785612288999807,
        "count": 10000,
        "avg": 0.1272830391999995,
        "min": 0.035265,
        "med": 0.0979035,
        "max": 2.058475
      }
    },
    "response_time": {
      "type": "trend",
      "contains": "default",
      "values": {
        "avg": 3.2830195024000046,
        "med": 3.2214655,
        "count": 10000,
        "p(99.99)": 48.26721682859529,
        "min": 1.7468,
        "max": 54.924837,
        "p(50)": 3.2214655,
        "p(90)": 3.9189551000000002,
        "p(95)": 4.24807035,
        "p(99)": 5.31704383
      }
    },
    "response_size": {
      "type": "trend",
      "contains": "default",
      "values": {
        "p(95)": 1130,
        "p(99)": 1130,
        "p(99.99)": 1130,
        "count": 10000,
        "med": 1130,
        "p(90)": 1130,
        "max": 1130,
        "p(50)": 1130,
        "avg": 1130,
        "min": 1130
      }
    },
    "vus": {
      "values": {
        "value": 1,
        "min": 1,
        "max": 1
      },
      "type": "gauge",
      "contains": "default"
    },
    "iterations": {
      "type": "counter",
      "contains": "default",
      "values": {
        "count": 10000,
        "rate": 281.0575129544131
      }
    }
  }
}