{
  "state": {
    "isStdErrTTY": false,
    "testRunDurationMs": 34192.714322,
    "isStdOutTTY": false
  },
  "metrics": {
    "http_req_tls_handshaking": {
      "type": "trend",
      "contains": "time",
      "values": {
        "count": 10000,
        "avg": 0,
        "min": 0,
        "p(90)": 0,
        "p(99)": 0,
        "p(99.99)": 0,
        "med": 0,
        "max": 0,
        "p(50)": 0,
        "p(95)": 0
      }
    },
    "http_req_duration": {
      "type": "trend",
      "contains": "time",
      "values": {
        "p(95)": 3.8995522,
        "p(99)": 5.045222320000002,
        "count": 10000,
        "min": 1.772635,
        "med": 3.147817,
        "p(50)": 3.147817,
        "p(90)": 3.5959911,
        "p(99.99)": 15.750035166577161,
        "avg": 3.152698778299992,
        "max": 48.038472
      }
    },
    "http_req_blocked": {
      "type": "trend",
      "contains": "time",
      "values": {
        "p(99)": 0.01653045000000001,
        "p(99.99)": 0.32803837309996203,
        "count": 10000,
        "min": 0.001815,
        "med": 0.005413,
        "max": 0.381764,
        "p(95)": 0.0075266999999999895,
        "avg": 0.0057822698,
        "p(50)": 0.005413,
        "p(90)": 0.0066871000000000005
      }
    },
    "checks": {
      "type": "rate",
      "contains": "default",
      "values": {
        "passes": 10000,
        "fails": 0,
        "rate": 1
      }
    },
    "http_reqs": {
      "type": "counter",
      "contains": "default",
      "values": {
        "rate": 292.45996400952237,
        "count": 10000
      }
    },
    "http_req_waiting": {
      "type": "trend",
      "contains": "time",
      "values": {
        "avg": 3.023543612699993,
        "med": 3.018284,
        "p(50)": 3.018284,
        "p(99.99)": 15.59838310827715,
        "p(99)": 4.893597530000001,
        "count": 10000,
        "min": 1.711165,
        "max": 47.906235,
        "p(90)": 3.451643,
        "p(95)": 3.740689549999999
      }
    },
    "http_req_failed": {
      "type": "rate",
      "contains": "default",
      "values": {
        "rate": 0,
        "passes": 0,
        "fails": 10000
      }
    },
    "iterations": {
      "type": "counter",
      "contains": "default",
      "values": {
        "count": 10000,
        "rate": 292.45996400952237
      }
    },
    "response_time": {
      "type": "trend",
      "contains": "default",
      "values": {
        "p(95)": 3.8995522,
        "p(99)": 5.045222320000002,
        "p(99.99)": 15.750035166577161,
        "avg": 3.152698778299992,
        "min": 1.772635,
        "max": 48.038472,
        "p(50)": 3.147817,
        "p(90)": 3.5959911,
        "med": 3.147817,
        "count": 10000
      }
    },
    "http_req_receiving": {
      "type": "trend",
      "contains": "time",
      "values": {
        "p(50)": 0.090671,
        "p(99)": 0.31040680000000004,
        "p(90)": 0.14879280000000003,
        "p(95)": 0.20213959999999986,
        "p(99.99)": 1.778001123099985,
        "count": 10000,
        "avg": 0.10624621659999975,
        "min": 0.034728,
        "med": 0.090671,
        "max": 1.79923
      }
    },
    "http_req_duration{expected_response:true}": {
      "type": "trend",
      "contains": "time",
      "values": {
        "max": 48.038472,
        "p(90)": 3.5959911,
        "p(99)": 5.045222320000002,
        "p(99.99)": 15.750035166577161,
        "min": 1.772635,
        "med": 3.147817,
        "p(95)": 3.8995522,
        "count": 10000,
        "avg": 3.152698778299992,
        "p(50)": 3.147817
      }
    },
    "http_req_sending": {
      "type": "trend",
      "contains": "time",
      "values": {
        "avg": 0.02290894900000001,
        "p(50)": 0.022732000000000002,
        "p(95)": 0.02943164999999999,
        "p(99)": 0.04801902000000007,
        "p(99.99)": 0.20477373769992407,
        "count": 10000,
        "min": 0.006618,
        "med": 0.022732000000000002,
        "max": 0.31214,
        "p(90)": 0.02682
      }
    },
    "vus_max": {
      "contains": "default",
      "values": {
        "min": 1,
        "max": 1,
        "value": 1
      },
      "type": "gauge"
    },
    "vus": {
      "contains": "default",
      "values": {
        "value": 1,
        "min": 1,
        "max": 1
      },
      "type": "gauge"
    },
    "reponse_size_body": {
      "contains": "default",
      "values": {
        "med": 1569,
        "p(50)": 1569,
        "p(99)": 1569,
        "count": 10000,
        "p(95)": 1569,
        "p(99.99)": 1569,
        "avg": 1569,
        "min": 1569,
        "max": 1569,
        "p(90)": 1569
      },
      "type": "trend"
    },
    "data_sent": {
      "type": "counter",
      "contains": "data",
      "values": {
        "count": 4090000,
        "rate": 119616.12527989465
      }
    },
    "iteration_duration": {
      "type": "trend",
      "contains": "time",
      "values": {
        "count": 10000,
        "med": 3.396227,
        "p(95)": 4.18802055,
        "max": 48.318732,
        "p(50)": 3.396227,
        "p(90)": 3.8710305000000003,
        "p(99)": 5.299191250000001,
        "p(99.99)": 16.090412154277203,
        "avg": 3.399456855100007,
        "min": 1.937425
      }
    },
    "data_received": {
      "type": "counter",
      "contains": "data",
      "values": {
        "count": 21589903,
        "rate": 631418.225434908
      }
    },
    "http_req_connecting": {
      "values": {
        "p(50)": 0,
        "p(95)": 0,
        "p(99)": 0,
        "avg": 0.0000278044,
        "min": 0,
        "p(90)": 0,
        "p(99.99)": 0.00002780439980336087,
        "count": 10000,
        "med": 0,
        "max": 0.278044
      },
      "type": "trend",
      "contains": "time"
    },
    "response_size": {
      "type": "trend",
      "contains": "default",
      "values": {
        "max": 2090,
        "p(99)": 2090,
        "count": 10000,
        "avg": 2090,
        "min": 2090,
        "med": 2090,
        "p(50)": 2090,
        "p(90)": 2090,
        "p(95)": 2090,
        "p(99.99)": 2090
      }
    }
  },
  "root_group": {
    "groups": [],
    "checks": [
        {
          "name": "is status 200",
          "path": "::is status 200",
          "id": "548d37ca5f33793206f7832e7cea54fb",
          "passes": 10000,
          "fails": 0
        }
      ],
    "name": "",
    "path": "",
    "id": "d41d8cd98f00b204e9800998ecf8427e"
  },
  "options": {
    "summaryTrendStats": [
      "avg",
      "min",
      "med",
      "max",
      "p(50)",
      "p(90)",
      "p(95)",
      "p(99)",
      "p(99.99)",
      "count"
    ],
    "summaryTimeUnit": "ms",
    "noColor": false
  }
}