{
  "root_group": {
    "groups": [],
    "checks": [
        {
          "name": "is status 200",
          "path": "::is status 200",
          "id": "548d37ca5f33793206f7832e7cea54fb",
          "passes": 1000,
          "fails": 0
        }
      ],
    "name": "",
    "path": "",
    "id": "d41d8cd98f00b204e9800998ecf8427e"
  },
  "options": {
    "summaryTimeUnit": "ms",
    "noColor": false,
    "summaryTrendStats": [
      "avg",
      "min",
      "med",
      "max",
      "p(50)",
      "p(90)",
      "p(95)",
      "p(99)",
      "p(99.99)",
      "count"
    ]
  },
  "state": {
    "isStdErrTTY": false,
    "testRunDurationMs": 7405.139279,
    "isStdOutTTY": false
  },
  "metrics": {
    "http_req_sending": {
      "type": "trend",
      "contains": "time",
      "values": {
        "p(50)": 0.018872,
        "p(90)": 0.029132700000000008,
        "p(95)": 0.034860199999999994,
        "count": 1000,
        "avg": 0.02126024099999997,
        "min": 0.010574,
        "med": 0.018872,
        "max": 0.197173,
        "p(99)": 0.05646438999999999,
        "p(99.99)": 0.19472515029999882
      }
    },
    "response_size": {
      "type": "trend",
      "contains": "default",
      "values": {
        "avg": 7501.48,
        "med": 7502,
        "p(50)": 7502,
        "p(95)": 7502,
        "p(99.99)": 7502,
        "count": 1000,
        "min": 7450,
        "max": 7502,
        "p(90)": 7502,
        "p(99)": 7502
      }
    },
    "checks": {
      "values": {
        "rate": 1,
        "passes": 1000,
        "fails": 0
      },
      "type": "rate",
      "contains": "default"
    },
    "http_req_failed": {
      "type": "rate",
      "contains": "default",
      "values": {
        "rate": 0,
        "passes": 0,
        "fails": 1000
      }
    },
    "vus": {
      "values": {
        "value": 1,
        "min": 1,
        "max": 1
      },
      "type": "gauge",
      "contains": "default"
    },
    "http_req_tls_handshaking": {
      "type": "trend",
      "contains": "time",
      "values": {
        "avg": 0,
        "min": 0,
        "p(99)": 0,
        "p(99.99)": 0,
        "med": 0,
        "max": 0,
        "p(50)": 0,
        "p(90)": 0,
        "p(95)": 0,
        "count": 1000
      }
    },
    "http_req_receiving": {
      "values": {
        "p(50)": 0.09731300000000001,
        "p(95)": 0.238632,
        "p(99)": 19.20700428,
        "p(99.99)": 45.25675403789988,
        "count": 1000,
        "avg": 0.5729075399999998,
        "max": 45.497451,
        "p(90)": 0.1678703,
        "min": 0.056601,
        "med": 0.09731300000000001
      },
      "type": "trend",
      "contains": "time"
    },
    "iteration_duration": {
      "type": "trend",
      "contains": "time",
      "values": {
        "p(95)": 35.70568369999995,
        "p(99)": 49.4043374,
        "avg": 7.3835708309999974,
        "min": 2.10439,
        "max": 58.002311,
        "p(50)": 3.5874414999999997,
        "p(90)": 21.02531620000001,
        "med": 3.5874414999999997,
        "p(99.99)": 57.57424159789979,
        "count": 1000
      }
    },
    "http_req_duration{expected_response:true}": {
      "contains": "time",
      "values": {
        "avg": 7.144671087000008,
        "min": 1.923996,
        "max": 57.614301,
        "p(95)": 35.41140624999994,
        "p(99.99)": 57.1936121099998,
        "count": 1000,
        "med": 3.3656995,
        "p(50)": 3.3656995,
        "p(90)": 20.80405940000001,
        "p(99)": 49.06954398
      },
      "type": "trend"
    },
    "http_req_connecting": {
      "type": "trend",
      "contains": "time",
      "values": {
        "p(50)": 0,
        "p(90)": 0,
        "p(95)": 0,
        "p(99.99)": 0.3534709609999938,
        "avg": 0.0019065359999999995,
        "med": 0,
        "p(99)": 0.0013541699999987686,
        "count": 1000,
        "min": 0,
        "max": 0.366419
      }
    },
    "iterations": {
      "type": "counter",
      "contains": "default",
      "values": {
        "count": 1000,
        "rate": 135.04134930127086
      }
    },
    "response_time": {
      "type": "trend",
      "contains": "default",
      "values": {
        "avg": 7.144671087000008,
        "p(95)": 35.41140624999994,
        "p(99)": 49.06954398,
        "count": 1000,
        "min": 1.923996,
        "med": 3.3656995,
        "max": 57.614301,
        "p(50)": 3.3656995,
        "p(90)": 20.80405940000001,
        "p(99.99)": 57.1936121099998
      }
    },
    "http_reqs": {
      "type": "counter",
      "contains": "default",
      "values": {
        "count": 1000,
        "rate": 135.04134930127086
      }
    },
    "http_req_duration": {
      "type": "trend",
      "contains": "time",
      "values": {
        "avg": 7.144671087000008,
        "min": 1.923996,
        "p(90)": 20.80405940000001,
        "p(95)": 35.41140624999994,
        "count": 1000,
        "med": 3.3656995,
        "max": 57.614301,
        "p(50)": 3.3656995,
        "p(99)": 49.06954398,
        "p(99.99)": 57.1936121099998
      }
    },
    "data_sent": {
      "type": "counter",
      "contains": "data",
      "values": {
        "count": 403000,
        "rate": 54421.66376841215
      }
    },
    "vus_max": {
      "values": {
        "value": 1,
        "min": 1,
        "max": 1
      },
      "type": "gauge",
      "contains": "default"
    },
    "http_req_waiting": {
      "type": "trend",
      "contains": "time",
      "values": {
        "max": 57.427605,
        "p(50)": 3.1993085,
        "p(90)": 15.529161100000012,
        "p(95)": 33.0623158,
        "min": 1.839833,
        "med": 3.1993085,
        "p(99)": 48.92851536,
        "p(99.99)": 57.0019789520998,
        "count": 1000,
        "avg": 6.550503305999999
      }
    },
    "reponse_size_body": {
      "type": "trend",
      "contains": "default",
      "values": {
        "avg": 7140,
        "med": 7140,
        "max": 7140,
        "p(90)": 7140,
        "p(99)": 7140,
        "min": 7140,
        "p(50)": 7140,
        "p(95)": 7140,
        "p(99.99)": 7140,
        "count": 1000
      }
    },
    "data_received": {
      "type": "counter",
      "contains": "data",
      "values": {
        "count": 7550710,
        "rate": 1019658.0665825988
      }
    },
    "http_req_blocked": {
      "type": "trend",
      "contains": "time",
      "values": {
        "max": 0.450929,
        "p(50)": 0.004813,
        "p(99)": 0.03247978999999834,
        "p(99.99)": 0.43994959039999476,
        "count": 1000,
        "avg": 0.008114813000000005,
        "min": 0.002813,
        "p(95)": 0.00928945,
        "med": 0.004813,
        "p(90)": 0.0079246
      }
    }
  }
}