{
  "root_group": {
    "checks": [
      {
        "name": "is status 200",
        "path": "::is status 200",
        "id": "548d37ca5f33793206f7832e7cea54fb",
        "passes": 10000,
        "fails": 0
      }
    ],
    "name": "",
    "path": "",
    "id": "d41d8cd98f00b204e9800998ecf8427e",
    "groups": []
  },
  "options": {
    "summaryTrendStats": [
      "avg",
      "min",
      "med",
      "max",
      "p(50)",
      "p(90)",
      "p(95)",
      "p(99)",
      "p(99.99)",
      "count"
    ],
    "summaryTimeUnit": "ms",
    "noColor": false
  },
  "state": {
    "isStdOutTTY": false,
    "isStdErrTTY": false,
    "testRunDurationMs": 26844.492254
  },
  "metrics": {
    "response_time": {
      "type": "trend",
      "contains": "default",
      "values": {
        "p(99)": 7.602636100000014,
        "count": 10000,
        "med": 2.28021,
        "max": 20.81412,
        "p(50)": 2.28021,
        "p(95)": 3.8682805999999994,
        "avg": 2.4617579287000075,
        "min": 0.860499,
        "p(90)": 3.3065031000000005,
        "p(99.99)": 20.055966822899464
      }
    },
    "checks": {
      "type": "rate",
      "contains": "default",
      "values": {
        "rate": 1,
        "passes": 10000,
        "fails": 0
      }
    },
    "data_received": {
      "type": "counter",
      "contains": "data",
      "values": {
        "count": 6154892,
        "rate": 229279.50887515416
      }
    },
    "http_req_waiting": {
      "type": "trend",
      "contains": "time",
      "values": {
        "med": 2.186083,
        "max": 20.649343,
        "p(95)": 3.7051054499999996,
        "p(99)": 7.4600619600000035,
        "p(99.99)": 19.890006941199463,
        "count": 10000,
        "avg": 2.3621636735999996,
        "min": 0.835864,
        "p(50)": 2.186083,
        "p(90)": 3.1851911
      }
    },
    "http_req_blocked": {
      "contains": "time",
      "values": {
        "p(99.99)": 0.3901981208999638,
        "avg": 0.007720531600000021,
        "min": 0.001501,
        "med": 0.0047595,
        "p(95)": 0.008821649999999992,
        "p(99)": 0.13146670000000854,
        "count": 10000,
        "max": 0.441402,
        "p(50)": 0.0047595,
        "p(90)": 0.006601200000000001
      },
      "type": "trend"
    },
    "iterations": {
      "type": "counter",
      "contains": "default",
      "values": {
        "count": 10000,
        "rate": 372.5158928461363
      }
    },
    "http_reqs": {
      "type": "counter",
      "contains": "default",
      "values": {
        "count": 10000,
        "rate": 372.5158928461363
      }
    },
    "http_req_connecting": {
      "type": "trend",
      "contains": "time",
      "values": {
        "max": 0.292573,
        "p(95)": 0,
        "p(99)": 0.0009906200000216231,
        "p(99.99)": 0.2801832390999912,
        "count": 10000,
        "avg": 0.001641104599999999,
        "min": 0,
        "med": 0,
        "p(50)": 0,
        "p(90)": 0
      }
    },
    "http_req_duration{expected_response:true}": {
      "type": "trend",
      "contains": "time",
      "values": {
        "p(99)": 7.602636100000014,
        "count": 10000,
        "avg": 2.4617579287000075,
        "min": 0.860499,
        "max": 20.81412,
        "p(90)": 3.3065031000000005,
        "p(95)": 3.8682805999999994,
        "med": 2.28021,
        "p(50)": 2.28021,
        "p(99.99)": 20.055966822899464
      }
    },
    "reponse_size": {
      "contains": "default",
      "values": {
        "p(99)": 207,
        "count": 10000,
        "avg": 206.7792,
        "min": 201,
        "max": 207,
        "p(50)": 207,
        "p(90)": 207,
        "p(95)": 207,
        "med": 207,
        "p(99.99)": 207
      },
      "type": "trend"
    },
    "vus": {
      "values": {
        "value": 1,
        "min": 1,
        "max": 1
      },
      "type": "gauge",
      "contains": "default"
    },
    "http_req_tls_handshaking": {
      "type": "trend",
      "contains": "time",
      "values": {
        "p(50)": 0,
        "p(95)": 0,
        "p(99.99)": 0,
        "count": 10000,
        "med": 0,
        "max": 0,
        "p(90)": 0,
        "p(99)": 0,
        "avg": 0,
        "min": 0
      }
    },
    "http_req_failed": {
      "type": "rate",
      "contains": "default",
      "values": {
        "rate": 0,
        "passes": 0,
        "fails": 10000
      }
    },
    "http_req_sending": {
      "type": "trend",
      "contains": "time",
      "values": {
        "avg": 0.0201316027,
        "med": 0.018813,
        "p(50)": 0.018813,
        "p(90)": 0.0249804,
        "p(99)": 0.06286174000000001,
        "p(99.99)": 0.29479242309988385,
        "min": 0.00522,
        "max": 0.459007,
        "p(95)": 0.029737299999999994,
        "count": 10000
      }
    },
    "data_sent": {
      "values": {
        "count": 3790000,
        "rate": 141183.52338868566
      },
      "type": "counter",
      "contains": "data"
    },
    "http_req_duration": {
      "values": {
        "avg": 2.4617579287000075,
        "med": 2.28021,
        "p(50)": 2.28021,
        "p(90)": 3.3065031000000005,
        "min": 0.860499,
        "max": 20.81412,
        "p(95)": 3.8682805999999994,
        "p(99)": 7.602636100000014,
        "p(99.99)": 20.055966822899464,
        "count": 10000
      },
      "type": "trend",
      "contains": "time"
    },
    "http_req_receiving": {
      "type": "trend",
      "contains": "time",
      "values": {
        "med": 0.0695325,
        "p(50)": 0.0695325,
        "p(90)": 0.10074440000000001,
        "p(95)": 0.12166279999999999,
        "count": 10000,
        "avg": 0.07946265239999979,
        "min": 0.019048,
        "max": 5.537305,
        "p(99)": 0.26070368000000005,
        "p(99.99)": 2.999475808298205
      }
    },
    "iteration_duration": {
      "type": "trend",
      "contains": "time",
      "values": {
        "p(50)": 2.4766624999999998,
        "p(90)": 3.5379585000000002,
        "p(99.99)": 20.628578162199542,
        "min": 0.953033,
        "med": 2.4766624999999998,
        "p(95)": 4.132413099999999,
        "p(99)": 7.971619780000027,
        "count": 10000,
        "avg": 2.666118578499999,
        "max": 21.280135
      }
    },
    "vus_max": {
      "type": "gauge",
      "contains": "default",
      "values": {
        "value": 1,
        "min": 1,
        "max": 1
      }
    }
  }
}