{
  "root_group": {
    "groups": [],
    "checks": [
        {
          "passes": 10000,
          "fails": 0,
          "name": "is status 200",
          "path": "::is status 200",
          "id": "548d37ca5f33793206f7832e7cea54fb"
        }
      ],
    "name": "",
    "path": "",
    "id": "d41d8cd98f00b204e9800998ecf8427e"
  },
  "options": {
    "summaryTrendStats": [
      "avg",
      "min",
      "med",
      "max",
      "p(50)",
      "p(90)",
      "p(95)",
      "p(99)",
      "p(99.99)",
      "count"
    ],
    "summaryTimeUnit": "ms",
    "noColor": false
  },
  "state": {
    "isStdOutTTY": false,
    "isStdErrTTY": false,
    "testRunDurationMs": 23221.696861
  },
  "metrics": {
    "http_req_duration": {
      "values": {
        "p(90)": 2.2874851,
        "p(95)": 2.52419255,
        "p(99)": 6.108181260000078,
        "p(99.99)": 10.612720969399817,
        "avg": 1.9935865039999972,
        "min": 1.012018,
        "med": 1.891943,
        "p(50)": 1.891943,
        "count": 10000,
        "max": 10.872389
      },
      "type": "trend",
      "contains": "time"
    },
    "http_req_connecting": {
      "type": "trend",
      "contains": "time",
      "values": {
        "max": 0.323332,
        "p(90)": 0,
        "p(99)": 0.0009551700000208494,
        "min": 0,
        "med": 0,
        "p(95)": 0,
        "p(99.99)": 0.2868696465999742,
        "count": 10000,
        "avg": 0.0016162504999999996,
        "p(50)": 0
      }
    },
    "reponse_size_body": {
      "type": "trend",
      "contains": "default",
      "values": {
        "p(50)": 20849,
        "p(90)": 20849,
        "p(99.99)": 20849,
        "min": 20849,
        "max": 20849,
        "p(95)": 20849,
        "p(99)": 20849,
        "count": 10000,
        "avg": 20849,
        "med": 20849
      }
    },
    "data_sent": {
      "contains": "data",
      "values": {
        "count": 3970000,
        "rate": 170960.80548133721
      },
      "type": "counter"
    },
    "vus_max": {
      "type": "gauge",
      "contains": "default",
      "values": {
        "min": 1,
        "max": 1,
        "value": 1
      }
    },
    "http_req_sending": {
      "type": "trend",
      "contains": "time",
      "values": {
        "med": 0.0188635,
        "max": 0.33681,
        "p(90)": 0.0232014,
        "p(99)": 0.06305127000000019,
        "p(99.99)": 0.26586809489994984,
        "avg": 0.020285984200000107,
        "min": 0.006402,
        "p(50)": 0.0188635,
        "p(95)": 0.02939719999999998,
        "count": 10000
      }
    },
    "http_req_failed": {
      "type": "rate",
      "contains": "default",
      "values": {
        "rate": 0,
        "passes": 0,
        "fails": 10000
      }
    },
    "http_reqs": {
      "contains": "default",
      "values": {
        "count": 10000,
        "rate": 430.6317518421592
      },
      "type": "counter"
    },
    "http_req_tls_handshaking": {
      "contains": "time",
      "values": {
        "p(99.99)": 0,
        "min": 0,
        "med": 0,
        "p(90)": 0,
        "p(95)": 0,
        "p(99)": 0,
        "count": 10000,
        "avg": 0,
        "max": 0,
        "p(50)": 0
      },
      "type": "trend"
    },
    "iteration_duration": {
      "contains": "time",
      "values": {
        "med": 2.2005635,
        "p(50)": 2.2005635,
        "p(95)": 2.8999596,
        "p(99.99)": 11.362473288899702,
        "count": 10000,
        "avg": 2.3050583360000108,
        "min": 1.19865,
        "max": 11.78532,
        "p(90)": 2.6395636000000002,
        "p(99)": 6.609151130000083
      },
      "type": "trend"
    },
    "iterations": {
      "type": "counter",
      "contains": "default",
      "values": {
        "count": 10000,
        "rate": 430.6317518421592
      }
    },
    "response_time": {
      "type": "trend",
      "contains": "default",
      "values": {
        "p(90)": 2.2874851,
        "p(95)": 2.52419255,
        "count": 10000,
        "max": 10.872389,
        "p(50)": 1.891943,
        "med": 1.891943,
        "p(99)": 6.108181260000078,
        "p(99.99)": 10.612720969399817,
        "avg": 1.9935865039999972,
        "min": 1.012018
      }
    },
    "http_req_receiving": {
      "type": "trend",
      "contains": "time",
      "values": {
        "min": 0.039462,
        "med": 0.1003295,
        "p(99)": 0.29640772000000015,
        "p(99.99)": 1.6629597181999667,
        "avg": 0.11085100940000023,
        "max": 1.710137,
        "p(50)": 0.1003295,
        "p(90)": 0.15201260000000003,
        "p(95)": 0.18597544999999976,
        "count": 10000
      }
    },
    "checks": {
      "contains": "default",
      "values": {
        "rate": 1,
        "passes": 10000,
        "fails": 0
      },
      "type": "rate"
    },
    "data_received": {
      "type": "counter",
      "contains": "data",
      "values": {
        "count": 214137100,
        "rate": 9221423.450739963
      }
    },
    "http_req_waiting": {
      "type": "trend",
      "contains": "time",
      "values": {
        "p(95)": 2.34224935,
        "p(99)": 5.857153300000095,
        "avg": 1.862449510399997,
        "max": 10.715824,
        "p(50)": 1.7642805,
        "p(99.99)": 10.239872599899662,
        "count": 10000,
        "min": 0.944738,
        "med": 1.7642805,
        "p(90)": 2.1332037
      }
    },
    "http_req_blocked": {
      "type": "trend",
      "contains": "time",
      "values": {
        "min": 0.001668,
        "med": 0.00471,
        "max": 0.467779,
        "p(50)": 0.00471,
        "p(95)": 0.007340099999999999,
        "p(99)": 0.1537284600000041,
        "avg": 0.007542494199999983,
        "p(90)": 0.0062532,
        "p(99.99)": 0.41065971249995964,
        "count": 10000
      }
    },
    "http_req_duration{expected_response:true}": {
      "type": "trend",
      "contains": "time",
      "values": {
        "min": 1.012018,
        "p(50)": 1.891943,
        "p(90)": 2.2874851,
        "p(95)": 2.52419255,
        "p(99.99)": 10.612720969399817,
        "avg": 1.9935865039999972,
        "med": 1.891943,
        "max": 10.872389,
        "p(99)": 6.108181260000078,
        "count": 10000
      }
    },
    "vus": {
      "type": "gauge",
      "contains": "default",
      "values": {
        "value": 1,
        "min": 1,
        "max": 1
      }
    },
    "response_size": {
      "type": "trend",
      "contains": "default",
      "values": {
        "p(99.99)": 21353,
        "max": 21353,
        "p(50)": 21353,
        "p(90)": 21353,
        "p(95)": 21353,
        "count": 10000,
        "avg": 21352.48,
        "min": 21301,
        "med": 21353,
        "p(99)": 21353
      }
    }
  }
}