{
  "options": {
    "summaryTrendStats": [
      "avg",
      "min",
      "med",
      "max",
      "p(50)",
      "p(90)",
      "p(95)",
      "p(99)",
      "p(99.99)",
      "count"
    ],
    "summaryTimeUnit": "ms",
    "noColor": false
  },
  "state": {
    "isStdOutTTY": false,
    "isStdErrTTY": false,
    "testRunDurationMs": 3877.574034
  },
  "metrics": {
    "vus_max": {
      "values": {
        "value": 1,
        "min": 1,
        "max": 1
      },
      "type": "gauge",
      "contains": "default"
    },
    "http_req_blocked": {
      "contains": "time",
      "values": {
        "max": 0.371208,
        "p(50)": 0.005483,
        "p(99)": 0.021132579999999988,
        "med": 0.005483,
        "min": 0.003079,
        "p(90)": 0.007914200000000001,
        "p(95)": 0.009239599999999995,
        "p(99.99)": 0.35693328899999316,
        "count": 1000,
        "avg": 0.006698399000000004
      },
      "type": "trend"
    },
    "http_req_receiving": {
      "type": "trend",
      "contains": "time",
      "values": {
        "avg": 0.5347309309999998,
        "min": 0.16478,
        "med": 0.4580175,
        "max": 51.217423,
        "p(90)": 0.6654227,
        "p(99.99)": 46.4202812436977,
        "p(50)": 0.4580175,
        "p(95)": 0.7379353499999999,
        "p(99)": 1.0138846499999998,
        "count": 1000
      }
    },
    "http_req_tls_handshaking": {
      "type": "trend",
      "contains": "time",
      "values": {
        "p(95)": 0,
        "p(99)": 0,
        "p(99.99)": 0,
        "avg": 0,
        "med": 0,
        "p(90)": 0,
        "count": 1000,
        "min": 0,
        "max": 0,
        "p(50)": 0
      }
    },
    "http_req_connecting": {
      "contains": "time",
      "values": {
        "min": 0,
        "med": 0,
        "max": 0.273227,
        "p(50)": 0,
        "p(90)": 0,
        "avg": 0.000273227,
        "p(99)": 0,
        "p(99.99)": 0.24593162269998692,
        "count": 1000,
        "p(95)": 0
      },
      "type": "trend"
    },
    "http_req_sending": {
      "type": "trend",
      "contains": "time",
      "values": {
        "med": 0.0225815,
        "max": 0.249244,
        "p(99)": 0.07777992,
        "p(99.99)": 0.2465498967999987,
        "min": 0.011763,
        "p(50)": 0.0225815,
        "p(90)": 0.0295289,
        "p(95)": 0.03400794999999999,
        "count": 1000,
        "avg": 0.024552143000000002
      }
    },
    "http_req_waiting": {
      "values": {
        "p(99.99)": 12.409435023499682,
        "avg": 2.9942433569999998,
        "min": 2.055117,
        "med": 2.8539895,
        "p(50)": 2.8539895,
        "count": 1000,
        "max": 13.072295,
        "p(90)": 3.6366744000000004,
        "p(95)": 4.09265435,
        "p(99)": 5.24312148
      },
      "type": "trend",
      "contains": "time"
    },
    "http_req_duration{expected_response:true}": {
      "values": {
        "min": 2.486888,
        "max": 55.79216,
        "p(95)": 4.6958462999999995,
        "count": 1000,
        "avg": 3.5535264310000034,
        "med": 3.3485104999999997,
        "p(50)": 3.3485104999999997,
        "p(90)": 4.2192406,
        "p(99)": 5.79932895,
        "p(99.99)": 51.594581680098
      },
      "type": "trend",
      "contains": "time"
    },
    "checks": {
      "type": "rate",
      "contains": "default",
      "values": {
        "rate": 1,
        "passes": 1000,
        "fails": 0
      }
    },
    "http_req_duration": {
      "type": "trend",
      "contains": "time",
      "values": {
        "min": 2.486888,
        "med": 3.3485104999999997,
        "max": 55.79216,
        "p(50)": 3.3485104999999997,
        "p(90)": 4.2192406,
        "p(99)": 5.79932895,
        "count": 1000,
        "avg": 3.5535264310000034,
        "p(99.99)": 51.594581680098,
        "p(95)": 4.6958462999999995
      }
    },
    "iterations": {
      "values": {
        "count": 1000,
        "rate": 257.893206224209
      },
      "type": "counter",
      "contains": "default"
    },
    "http_reqs": {
      "type": "counter",
      "contains": "default",
      "values": {
        "count": 1000,
        "rate": 257.893206224209
      }
    },
    "data_sent": {
      "type": "counter",
      "contains": "data",
      "values": {
        "count": 391000,
        "rate": 100836.24363366573
      }
    },
    "http_req_failed": {
      "type": "rate",
      "contains": "default",
      "values": {
        "passes": 0,
        "fails": 1000,
        "rate": 0
      }
    },
    "response_size": {
      "type": "trend",
      "contains": "default",
      "values": {
        "p(95)": 63960,
        "p(99)": 63960,
        "count": 1000,
        "avg": 63960,
        "max": 63960,
        "p(90)": 63960,
        "p(99.99)": 63960,
        "min": 63960,
        "med": 63960,
        "p(50)": 63960
      }
    },
    "response_time": {
      "type": "trend",
      "contains": "default",
      "values": {
        "min": 2.486888,
        "max": 55.79216,
        "p(50)": 3.3485104999999997,
        "p(90)": 4.2192406,
        "p(95)": 4.6958462999999995,
        "avg": 3.5535264310000034,
        "med": 3.3485104999999997,
        "p(99)": 5.79932895,
        "p(99.99)": 51.594581680098,
        "count": 1000
      }
    },
    "reponse_size_body": {
      "type": "trend",
      "contains": "default",
      "values": {
        "min": 63579,
        "max": 63579,
        "p(90)": 63579,
        "p(95)": 63579,
        "p(99)": 63579,
        "count": 1000,
        "avg": 63579,
        "med": 63579,
        "p(50)": 63579,
        "p(99.99)": 63579
      }
    },
    "vus": {
      "type": "gauge",
      "contains": "default",
      "values": {
        "value": 1,
        "min": 1,
        "max": 1
      }
    },
    "data_received": {
      "type": "counter",
      "contains": "data",
      "values": {
        "count": 64110812,
        "rate": 16533742.860317495
      }
    },
    "iteration_duration": {
      "type": "trend",
      "contains": "time",
      "values": {
        "avg": 3.8566726329999965,
        "p(50)": 3.6521885000000003,
        "count": 1000,
        "p(99)": 6.08560961,
        "p(99.99)": 52.106019283698025,
        "min": 2.727408,
        "med": 3.6521885000000003,
        "max": 56.238866,
        "p(90)": 4.5720498,
        "p(95)": 4.9985911
      }
    }
  },
  "root_group": {
    "name": "",
    "path": "",
    "id": "d41d8cd98f00b204e9800998ecf8427e",
    "groups": [],
    "checks": [
        {
          "passes": 1000,
          "fails": 0,
          "name": "is status 200",
          "path": "::is status 200",
          "id": "548d37ca5f33793206f7832e7cea54fb"
        }
      ]
  }
}