{
  "options": {
    "summaryTrendStats": [
      "avg",
      "min",
      "med",
      "max",
      "p(50)",
      "p(90)",
      "p(95)",
      "p(99)",
      "p(99.99)",
      "count"
    ],
    "summaryTimeUnit": "ms",
    "noColor": false
  },
  "state": {
    "isStdOutTTY": false,
    "isStdErrTTY": false,
    "testRunDurationMs": 26990.311884
  },
  "metrics": {
    "response_size": {
      "type": "trend",
      "contains": "default",
      "values": {
        "min": 1059,
        "med": 1111,
        "p(50)": 1111,
        "count": 10000,
        "avg": 1110.48,
        "p(90)": 1111,
        "p(95)": 1111,
        "p(99)": 1111,
        "p(99.99)": 1111,
        "max": 1111
      }
    },
    "http_reqs": {
      "type": "counter",
      "contains": "default",
      "values": {
        "count": 10000,
        "rate": 370.503314040178
      }
    },
    "http_req_duration": {
      "type": "trend",
      "contains": "time",
      "values": {
        "max": 40.305439,
        "count": 10000,
        "avg": 2.4747822102999946,
        "min": 0.917738,
        "med": 1.7842655,
        "p(50)": 1.7842655,
        "p(90)": 2.5728409,
        "p(95)": 3.36221295,
        "p(99)": 28.74291867,
        "p(99.99)": 40.00576797009979
      }
    },
    "http_req_receiving": {
      "contains": "time",
      "values": {
        "min": 0.025784,
        "p(95)": 0.13278414999999982,
        "count": 10000,
        "avg": 0.12588857670000012,
        "med": 0.065626,
        "max": 34.584279,
        "p(50)": 0.065626,
        "p(90)": 0.0995945,
        "p(99)": 0.40572230000000054,
        "p(99.99)": 33.51089934869924
      },
      "type": "trend"
    },
    "reponse_size_body": {
      "type": "trend",
      "contains": "default",
      "values": {
        "p(95)": 609,
        "count": 10000,
        "min": 609,
        "med": 609,
        "max": 609,
        "p(90)": 609,
        "avg": 609,
        "p(50)": 609,
        "p(99)": 609,
        "p(99.99)": 609
      }
    },
    "response_time": {
      "type": "trend",
      "contains": "default",
      "values": {
        "p(99)": 28.74291867,
        "p(99.99)": 40.00576797009979,
        "count": 10000,
        "min": 0.917738,
        "max": 40.305439,
        "p(50)": 1.7842655,
        "p(95)": 3.36221295,
        "avg": 2.4747822102999946,
        "med": 1.7842655,
        "p(90)": 2.5728409
      }
    },
    "iteration_duration": {
      "type": "trend",
      "contains": "time",
      "values": {
        "p(99.99)": 40.28020552349977,
        "min": 1.024754,
        "p(50)": 1.9822195,
        "p(90)": 2.8127958,
        "p(95)": 3.6574088999999996,
        "p(99)": 29.018053810000012,
        "count": 10000,
        "avg": 2.6819968844000037,
        "med": 1.9822195,
        "max": 40.615407
      }
    },
    "vus": {
      "type": "gauge",
      "contains": "default",
      "values": {
        "value": 1,
        "min": 1,
        "max": 1
      }
    },
    "http_req_duration{expected_response:true}": {
      "type": "trend",
      "contains": "time",
      "values": {
        "max": 40.305439,
        "p(90)": 2.5728409,
        "p(99)": 28.74291867,
        "p(99.99)": 40.00576797009979,
        "avg": 2.4747822102999946,
        "min": 0.917738,
        "med": 1.7842655,
        "p(50)": 1.7842655,
        "p(95)": 3.36221295,
        "count": 10000
      }
    },
    "checks": {
      "type": "rate",
      "contains": "default",
      "values": {
        "rate": 1,
        "passes": 10000,
        "fails": 0
      }
    },
    "vus_max": {
      "values": {
        "value": 1,
        "min": 1,
        "max": 1
      },
      "type": "gauge",
      "contains": "default"
    },
    "http_req_blocked": {
      "type": "trend",
      "contains": "time",
      "values": {
        "max": 0.680699,
        "p(50)": 0.004643,
        "p(95)": 0.0077830999999999985,
        "p(99)": 0.18453682000000135,
        "count": 10000,
        "med": 0.004643,
        "min": 0.001824,
        "p(90)": 0.006495300000000001,
        "p(99.99)": 0.4372243498998278,
        "avg": 0.007564171100000007
      }
    },
    "http_req_tls_handshaking": {
      "type": "trend",
      "contains": "time",
      "values": {
        "max": 0,
        "p(95)": 0,
        "count": 10000,
        "min": 0,
        "med": 0,
        "p(50)": 0,
        "p(90)": 0,
        "p(99)": 0,
        "p(99.99)": 0,
        "avg": 0
      }
    },
    "http_req_sending": {
      "type": "trend",
      "contains": "time",
      "values": {
        "min": 0.005752,
        "max": 0.739302,
        "p(50)": 0.017583,
        "p(99)": 0.06176351000000008,
        "p(99.99)": 0.4194839849997738,
        "avg": 0.019387148100000133,
        "med": 0.017583,
        "p(90)": 0.024652,
        "p(95)": 0.02972054999999999,
        "count": 10000
      }
    },
    "http_req_failed": {
      "type": "rate",
      "contains": "default",
      "values": {
        "rate": 0,
        "passes": 0,
        "fails": 10000
      }
    },
    "data_sent": {
      "contains": "data",
      "values": {
        "count": 4090000,
        "rate": 151535.8554424328
      },
      "type": "counter"
    },
    "iterations": {
      "values": {
        "count": 10000,
        "rate": 370.503314040178
      },
      "type": "counter",
      "contains": "default"
    },
    "http_req_waiting": {
      "contains": "time",
      "values": {
        "avg": 2.3295064854999916,
        "med": 1.6917875,
        "max": 40.029662,
        "p(50)": 1.6917875,
        "p(95)": 3.1764514,
        "p(99)": 27.384656030000034,
        "min": 0.842101,
        "p(90)": 2.4132608,
        "p(99.99)": 39.81250271809984,
        "count": 10000
      },
      "type": "trend"
    },
    "http_req_connecting": {
      "type": "trend",
      "contains": "time",
      "values": {
        "med": 0,
        "max": 0.6051,
        "p(95)": 0,
        "p(99)": 0.0011463000000250213,
        "p(99.99)": 0.2846460485997733,
        "count": 10000,
        "min": 0,
        "p(50)": 0,
        "p(90)": 0,
        "avg": 0.0016959260999999995
      }
    },
    "data_received": {
      "type": "counter",
      "contains": "data",
      "values": {
        "count": 11547100,
        "rate": 427823.8817553339
      }
    }
  },
  "root_group": {
    "path": "",
    "id": "d41d8cd98f00b204e9800998ecf8427e",
    "groups": [],
    "checks": [
        {
          "name": "is status 200",
          "path": "::is status 200",
          "id": "548d37ca5f33793206f7832e7cea54fb",
          "passes": 10000,
          "fails": 0
        }
      ],
    "name": ""
  }
}