{
  "root_group": {
    "name": "",
    "path": "",
    "id": "d41d8cd98f00b204e9800998ecf8427e",
    "groups": [],
    "checks": [
        {
          "name": "status is 200",
          "path": "::status is 200",
          "id": "6210a8cd14cd70477eba5c5e4cb3fb5f",
          "passes": 10000,
          "fails": 0
        }
      ]
  },
  "options": {
    "summaryTrendStats": [
      "avg",
      "min",
      "med",
      "max",
      "p(50)",
      "p(90)",
      "p(95)",
      "p(99)",
      "p(99.99)",
      "count"
    ],
    "summaryTimeUnit": "ms",
    "noColor": false
  },
  "state": {
    "isStdOutTTY": false,
    "isStdErrTTY": false,
    "testRunDurationMs": 1200471.583211
  },
  "metrics": {
    "vus": {
      "type": "gauge",
      "contains": "default",
      "values": {
        "value": 1,
        "min": 1,
        "max": 1
      }
    },
    "http_req_failed": {
      "contains": "default",
      "values": {
        "rate": 0,
        "passes": 0,
        "fails": 10000
      },
      "type": "rate"
    },
    "http_req_connecting": {
      "values": {
        "max": 0.280085,
        "p(90)": 0,
        "count": 10000,
        "avg": 0.000028008499999999998,
        "med": 0,
        "p(95)": 0,
        "p(99)": 0,
        "p(99.99)": 0.00002800849980191742,
        "min": 0,
        "p(50)": 0
      },
      "type": "trend",
      "contains": "time"
    },
    "checks": {
      "type": "rate",
      "contains": "default",
      "values": {
        "rate": 1,
        "passes": 10000,
        "fails": 0
      }
    },
    "data_sent": {
      "type": "counter",
      "contains": "data",
      "values": {
        "count": 4850000,
        "rate": 4040.078972154681
      }
    },
    "http_req_blocked": {
      "type": "trend",
      "contains": "time",
      "values": {
        "p(90)": 0.007169300000000001,
        "p(95)": 0.010553999999999985,
        "p(99)": 0.028316070000000002,
        "p(99.99)": 0.2018748465998667,
        "min": 0.00228,
        "med": 0.0044795,
        "p(50)": 0.0044795,
        "count": 10000,
        "avg": 0.005802262400000001,
        "max": 0.390322
      }
    },
    "http_req_waiting": {
      "values": {
        "p(95)": 140.63022249999997,
        "avg": 119.17530036160002,
        "min": 104.650132,
        "max": 502.444682,
        "p(50)": 114.7098625,
        "p(90)": 137.9925743,
        "med": 114.7098625,
        "p(99)": 147.03643750999998,
        "p(99.99)": 325.33020221917474,
        "count": 10000
      },
      "type": "trend",
      "contains": "time"
    },
    "data_received": {
      "contains": "data",
      "values": {
        "count": 6845612,
        "rate": 5702.43568922263
      },
      "type": "counter"
    },
    "response_time": {
      "type": "trend",
      "contains": "default",
      "values": {
        "med": 114.926796,
        "p(90)": 138.1556844,
        "p(99)": 147.14012055,
        "p(99.99)": 325.4283500278747,
        "count": 10000,
        "avg": 119.37825277670001,
        "min": 104.792218,
        "max": 502.550916,
        "p(50)": 114.926796,
        "p(95)": 140.78290905
      }
    },
    "iteration_duration": {
      "contains": "time",
      "values": {
        "avg": 120.02324233019978,
        "max": 503.110336,
        "p(99)": 147.78216666,
        "p(99.99)": 325.8270341030746,
        "min": 105.410693,
        "med": 115.6042845,
        "p(50)": 115.6042845,
        "p(90)": 138.8184951,
        "p(95)": 141.43860095,
        "count": 10000
      },
      "type": "trend"
    },
    "reponse_size": {
      "type": "trend",
      "contains": "default",
      "values": {
        "med": 98,
        "max": 98,
        "p(50)": 98,
        "p(90)": 98,
        "p(95)": 98,
        "p(99)": 98,
        "p(99.99)": 98,
        "count": 10000,
        "avg": 97.856,
        "min": 97
      }
    },
    "http_reqs": {
      "type": "counter",
      "contains": "default",
      "values": {
        "count": 10000,
        "rate": 8.330059736401404
      }
    },
    "http_req_receiving": {
      "type": "trend",
      "contains": "time",
      "values": {
        "count": 10000,
        "max": 27.006904,
        "min": 0.044522,
        "med": 0.1045735,
        "p(50)": 0.1045735,
        "p(90)": 0.1505212,
        "p(95)": 0.2264747499999998,
        "p(99)": 0.42856533,
        "p(99.99)": 26.680135680099767,
        "avg": 0.17473505579999984
      }
    },
    "http_req_duration{expected_response:true}": {
      "type": "trend",
      "contains": "time",
      "values": {
        "max": 502.550916,
        "p(99)": 147.14012055,
        "p(95)": 140.78290905,
        "p(99.99)": 325.4283500278747,
        "count": 10000,
        "avg": 119.37825277670001,
        "min": 104.792218,
        "med": 114.926796,
        "p(50)": 114.926796,
        "p(90)": 138.1556844
      }
    },
    "http_req_duration": {
      "contains": "time",
      "values": {
        "p(50)": 114.926796,
        "p(99)": 147.14012055,
        "min": 104.792218,
        "med": 114.926796,
        "p(90)": 138.1556844,
        "p(95)": 140.78290905,
        "p(99.99)": 325.4283500278747,
        "count": 10000,
        "avg": 119.37825277670001,
        "max": 502.550916
      },
      "type": "trend"
    },
    "iterations": {
      "type": "counter",
      "contains": "default",
      "values": {
        "count": 10000,
        "rate": 8.330059736401404
      }
    },
    "http_req_tls_handshaking": {
      "type": "trend",
      "contains": "time",
      "values": {
        "p(50)": 0,
        "p(99)": 0,
        "count": 10000,
        "p(90)": 0,
        "p(95)": 0,
        "p(99.99)": 0,
        "avg": 0,
        "min": 0,
        "med": 0,
        "max": 0
      }
    },
    "http_req_sending": {
      "type": "trend",
      "contains": "time",
      "values": {
        "med": 0.0216865,
        "max": 0.49071,
        "p(50)": 0.0216865,
        "p(99.99)": 0.47661041009999006,
        "count": 10000,
        "avg": 0.028217359300000033,
        "min": 0.012211,
        "p(90)": 0.036450100000000006,
        "p(95)": 0.054723599999999976,
        "p(99)": 0.15145041000000006
      }
    },
    "vus_max": {
      "type": "gauge",
      "contains": "default",
      "values": {
        "value": 1,
        "min": 1,
        "max": 1
      }
    }
  }
}