{
  "root_group": {
    "checks": [
      {
        "passes": 1000,
        "fails": 0,
        "name": "is status 200",
        "path": "::is status 200",
        "id": "548d37ca5f33793206f7832e7cea54fb"
      }
    ],
    "name": "",
    "path": "",
    "id": "d41d8cd98f00b204e9800998ecf8427e",
    "groups": []
  },
  "options": {
    "summaryTimeUnit": "ms",
    "noColor": false,
    "summaryTrendStats": [
      "avg",
      "min",
      "med",
      "max",
      "p(50)",
      "p(90)",
      "p(95)",
      "p(99)",
      "p(99.99)",
      "count"
    ]
  },
  "state": {
    "isStdOutTTY": false,
    "isStdErrTTY": false,
    "testRunDurationMs": 4012.878081
  },
  "metrics": {
    "http_req_blocked": {
      "type": "trend",
      "contains": "time",
      "values": {
        "avg": 0.007071621999999995,
        "med": 0.006068,
        "p(50)": 0.006068,
        "p(95)": 0.01034155,
        "p(99)": 0.017391679999999996,
        "p(99.99)": 0.3415631808999908,
        "count": 1000,
        "min": 0.00317,
        "max": 0.360625,
        "p(90)": 0.008919100000000001
      }
    },
    "iteration_duration": {
      "values": {
        "p(99.99)": 32.17940806919984,
        "avg": 3.9911399589999963,
        "min": 2.681021,
        "med": 3.783481,
        "max": 32.522334,
        "p(50)": 3.783481,
        "p(90)": 4.806733100000001,
        "p(95)": 5.330888549999998,
        "p(99)": 6.639634459999997,
        "count": 1000
      },
      "type": "trend",
      "contains": "time"
    },
    "vus_max": {
      "type": "gauge",
      "contains": "default",
      "values": {
        "value": 1,
        "min": 1,
        "max": 1
      }
    },
    "http_reqs": {
      "values": {
        "rate": 249.19770294910188,
        "count": 1000
      },
      "type": "counter",
      "contains": "default"
    },
    "http_req_connecting": {
      "type": "trend",
      "contains": "time",
      "values": {
        "min": 0,
        "med": 0,
        "max": 0.223514,
        "p(95)": 0,
        "p(99)": 0,
        "count": 1000,
        "avg": 0.000223514,
        "p(50)": 0,
        "p(90)": 0,
        "p(99.99)": 0.2011849513999893
      }
    },
    "http_req_waiting": {
      "type": "trend",
      "contains": "time",
      "values": {
        "med": 2.945145,
        "p(99.99)": 11.78848561509995,
        "count": 1000,
        "avg": 3.0666210229999984,
        "min": 1.984927,
        "max": 11.897092,
        "p(50)": 2.945145,
        "p(90)": 3.7293903999999998,
        "p(95)": 4.0153380499999995,
        "p(99)": 5.314780499999999
      }
    },
    "http_req_sending": {
      "type": "trend",
      "contains": "time",
      "values": {
        "p(95)": 0.03526284999999999,
        "p(99)": 0.062471159999999984,
        "avg": 0.025099700000000044,
        "min": 0.009779,
        "med": 0.0234615,
        "max": 0.275902,
        "p(50)": 0.0234615,
        "p(90)": 0.0319162,
        "p(99.99)": 0.2639896242999943,
        "count": 1000
      }
    },
    "http_req_failed": {
      "type": "rate",
      "contains": "default",
      "values": {
        "rate": 0,
        "passes": 0,
        "fails": 1000
      }
    },
    "response_size": {
      "type": "trend",
      "contains": "default",
      "values": {
        "p(99)": 63944,
        "count": 1000,
        "avg": 63944,
        "med": 63944,
        "max": 63944,
        "p(50)": 63944,
        "p(90)": 63944,
        "p(95)": 63944,
        "p(99.99)": 63944,
        "min": 63944
      }
    },
    "iterations": {
      "type": "counter",
      "contains": "default",
      "values": {
        "count": 1000,
        "rate": 249.19770294910188
      }
    },
    "vus": {
      "type": "gauge",
      "contains": "default",
      "values": {
        "value": 1,
        "min": 1,
        "max": 1
      }
    },
    "http_req_duration": {
      "type": "trend",
      "contains": "time",
      "values": {
        "min": 2.431354,
        "max": 32.177622,
        "p(50)": 3.4694855000000002,
        "p(90)": 4.4260129,
        "avg": 3.673715742000005,
        "med": 3.4694855000000002,
        "p(95)": 4.930286099999999,
        "p(99)": 6.170622169999999,
        "p(99.99)": 31.82057470469983,
        "count": 1000
      }
    },
    "http_req_receiving": {
      "type": "trend",
      "contains": "time",
      "values": {
        "avg": 0.5819950190000012,
        "med": 0.4771075,
        "count": 1000,
        "p(95)": 0.8931668999999999,
        "p(99)": 1.9888496199999997,
        "p(99.99)": 29.111652434499835,
        "min": 0.110358,
        "max": 29.459239,
        "p(50)": 0.4771075,
        "p(90)": 0.7641112000000001
      }
    },
    "checks": {
      "values": {
        "rate": 1,
        "passes": 1000,
        "fails": 0
      },
      "type": "rate",
      "contains": "default"
    },
    "http_req_duration{expected_response:true}": {
      "type": "trend",
      "contains": "time",
      "values": {
        "med": 3.4694855000000002,
        "p(95)": 4.930286099999999,
        "p(99)": 6.170622169999999,
        "count": 1000,
        "avg": 3.673715742000005,
        "min": 2.431354,
        "p(90)": 4.4260129,
        "p(99.99)": 31.82057470469983,
        "max": 32.177622,
        "p(50)": 3.4694855000000002
      }
    },
    "reponse_size_body": {
      "type": "trend",
      "contains": "default",
      "values": {
        "avg": 63563,
        "med": 63563,
        "max": 63563,
        "p(99)": 63563,
        "count": 1000,
        "min": 63563,
        "p(50)": 63563,
        "p(90)": 63563,
        "p(95)": 63563,
        "p(99.99)": 63563
      }
    },
    "response_time": {
      "type": "trend",
      "contains": "default",
      "values": {
        "p(99.99)": 31.82057470469983,
        "count": 1000,
        "avg": 3.673715742000005,
        "min": 2.431354,
        "max": 32.177622,
        "p(95)": 4.930286099999999,
        "p(99)": 6.170622169999999,
        "med": 3.4694855000000002,
        "p(50)": 3.4694855000000002,
        "p(90)": 4.4260129
      }
    },
    "http_req_tls_handshaking": {
      "type": "trend",
      "contains": "time",
      "values": {
        "p(99)": 0,
        "count": 1000,
        "avg": 0,
        "min": 0,
        "p(95)": 0,
        "p(90)": 0,
        "p(99.99)": 0,
        "med": 0,
        "max": 0,
        "p(50)": 0
      }
    },
    "data_sent": {
      "type": "counter",
      "contains": "data",
      "values": {
        "count": 391000,
        "rate": 97436.30185309883
      }
    },
    "data_received": {
      "type": "counter",
      "contains": "data",
      "values": {
        "count": 64095316,
        "rate": 15972405.516996816
      }
    }
  }
}