{
  "root_group": {
    "name": "",
    "path": "",
    "id": "d41d8cd98f00b204e9800998ecf8427e",
    "groups": [],
    "checks": [
        {
          "fails": 0,
          "name": "status is 200",
          "path": "::status is 200",
          "id": "6210a8cd14cd70477eba5c5e4cb3fb5f",
          "passes": 1000
        }
      ]
  },
  "options": {
    "summaryTrendStats": [
      "avg",
      "min",
      "med",
      "max",
      "p(50)",
      "p(90)",
      "p(95)",
      "p(99)",
      "p(99.99)",
      "count"
    ],
    "summaryTimeUnit": "ms",
    "noColor": false
  },
  "state": {
    "isStdErrTTY": false,
    "testRunDurationMs": 89021.501954,
    "isStdOutTTY": false
  },
  "metrics": {
    "reponse_size": {
      "contains": "default",
      "values": {
        "p(99)": 97,
        "count": 1000,
        "med": 97,
        "max": 97,
        "p(90)": 97,
        "p(95)": 97,
        "p(99.99)": 97,
        "avg": 97,
        "min": 97,
        "p(50)": 97
      },
      "type": "trend"
    },
    "data_received": {
      "type": "counter",
      "contains": "data",
      "values": {
        "count": 683796,
        "rate": 7681.245373205872
      }
    },
    "vus_max": {
      "type": "gauge",
      "contains": "default",
      "values": {
        "value": 1,
        "min": 1,
        "max": 1
      }
    },
    "response_time": {
      "type": "trend",
      "contains": "default",
      "values": {
        "p(95)": 99.69942594999999,
        "med": 89.0342205,
        "min": 60.866403,
        "max": 274.88926,
        "p(50)": 89.0342205,
        "p(90)": 95.078094,
        "p(99)": 157.14746916,
        "p(99.99)": 273.73935125979943,
        "count": 1000,
        "avg": 88.36576171699988
      }
    },
    "http_req_waiting": {
      "type": "trend",
      "contains": "time",
      "values": {
        "min": 60.702116,
        "med": 88.861749,
        "p(90)": 94.9101833,
        "p(99)": 157.03039757999997,
        "p(99.99)": 273.30074200729945,
        "count": 1000,
        "avg": 88.126814495,
        "p(50)": 88.861749,
        "p(95)": 99.58507759999999,
        "max": 274.417931
      }
    },
    "http_req_duration": {
      "type": "trend",
      "contains": "time",
      "values": {
        "avg": 88.36576171699988,
        "min": 60.866403,
        "med": 89.0342205,
        "p(95)": 99.69942594999999,
        "p(99.99)": 273.73935125979943,
        "count": 1000,
        "max": 274.88926,
        "p(50)": 89.0342205,
        "p(90)": 95.078094,
        "p(99)": 157.14746916
      }
    },
    "http_req_duration{expected_response:true}": {
      "type": "trend",
      "contains": "time",
      "values": {
        "count": 1000,
        "min": 60.866403,
        "med": 89.0342205,
        "p(50)": 89.0342205,
        "p(90)": 95.078094,
        "p(95)": 99.69942594999999,
        "p(99.99)": 273.73935125979943,
        "avg": 88.36576171699988,
        "max": 274.88926,
        "p(99)": 157.14746916
      }
    },
    "http_req_tls_handshaking": {
      "type": "trend",
      "contains": "time",
      "values": {
        "avg": 0,
        "count": 1000,
        "p(90)": 0,
        "p(95)": 0,
        "p(99)": 0,
        "p(99.99)": 0,
        "min": 0,
        "med": 0,
        "max": 0,
        "p(50)": 0
      }
    },
    "data_sent": {
      "type": "counter",
      "contains": "data",
      "values": {
        "count": 485000,
        "rate": 5448.121963282687
      }
    },
    "vus": {
      "type": "gauge",
      "contains": "default",
      "values": {
        "value": 1,
        "min": 1,
        "max": 1
      }
    },
    "http_req_sending": {
      "type": "trend",
      "contains": "time",
      "values": {
        "p(95)": 0.044754499999999996,
        "count": 1000,
        "avg": 0.026098929999999985,
        "min": 0.012706,
        "med": 0.021269,
        "max": 0.235694,
        "p(50)": 0.021269,
        "p(90)": 0.0351151,
        "p(99)": 0.11432729999999999,
        "p(99.99)": 0.2344728223999994
      }
    },
    "iteration_duration": {
      "type": "trend",
      "contains": "time",
      "values": {
        "p(99.99)": 274.42523178629943,
        "med": 89.672924,
        "max": 275.58216,
        "p(50)": 89.672924,
        "p(95)": 100.37203749999999,
        "p(99)": 157.8714468,
        "count": 1000,
        "avg": 88.99664668899986,
        "min": 61.354469,
        "p(90)": 95.7412535
      }
    },
    "http_req_receiving": {
      "type": "trend",
      "contains": "time",
      "values": {
        "p(99)": 0.6788474799999998,
        "avg": 0.21284829200000013,
        "min": 0.048913,
        "med": 0.100163,
        "max": 24.436157,
        "p(50)": 0.100163,
        "p(90)": 0.15960290000000005,
        "p(95)": 0.2474003999999998,
        "count": 1000,
        "p(99.99)": 24.20985382969989
      }
    },
    "http_req_connecting": {
      "contains": "time",
      "values": {
        "p(99)": 0,
        "count": 1000,
        "max": 0.235133,
        "min": 0,
        "med": 0,
        "p(50)": 0,
        "p(90)": 0,
        "p(95)": 0,
        "p(99.99)": 0.21164321329998875,
        "avg": 0.000235133
      },
      "type": "trend"
    },
    "checks": {
      "type": "rate",
      "contains": "default",
      "values": {
        "rate": 1,
        "passes": 1000,
        "fails": 0
      }
    },
    "iterations": {
      "values": {
        "count": 1000,
        "rate": 11.233241161407602
      },
      "type": "counter",
      "contains": "default"
    },
    "http_req_blocked": {
      "type": "trend",
      "contains": "time",
      "values": {
        "min": 0.002292,
        "p(50)": 0.004356,
        "p(95)": 0.008561899999999999,
        "p(99.99)": 0.30993806409998703,
        "count": 1000,
        "avg": 0.005480604000000007,
        "med": 0.004356,
        "max": 0.337075,
        "p(90)": 0.006537700000000002,
        "p(99)": 0.026335719999999983
      }
    },
    "http_reqs": {
      "type": "counter",
      "contains": "default",
      "values": {
        "count": 1000,
        "rate": 11.233241161407602
      }
    },
    "http_req_failed": {
      "type": "rate",
      "contains": "default",
      "values": {
        "rate": 0,
        "passes": 0,
        "fails": 1000
      }
    }
  }
}