{
  "root_group": {
    "groups": [],
    "checks": [
        {
          "path": "::status is 200",
          "id": "6210a8cd14cd70477eba5c5e4cb3fb5f",
          "passes": 1000,
          "fails": 0,
          "name": "status is 200"
        }
      ],
    "name": "",
    "path": "",
    "id": "d41d8cd98f00b204e9800998ecf8427e"
  },
  "options": {
    "summaryTrendStats": [
      "avg",
      "min",
      "med",
      "max",
      "p(50)",
      "p(90)",
      "p(95)",
      "p(99)",
      "p(99.99)",
      "count"
    ],
    "summaryTimeUnit": "ms",
    "noColor": false
  },
  "state": {
    "isStdOutTTY": false,
    "isStdErrTTY": false,
    "testRunDurationMs": 88943.279576
  },
  "metrics": {
    "response_time": {
      "type": "trend",
      "contains": "default",
      "values": {
        "med": 89.57977650000001,
        "avg": 88.28477556099999,
        "min": 60.295876,
        "p(90)": 95.53457350000001,
        "p(95)": 97.90428155,
        "p(99)": 137.7790952399999,
        "p(99.99)": 253.57904695189976,
        "count": 1000,
        "max": 254.055422,
        "p(50)": 89.57977650000001
      }
    },
    "iteration_duration": {
      "type": "trend",
      "contains": "time",
      "values": {
        "avg": 88.91830923399999,
        "med": 90.141906,
        "count": 1000,
        "p(95)": 98.51918845,
        "p(99)": 138.2361142299999,
        "p(99.99)": 254.31806787599976,
        "min": 60.820021,
        "max": 254.810451,
        "p(50)": 90.141906,
        "p(90)": 96.1589328
      }
    },
    "vus": {
      "type": "gauge",
      "contains": "default",
      "values": {
        "max": 1,
        "value": 1,
        "min": 1
      }
    },
    "reponse_size": {
      "type": "trend",
      "contains": "default",
      "values": {
        "avg": 97,
        "med": 97,
        "p(90)": 97,
        "p(99)": 97,
        "p(99.99)": 97,
        "count": 1000,
        "min": 97,
        "max": 97,
        "p(50)": 97,
        "p(95)": 97
      }
    },
    "http_req_waiting": {
      "type": "trend",
      "contains": "time",
      "values": {
        "p(90)": 95.3730311,
        "min": 60.170457,
        "med": 89.423812,
        "max": 253.93526,
        "p(50)": 89.423812,
        "p(95)": 97.7714963,
        "p(99)": 137.68840280999993,
        "p(99.99)": 253.45379254939976,
        "count": 1000,
        "avg": 88.1083185550001
      }
    },
    "http_req_receiving": {
      "type": "trend",
      "contains": "time",
      "values": {
        "min": 0.047399,
        "med": 0.1008995,
        "max": 26.310063,
        "p(50)": 0.1008995,
        "p(90)": 0.1396231,
        "p(95)": 0.17587484999999972,
        "p(99)": 0.3441909099999996,
        "avg": 0.14977011699999998,
        "count": 1000,
        "p(99.99)": 24.364700609699067
      }
    },
    "vus_max": {
      "type": "gauge",
      "contains": "default",
      "values": {
        "max": 1,
        "value": 1,
        "min": 1
      }
    },
    "http_req_tls_handshaking": {
      "type": "trend",
      "contains": "time",
      "values": {
        "p(90)": 0,
        "p(95)": 0,
        "p(99)": 0,
        "count": 1000,
        "avg": 0,
        "min": 0,
        "p(50)": 0,
        "med": 0,
        "max": 0,
        "p(99.99)": 0
      }
    },
    "data_sent": {
      "type": "counter",
      "contains": "data",
      "values": {
        "count": 485000,
        "rate": 5452.913388308091
      }
    },
    "http_req_duration{expected_response:true}": {
      "contains": "time",
      "values": {
        "avg": 88.28477556099999,
        "max": 254.055422,
        "p(95)": 97.90428155,
        "p(99.99)": 253.57904695189976,
        "count": 1000,
        "min": 60.295876,
        "med": 89.57977650000001,
        "p(50)": 89.57977650000001,
        "p(90)": 95.53457350000001,
        "p(99)": 137.7790952399999
      },
      "type": "trend"
    },
    "http_req_failed": {
      "type": "rate",
      "contains": "default",
      "values": {
        "rate": 0,
        "passes": 0,
        "fails": 1000
      }
    },
    "data_received": {
      "type": "counter",
      "contains": "data",
      "values": {
        "count": 683711,
        "rate": 7687.04508378044
      }
    },
    "checks": {
      "contains": "default",
      "values": {
        "rate": 1,
        "passes": 1000,
        "fails": 0
      },
      "type": "rate"
    },
    "iterations": {
      "contains": "default",
      "values": {
        "count": 1000,
        "rate": 11.243120388264106
      },
      "type": "counter"
    },
    "http_reqs": {
      "values": {
        "rate": 11.243120388264106,
        "count": 1000
      },
      "type": "counter",
      "contains": "default"
    },
    "http_req_blocked": {
      "type": "trend",
      "contains": "time",
      "values": {
        "p(90)": 0.0063986,
        "p(95)": 0.00935514999999999,
        "p(99.99)": 0.3341341318999981,
        "count": 1000,
        "avg": 0.005906761999999997,
        "min": 0.00219,
        "med": 0.0043029999999999995,
        "max": 0.338162,
        "p(50)": 0.0043029999999999995,
        "p(99)": 0.032154109999999986
      }
    },
    "http_req_duration": {
      "contains": "time",
      "values": {
        "max": 254.055422,
        "p(90)": 95.53457350000001,
        "p(99)": 137.7790952399999,
        "p(99.99)": 253.57904695189976,
        "avg": 88.28477556099999,
        "min": 60.295876,
        "p(95)": 97.90428155,
        "count": 1000,
        "med": 89.57977650000001,
        "p(50)": 89.57977650000001
      },
      "type": "trend"
    },
    "http_req_connecting": {
      "type": "trend",
      "contains": "time",
      "values": {
        "p(99)": 0,
        "p(99.99)": 0.1657273120999912,
        "count": 1000,
        "med": 0,
        "max": 0.184121,
        "p(90)": 0,
        "p(95)": 0,
        "avg": 0.000184121,
        "min": 0,
        "p(50)": 0
      }
    },
    "http_req_sending": {
      "values": {
        "p(99.99)": 0.3173818812999999,
        "med": 0.021051,
        "max": 0.317563,
        "p(50)": 0.021051,
        "p(95)": 0.04755894999999996,
        "p(99)": 0.16257510999999994,
        "avg": 0.026686889000000016,
        "min": 0.011941,
        "p(90)": 0.03382050000000001,
        "count": 1000
      },
      "type": "trend",
      "contains": "time"
    }
  }
}