{
  "options": {
    "summaryTrendStats": [
      "avg",
      "min",
      "med",
      "max",
      "p(50)",
      "p(90)",
      "p(95)",
      "p(99)",
      "p(99.99)",
      "count"
    ],
    "summaryTimeUnit": "ms",
    "noColor": false
  },
  "state": {
    "isStdErrTTY": false,
    "testRunDurationMs": 20631.244297,
    "isStdOutTTY": false
  },
  "metrics": {
    "data_received": {
      "type": "counter",
      "contains": "data",
      "values": {
        "count": 658215,
        "rate": 31903.795550310624
      }
    },
    "http_req_connecting": {
      "type": "trend",
      "contains": "time",
      "values": {
        "count": 1000,
        "med": 0,
        "max": 0.271482,
        "p(90)": 0,
        "p(99)": 0,
        "p(99.99)": 0.24436094819998702,
        "avg": 0.00027148200000000003,
        "min": 0,
        "p(50)": 0,
        "p(95)": 0
      }
    },
    "iterations": {
      "type": "counter",
      "contains": "default",
      "values": {
        "count": 1000,
        "rate": 48.47017395579047
      }
    },
    "reponse_size": {
      "type": "trend",
      "contains": "default",
      "values": {
        "max": 206,
        "p(50)": 206,
        "p(95)": 206,
        "p(99.99)": 206,
        "count": 1000,
        "avg": 205.771,
        "min": 204,
        "med": 206,
        "p(90)": 206,
        "p(99)": 206
      }
    },
    "http_req_duration": {
      "type": "trend",
      "contains": "time",
      "values": {
        "min": 13.530019,
        "med": 16.765041500000002,
        "max": 102.952952,
        "p(50)": 16.765041500000002,
        "p(99.99)": 102.66603670249987,
        "avg": 20.31951364699996,
        "p(90)": 31.794329400000002,
        "p(95)": 34.84023405,
        "p(99)": 67.03534794999996,
        "count": 1000
      }
    },
    "data_sent": {
      "type": "counter",
      "contains": "data",
      "values": {
        "count": 491000,
        "rate": 23798.85541229312
      }
    },
    "iteration_duration": {
      "type": "trend",
      "contains": "time",
      "values": {
        "max": 103.224856,
        "p(50)": 17.0486885,
        "p(95)": 35.1327321,
        "min": 13.760992,
        "med": 17.0486885,
        "p(90)": 32.136927899999996,
        "p(99)": 67.30352077999996,
        "p(99.99)": 102.93896158059987,
        "count": 1000,
        "avg": 20.61189691199998
      }
    },
    "vus_max": {
      "contains": "default",
      "values": {
        "value": 1,
        "min": 1,
        "max": 1
      },
      "type": "gauge"
    },
    "http_req_tls_handshaking": {
      "type": "trend",
      "contains": "time",
      "values": {
        "min": 0,
        "med": 0,
        "max": 0,
        "p(50)": 0,
        "p(90)": 0,
        "p(99)": 0,
        "p(99.99)": 0,
        "avg": 0,
        "count": 1000,
        "p(95)": 0
      }
    },
    "http_req_waiting": {
      "type": "trend",
      "contains": "time",
      "values": {
        "p(90)": 31.512261600000002,
        "p(95)": 34.574803,
        "avg": 20.17632067799999,
        "min": 13.443987,
        "p(50)": 16.648367999999998,
        "p(99.99)": 102.57156056959985,
        "count": 1000,
        "med": 16.648367999999998,
        "max": 102.858443,
        "p(99)": 66.90864765999996
      }
    },
    "http_req_blocked": {
      "type": "trend",
      "contains": "time",
      "values": {
        "min": 0.002383,
        "max": 0.378074,
        "p(50)": 0.0040295,
        "p(99.99)": 0.34708791709998515,
        "avg": 0.004955986000000011,
        "med": 0.0040295,
        "p(90)": 0.0055567,
        "p(95)": 0.009020299999999995,
        "p(99)": 0.01555327999999999,
        "count": 1000
      }
    },
    "http_req_sending": {
      "type": "trend",
      "contains": "time",
      "values": {
        "med": 0.020294,
        "max": 0.388108,
        "p(95)": 0.03277215,
        "p(99.99)": 0.3737344878999931,
        "p(99)": 0.06393722999999997,
        "count": 1000,
        "avg": 0.023127536000000014,
        "min": 0.012121,
        "p(50)": 0.020294,
        "p(90)": 0.028611300000000003
      }
    },
    "vus": {
      "type": "gauge",
      "contains": "default",
      "values": {
        "value": 1,
        "min": 1,
        "max": 1
      }
    },
    "http_req_duration{expected_response:true}": {
      "values": {
        "avg": 20.31951364699996,
        "min": 13.530019,
        "p(95)": 34.84023405,
        "p(99)": 67.03534794999996,
        "count": 1000,
        "med": 16.765041500000002,
        "max": 102.952952,
        "p(50)": 16.765041500000002,
        "p(90)": 31.794329400000002,
        "p(99.99)": 102.66603670249987
      },
      "type": "trend",
      "contains": "time"
    },
    "checks": {
      "type": "rate",
      "contains": "default",
      "values": {
        "rate": 1,
        "passes": 1000,
        "fails": 0
      }
    },
    "http_req_failed": {
      "type": "rate",
      "contains": "default",
      "values": {
        "rate": 0,
        "passes": 0,
        "fails": 1000
      }
    },
    "http_req_receiving": {
      "type": "trend",
      "contains": "time",
      "values": {
        "p(95)": 0.18461794999999984,
        "p(99.99)": 18.202975127599395,
        "count": 1000,
        "avg": 0.12006543300000007,
        "min": 0.046904,
        "med": 0.0787175,
        "p(99)": 0.3678078699999993,
        "max": 19.465439,
        "p(50)": 0.0787175,
        "p(90)": 0.11117690000000001
      }
    },
    "http_reqs": {
      "type": "counter",
      "contains": "default",
      "values": {
        "count": 1000,
        "rate": 48.47017395579047
      }
    },
    "response_time": {
      "type": "trend",
      "contains": "default",
      "values": {
        "avg": 20.31951364699996,
        "min": 13.530019,
        "med": 16.765041500000002,
        "p(99)": 67.03534794999996,
        "count": 1000,
        "max": 102.952952,
        "p(50)": 16.765041500000002,
        "p(90)": 31.794329400000002,
        "p(95)": 34.84023405,
        "p(99.99)": 102.66603670249987
      }
    }
  },
  "root_group": {
    "id": "d41d8cd98f00b204e9800998ecf8427e",
    "groups": [],
    "checks": [
        {
          "path": "::is status 200",
          "id": "548d37ca5f33793206f7832e7cea54fb",
          "passes": 1000,
          "fails": 0,
          "name": "is status 200"
        }
      ],
    "name": "",
    "path": ""
  }
}