{
  "root_group": {
    "path": "",
    "id": "d41d8cd98f00b204e9800998ecf8427e",
    "groups": [],
    "checks": [
        {
          "path": "::is status 200",
          "id": "548d37ca5f33793206f7832e7cea54fb",
          "passes": 10000,
          "fails": 0,
          "name": "is status 200"
        }
      ],
    "name": ""
  },
  "options": {
    "summaryTrendStats": [
      "avg",
      "min",
      "med",
      "max",
      "p(50)",
      "p(90)",
      "p(95)",
      "p(99)",
      "p(99.99)",
      "count"
    ],
    "summaryTimeUnit": "ms",
    "noColor": false
  },
  "state": {
    "isStdOutTTY": false,
    "isStdErrTTY": false,
    "testRunDurationMs": 26493.742554
  },
  "metrics": {
    "response_time": {
      "contains": "default",
      "values": {
        "min": 1.58251,
        "med": 2.1372535,
        "max": 15.442852,
        "p(99.99)": 11.093893939296922,
        "count": 10000,
        "avg": 2.3527848927999964,
        "p(50)": 2.1372535,
        "p(90)": 2.9880981,
        "p(95)": 3.4519956999999994,
        "p(99)": 7.202193090000002
      },
      "type": "trend"
    },
    "http_reqs": {
      "type": "counter",
      "contains": "default",
      "values": {
        "rate": 377.44761728615083,
        "count": 10000
      }
    },
    "http_req_connecting": {
      "type": "trend",
      "contains": "time",
      "values": {
        "p(99)": 0.0009369000000204505,
        "avg": 0.0015978839000000001,
        "min": 0,
        "med": 0,
        "p(90)": 0,
        "count": 10000,
        "max": 0.381759,
        "p(50)": 0,
        "p(95)": 0,
        "p(99.99)": 0.29542263449993894
      }
    },
    "reponse_size_body": {
      "values": {
        "avg": 63582,
        "max": 63582,
        "p(90)": 63582,
        "p(99.99)": 63582,
        "min": 63582,
        "med": 63582,
        "p(50)": 63582,
        "p(95)": 63582,
        "p(99)": 63582,
        "count": 10000
      },
      "type": "trend",
      "contains": "default"
    },
    "iteration_duration": {
      "type": "trend",
      "contains": "time",
      "values": {
        "p(90)": 3.2949077,
        "p(95)": 3.7598963499999996,
        "p(99)": 7.685544910000004,
        "p(99.99)": 11.759764545997047,
        "avg": 2.630799333600003,
        "min": 1.76379,
        "med": 2.4082705000000004,
        "max": 15.934807,
        "p(50)": 2.4082705000000004,
        "count": 10000
      }
    },
    "vus_max": {
      "values": {
        "value": 1,
        "min": 1,
        "max": 1
      },
      "type": "gauge",
      "contains": "default"
    },
    "http_req_duration{expected_response:true}": {
      "type": "trend",
      "contains": "time",
      "values": {
        "med": 2.1372535,
        "p(50)": 2.1372535,
        "p(95)": 3.4519956999999994,
        "p(99.99)": 11.093893939296922,
        "avg": 2.3527848927999964,
        "min": 1.58251,
        "max": 15.442852,
        "p(90)": 2.9880981,
        "p(99)": 7.202193090000002,
        "count": 10000
      }
    },
    "http_req_tls_handshaking": {
      "values": {
        "min": 0,
        "med": 0,
        "p(50)": 0,
        "p(90)": 0,
        "p(95)": 0,
        "p(99)": 0,
        "count": 10000,
        "avg": 0,
        "p(99.99)": 0,
        "max": 0
      },
      "type": "trend",
      "contains": "time"
    },
    "response_size": {
      "type": "trend",
      "contains": "default",
      "values": {
        "p(99)": 63944,
        "count": 10000,
        "med": 63944,
        "max": 63944,
        "p(50)": 63944,
        "p(90)": 63944,
        "p(95)": 63944,
        "avg": 63943.48,
        "min": 63892,
        "p(99.99)": 63944
      }
    },
    "checks": {
      "type": "rate",
      "contains": "default",
      "values": {
        "rate": 1,
        "passes": 10000,
        "fails": 0
      }
    },
    "http_req_waiting": {
      "values": {
        "med": 1.6421865,
        "max": 13.593224,
        "p(99)": 6.660161090000005,
        "p(99.99)": 10.629834368597905,
        "avg": 1.7983655492000052,
        "min": 1.065131,
        "p(50)": 1.6421865,
        "p(90)": 2.1578303,
        "p(95)": 2.5084129999999987,
        "count": 10000
      },
      "type": "trend",
      "contains": "time"
    },
    "http_req_duration": {
      "type": "trend",
      "contains": "time",
      "values": {
        "p(99.99)": 11.093893939296922,
        "count": 10000,
        "avg": 2.3527848927999964,
        "max": 15.442852,
        "p(95)": 3.4519956999999994,
        "p(90)": 2.9880981,
        "p(99)": 7.202193090000002,
        "min": 1.58251,
        "med": 2.1372535,
        "p(50)": 2.1372535
      }
    },
    "http_req_failed": {
      "type": "rate",
      "contains": "default",
      "values": {
        "rate": 0,
        "passes": 0,
        "fails": 10000
      }
    },
    "http_req_blocked": {
      "type": "trend",
      "contains": "time",
      "values": {
        "p(95)": 0.008546549999999991,
        "p(99)": 0.16657716000000242,
        "avg": 0.007792006700000016,
        "min": 0.002386,
        "med": 0.004931,
        "max": 0.457304,
        "p(50)": 0.004931,
        "p(90)": 0.007091,
        "p(99.99)": 0.4074739834999648,
        "count": 10000
      }
    },
    "vus": {
      "type": "gauge",
      "contains": "default",
      "values": {
        "value": 1,
        "min": 1,
        "max": 1
      }
    },
    "data_sent": {
      "contains": "data",
      "values": {
        "count": 3910000,
        "rate": 147582.01835888496
      },
      "type": "counter"
    },
    "data_received": {
      "type": "counter",
      "contains": "data",
      "values": {
        "count": 640487100,
        "rate": 24175032.97975166
      }
    },
    "iterations": {
      "type": "counter",
      "contains": "default",
      "values": {
        "count": 10000,
        "rate": 377.44761728615083
      }
    },
    "http_req_sending": {
      "type": "trend",
      "contains": "time",
      "values": {
        "count": 10000,
        "p(99)": 0.06024971000000001,
        "p(99.99)": 0.3031513927999831,
        "med": 0.020067,
        "max": 0.327077,
        "p(50)": 0.020067,
        "p(90)": 0.025933200000000003,
        "p(95)": 0.03085454999999999,
        "avg": 0.021539755600000057,
        "min": 0.008132
      }
    },
    "http_req_receiving": {
      "values": {
        "p(99.99)": 5.2028780147978075,
        "med": 0.4741425,
        "max": 8.302716,
        "p(50)": 0.4741425,
        "p(95)": 0.8734721999999999,
        "p(99)": 1.994943590000001,
        "avg": 0.5328795879999955,
        "min": 0.089418,
        "p(90)": 0.7412375000000001,
        "count": 10000
      },
      "type": "trend",
      "contains": "time"
    }
  }
}