{
  "state": {
    "isStdOutTTY": false,
    "isStdErrTTY": false,
    "testRunDurationMs": 2351.133236
  },
  "metrics": {
    "vus_max": {
      "contains": "default",
      "values": {
        "value": 1,
        "min": 1,
        "max": 1
      },
      "type": "gauge"
    },
    "iteration_duration": {
      "type": "trend",
      "contains": "time",
      "values": {
        "min": 1.288668,
        "max": 11.305067,
        "p(50)": 2.223845,
        "p(90)": 2.6696214,
        "p(99)": 6.731991559999995,
        "count": 1000,
        "avg": 2.3339174320000002,
        "p(95)": 2.883762,
        "p(99.99)": 11.16135685399993,
        "med": 2.223845
      }
    },
    "vus": {
      "type": "gauge",
      "contains": "default",
      "values": {
        "value": 1,
        "min": 1,
        "max": 1
      }
    },
    "data_sent": {
      "type": "counter",
      "contains": "data",
      "values": {
        "count": 397000,
        "rate": 168854.7437130441
      }
    },
    "data_received": {
      "type": "counter",
      "contains": "data",
      "values": {
        "rate": 9107824.97228073,
        "count": 21413710
      }
    },
    "http_req_failed": {
      "type": "rate",
      "contains": "default",
      "values": {
        "fails": 1000,
        "rate": 0,
        "passes": 0
      }
    },
    "http_req_connecting": {
      "type": "trend",
      "contains": "time",
      "values": {
        "avg": 0.0016444670000000002,
        "max": 0.207702,
        "p(90)": 0,
        "p(95)": 0,
        "p(99)": 0.0013529799999987696,
        "count": 1000,
        "min": 0,
        "med": 0,
        "p(50)": 0,
        "p(99.99)": 0.20653037279999945
      }
    },
    "reponse_size_body": {
      "type": "trend",
      "contains": "default",
      "values": {
        "p(50)": 20849,
        "p(90)": 20849,
        "p(95)": 20849,
        "p(99)": 20849,
        "avg": 20849,
        "min": 20849,
        "med": 20849,
        "max": 20849,
        "p(99.99)": 20849,
        "count": 1000
      }
    },
    "http_reqs": {
      "contains": "default",
      "values": {
        "count": 1000,
        "rate": 425.3268103603126
      },
      "type": "counter"
    },
    "http_req_sending": {
      "type": "trend",
      "contains": "time",
      "values": {
        "p(90)": 0.022840000000000003,
        "p(95)": 0.02800625,
        "p(99.99)": 0.22855801479999577,
        "count": 1000,
        "p(99)": 0.06660969,
        "avg": 0.020291366999999973,
        "min": 0.007529,
        "med": 0.0189745,
        "max": 0.237364,
        "p(50)": 0.0189745
      }
    },
    "http_req_duration{expected_response:true}": {
      "type": "trend",
      "contains": "time",
      "values": {
        "p(50)": 1.9116965000000001,
        "p(99)": 6.434002689999995,
        "p(99.99)": 10.170845010199955,
        "avg": 2.0202540269999996,
        "min": 1.106817,
        "med": 1.9116965000000001,
        "max": 10.262963,
        "p(90)": 2.3319592,
        "p(95)": 2.5340183,
        "count": 1000
      }
    },
    "response_time": {
      "type": "trend",
      "contains": "default",
      "values": {
        "count": 1000,
        "avg": 2.0202540269999996,
        "min": 1.106817,
        "p(90)": 2.3319592,
        "p(95)": 2.5340183,
        "p(99.99)": 10.170845010199955,
        "med": 1.9116965000000001,
        "max": 10.262963,
        "p(50)": 1.9116965000000001,
        "p(99)": 6.434002689999995
      }
    },
    "response_size": {
      "values": {
        "p(95)": 21353,
        "count": 1000,
        "med": 21353,
        "max": 21353,
        "p(50)": 21353,
        "p(90)": 21353,
        "avg": 21352.48,
        "min": 21301,
        "p(99)": 21353,
        "p(99.99)": 21353
      },
      "type": "trend",
      "contains": "default"
    },
    "http_req_receiving": {
      "contains": "time",
      "values": {
        "med": 0.103629,
        "p(50)": 0.103629,
        "p(90)": 0.15863570000000002,
        "p(95)": 0.19620214999999994,
        "p(99.99)": 2.035393677999994,
        "count": 1000,
        "avg": 0.11751968999999993,
        "max": 2.048059,
        "p(99)": 0.3184493299999998,
        "min": 0.04832
      },
      "type": "trend"
    },
    "http_req_blocked": {
      "type": "trend",
      "contains": "time",
      "values": {
        "med": 0.004646,
        "p(50)": 0.004646,
        "p(90)": 0.006147200000000001,
        "count": 1000,
        "p(99.99)": 0.3260245883999986,
        "avg": 0.007347324000000007,
        "min": 0.001934,
        "max": 0.32901,
        "p(95)": 0.007275849999999996,
        "p(99)": 0.035023209999998466
      }
    },
    "iterations": {
      "type": "counter",
      "contains": "default",
      "values": {
        "count": 1000,
        "rate": 425.3268103603126
      }
    },
    "http_req_waiting": {
      "type": "trend",
      "contains": "time",
      "values": {
        "med": 1.7839785,
        "p(90)": 2.1690739999999997,
        "p(99.99)": 9.87000470219996,
        "count": 1000,
        "avg": 1.8824429699999992,
        "min": 1.033457,
        "max": 9.952824,
        "p(50)": 1.7839785,
        "p(95)": 2.3449381499999995,
        "p(99)": 5.957644899999997
      }
    },
    "checks": {
      "contains": "default",
      "values": {
        "rate": 1,
        "passes": 1000,
        "fails": 0
      },
      "type": "rate"
    },
    "http_req_duration": {
      "type": "trend",
      "contains": "time",
      "values": {
        "p(50)": 1.9116965000000001,
        "p(95)": 2.5340183,
        "avg": 2.0202540269999996,
        "min": 1.106817,
        "med": 1.9116965000000001,
        "max": 10.262963,
        "p(90)": 2.3319592,
        "p(99)": 6.434002689999995,
        "p(99.99)": 10.170845010199955,
        "count": 1000
      }
    },
    "http_req_tls_handshaking": {
      "type": "trend",
      "contains": "time",
      "values": {
        "min": 0,
        "med": 0,
        "max": 0,
        "p(50)": 0,
        "p(90)": 0,
        "p(95)": 0,
        "p(99)": 0,
        "avg": 0,
        "count": 1000,
        "p(99.99)": 0
      }
    }
  },
  "root_group": {
    "name": "",
    "path": "",
    "id": "d41d8cd98f00b204e9800998ecf8427e",
    "groups": [],
    "checks": [
        {
          "passes": 1000,
          "fails": 0,
          "name": "is status 200",
          "path": "::is status 200",
          "id": "548d37ca5f33793206f7832e7cea54fb"
        }
      ]
  },
  "options": {
    "summaryTrendStats": [
      "avg",
      "min",
      "med",
      "max",
      "p(50)",
      "p(90)",
      "p(95)",
      "p(99)",
      "p(99.99)",
      "count"
    ],
    "summaryTimeUnit": "ms",
    "noColor": false
  }
}