{
  "metrics": {
    "http_reqs": {
      "type": "counter",
      "contains": "default",
      "values": {
        "count": 1000,
        "rate": 203.5861256697874
      }
    },
    "http_req_duration": {
      "type": "trend",
      "contains": "time",
      "values": {
        "p(50)": 2.6616915,
        "p(90)": 4.1992894000000005,
        "p(95)": 11.945675549999992,
        "p(99)": 55.141513839999995,
        "p(99.99)": 71.70965641119977,
        "avg": 4.664552369000001,
        "min": 1.648179,
        "count": 1000,
        "med": 2.6616915,
        "max": 72.188788
      }
    },
    "http_req_duration{expected_response:true}": {
      "type": "trend",
      "contains": "time",
      "values": {
        "max": 72.188788,
        "p(50)": 2.6616915,
        "p(90)": 4.1992894000000005,
        "med": 2.6616915,
        "min": 1.648179,
        "p(95)": 11.945675549999992,
        "p(99)": 55.141513839999995,
        "p(99.99)": 71.70965641119977,
        "count": 1000,
        "avg": 4.664552369000001
      }
    },
    "http_req_connecting": {
      "type": "trend",
      "contains": "time",
      "values": {
        "p(90)": 0,
        "p(99.99)": 0.2737804177999994,
        "count": 1000,
        "min": 0,
        "med": 0,
        "max": 0.274997,
        "p(50)": 0,
        "p(95)": 0,
        "p(99)": 0.0012978999999988194,
        "avg": 0.001979571
      }
    },
    "reponse_size_body": {
      "values": {
        "p(95)": 7135,
        "p(99)": 7135,
        "avg": 7135,
        "min": 7135,
        "med": 7135,
        "max": 7135,
        "p(50)": 7135,
        "p(90)": 7135,
        "p(99.99)": 7135,
        "count": 1000
      },
      "type": "trend",
      "contains": "default"
    },
    "http_req_receiving": {
      "type": "trend",
      "contains": "time",
      "values": {
        "avg": 0.49498745100000013,
        "med": 0.09077450000000001,
        "max": 63.700263,
        "p(50)": 0.09077450000000001,
        "p(90)": 0.14413150000000005,
        "p(99)": 6.698480039999996,
        "p(99.99)": 63.29791255319981,
        "min": 0.051559,
        "p(95)": 0.1837932999999999,
        "count": 1000
      }
    },
    "response_size": {
      "type": "trend",
      "contains": "default",
      "values": {
        "avg": 7496.48,
        "min": 7445,
        "p(50)": 7497,
        "p(99)": 7497,
        "med": 7497,
        "max": 7497,
        "p(90)": 7497,
        "p(95)": 7497,
        "p(99.99)": 7497,
        "count": 1000
      }
    },
    "iterations": {
      "type": "counter",
      "contains": "default",
      "values": {
        "rate": 203.5861256697874,
        "count": 1000
      }
    },
    "http_req_tls_handshaking": {
      "type": "trend",
      "contains": "time",
      "values": {
        "count": 1000,
        "min": 0,
        "max": 0,
        "p(95)": 0,
        "p(99)": 0,
        "p(99.99)": 0,
        "avg": 0,
        "med": 0,
        "p(50)": 0,
        "p(90)": 0
      }
    },
    "response_time": {
      "type": "trend",
      "contains": "default",
      "values": {
        "max": 72.188788,
        "p(50)": 2.6616915,
        "p(95)": 11.945675549999992,
        "p(99)": 55.141513839999995,
        "count": 1000,
        "avg": 4.664552369000001,
        "med": 2.6616915,
        "p(90)": 4.1992894000000005,
        "p(99.99)": 71.70965641119977,
        "min": 1.648179
      }
    },
    "checks": {
      "type": "rate",
      "contains": "default",
      "values": {
        "fails": 0,
        "rate": 1,
        "passes": 1000
      }
    },
    "http_req_failed": {
      "type": "rate",
      "contains": "default",
      "values": {
        "rate": 0,
        "passes": 0,
        "fails": 1000
      }
    },
    "http_req_blocked": {
      "type": "trend",
      "contains": "time",
      "values": {
        "avg": 0.008084281000000014,
        "min": 0.002553,
        "med": 0.004906,
        "max": 0.386431,
        "p(50)": 0.004906,
        "p(90)": 0.007071,
        "p(95)": 0.009263499999999996,
        "p(99)": 0.05481205999999861,
        "p(99.99)": 0.3837348987999987,
        "count": 1000
      }
    },
    "http_req_waiting": {
      "type": "trend",
      "contains": "time",
      "values": {
        "avg": 4.148755439999996,
        "min": 1.547407,
        "med": 2.5356170000000002,
        "p(50)": 2.5356170000000002,
        "p(90)": 3.7989164000000013,
        "max": 72.064769,
        "p(95)": 9.040336549999983,
        "p(99)": 52.561711669999994,
        "p(99.99)": 71.57969016439976,
        "count": 1000
      }
    },
    "iteration_duration": {
      "type": "trend",
      "contains": "time",
      "values": {
        "p(95)": 12.308086999999997,
        "p(99.99)": 71.94243266969977,
        "count": 1000,
        "avg": 4.893546419,
        "min": 1.787154,
        "med": 2.8828915,
        "max": 72.421323,
        "p(50)": 2.8828915,
        "p(90)": 4.4629169,
        "p(99)": 55.449986859999996
      }
    },
    "http_req_sending": {
      "type": "trend",
      "contains": "time",
      "values": {
        "count": 1000,
        "min": 0.008611,
        "p(50)": 0.0191555,
        "max": 0.263772,
        "p(90)": 0.0258927,
        "p(95)": 0.030891849999999964,
        "p(99)": 0.05625658999999999,
        "p(99.99)": 0.25532365679999597,
        "avg": 0.020809477999999992,
        "med": 0.0191555
      }
    },
    "vus_max": {
      "values": {
        "min": 1,
        "max": 1,
        "value": 1
      },
      "type": "gauge",
      "contains": "default"
    },
    "vus": {
      "type": "gauge",
      "contains": "default",
      "values": {
        "value": 1,
        "min": 1,
        "max": 1
      }
    },
    "data_received": {
      "type": "counter",
      "contains": "data",
      "values": {
        "count": 7545710,
        "rate": 1536201.8643277716
      }
    },
    "data_sent": {
      "type": "counter",
      "contains": "data",
      "values": {
        "rate": 82045.20864492432,
        "count": 403000
      }
    }
  },
  "root_group": {
    "name": "",
    "path": "",
    "id": "d41d8cd98f00b204e9800998ecf8427e",
    "groups": [],
    "checks": [
        {
          "id": "548d37ca5f33793206f7832e7cea54fb",
          "passes": 1000,
          "fails": 0,
          "name": "is status 200",
          "path": "::is status 200"
        }
      ]
  },
  "options": {
    "summaryTrendStats": [
      "avg",
      "min",
      "med",
      "max",
      "p(50)",
      "p(90)",
      "p(95)",
      "p(99)",
      "p(99.99)",
      "count"
    ],
    "summaryTimeUnit": "ms",
    "noColor": false
  },
  "state": {
    "isStdOutTTY": false,
    "isStdErrTTY": false,
    "testRunDurationMs": 4911.926079
  }
}