{
  "root_group": {
    "id": "d41d8cd98f00b204e9800998ecf8427e",
    "groups": [],
    "checks": [
        {
          "fails": 0,
          "name": "is status 200",
          "path": "::is status 200",
          "id": "548d37ca5f33793206f7832e7cea54fb",
          "passes": 1000
        }
      ],
    "name": "",
    "path": ""
  },
  "options": {
    "summaryTrendStats": [
      "avg",
      "min",
      "med",
      "max",
      "p(50)",
      "p(90)",
      "p(95)",
      "p(99)",
      "p(99.99)",
      "count"
    ],
    "summaryTimeUnit": "ms",
    "noColor": false
  },
  "state": {
    "isStdOutTTY": false,
    "isStdErrTTY": false,
    "testRunDurationMs": 18701.250565
  },
  "metrics": {
    "response_time": {
      "type": "trend",
      "contains": "default",
      "values": {
        "avg": 18.483752292000005,
        "min": 12.842009,
        "p(50)": 15.596444,
        "p(95)": 32.00329695,
        "p(99.99)": 83.72299842889994,
        "count": 1000,
        "med": 15.596444,
        "max": 83.858192,
        "p(90)": 27.5432301,
        "p(99)": 36.560888639999995
      }
    },
    "checks": {
      "type": "rate",
      "contains": "default",
      "values": {
        "rate": 1,
        "passes": 1000,
        "fails": 0
      }
    },
    "vus": {
      "type": "gauge",
      "contains": "default",
      "values": {
        "min": 1,
        "max": 1,
        "value": 1
      }
    },
    "http_req_sending": {
      "type": "trend",
      "contains": "time",
      "values": {
        "avg": 0.017564578999999997,
        "min": 0.01005,
        "med": 0.015418000000000001,
        "p(95)": 0.02627755,
        "p(99)": 0.04418460999999999,
        "p(99.99)": 0.25129027589999753,
        "max": 0.256461,
        "p(50)": 0.015418000000000001,
        "p(90)": 0.022791799999999997,
        "count": 1000
      }
    },
    "data_received": {
      "values": {
        "count": 658161,
        "rate": 35193.421836279216
      },
      "type": "counter",
      "contains": "data"
    },
    "http_req_duration{expected_response:true}": {
      "type": "trend",
      "contains": "time",
      "values": {
        "count": 1000,
        "max": 83.858192,
        "p(99.99)": 83.72299842889994,
        "med": 15.596444,
        "p(50)": 15.596444,
        "p(90)": 27.5432301,
        "p(95)": 32.00329695,
        "p(99)": 36.560888639999995,
        "avg": 18.483752292000005,
        "min": 12.842009
      }
    },
    "http_reqs": {
      "type": "counter",
      "contains": "default",
      "values": {
        "count": 1000,
        "rate": 53.472359857662816
      }
    },
    "http_req_waiting": {
      "values": {
        "max": 83.471685,
        "p(90)": 27.2192483,
        "p(95)": 31.74707164999999,
        "p(99)": 36.43060182999999,
        "p(99.99)": 83.36338061279994,
        "avg": 18.330585272999986,
        "min": 12.76451,
        "count": 1000,
        "med": 15.477783500000001,
        "p(50)": 15.477783500000001
      },
      "type": "trend",
      "contains": "time"
    },
    "http_req_connecting": {
      "type": "trend",
      "contains": "time",
      "values": {
        "p(95)": 0,
        "p(99)": 0,
        "p(99.99)": 0.35334775649998124,
        "avg": 0.000392565,
        "min": 0,
        "med": 0,
        "max": 0.392565,
        "p(90)": 0,
        "p(50)": 0,
        "count": 1000
      }
    },
    "http_req_duration": {
      "values": {
        "p(90)": 27.5432301,
        "p(99)": 36.560888639999995,
        "p(99.99)": 83.72299842889994,
        "avg": 18.483752292000005,
        "med": 15.596444,
        "max": 83.858192,
        "p(50)": 15.596444,
        "min": 12.842009,
        "p(95)": 32.00329695,
        "count": 1000
      },
      "type": "trend",
      "contains": "time"
    },
    "vus_max": {
      "type": "gauge",
      "contains": "default",
      "values": {
        "value": 1,
        "min": 1,
        "max": 1
      }
    },
    "data_sent": {
      "type": "counter",
      "contains": "data",
      "values": {
        "count": 378000,
        "rate": 20212.552026196543
      }
    },
    "http_req_tls_handshaking": {
      "values": {
        "min": 0,
        "med": 0,
        "p(50)": 0,
        "p(95)": 0,
        "p(99)": 0,
        "count": 1000,
        "avg": 0,
        "max": 0,
        "p(90)": 0,
        "p(99.99)": 0
      },
      "type": "trend",
      "contains": "time"
    },
    "http_req_receiving": {
      "type": "trend",
      "contains": "time",
      "values": {
        "p(95)": 0.2350291999999995,
        "p(99)": 0.4939037399999999,
        "p(99.99)": 14.575518304599953,
        "count": 1000,
        "avg": 0.13560244000000016,
        "med": 0.078697,
        "max": 14.674324,
        "p(50)": 0.078697,
        "min": 0.047618,
        "p(90)": 0.11219570000000001
      }
    },
    "iteration_duration": {
      "type": "trend",
      "contains": "time",
      "values": {
        "p(99.99)": 83.98286497449995,
        "count": 1000,
        "avg": 18.68271144799999,
        "max": 84.116206,
        "p(95)": 32.17876175,
        "p(90)": 27.7012562,
        "p(99)": 36.78310921,
        "min": 12.969096,
        "med": 15.7877635,
        "p(50)": 15.7877635
      }
    },
    "reponse_size": {
      "values": {
        "avg": 205.771,
        "min": 204,
        "p(99.99)": 206,
        "count": 1000,
        "p(95)": 206,
        "p(99)": 206,
        "med": 206,
        "max": 206,
        "p(50)": 206,
        "p(90)": 206
      },
      "type": "trend",
      "contains": "default"
    },
    "iterations": {
      "type": "counter",
      "contains": "default",
      "values": {
        "rate": 53.472359857662816,
        "count": 1000
      }
    },
    "http_req_blocked": {
      "contains": "time",
      "values": {
        "min": 0.002305,
        "med": 0.0040275,
        "max": 0.540617,
        "p(99.99)": 0.49021405339997587,
        "count": 1000,
        "avg": 0.005081505999999999,
        "p(50)": 0.0040275,
        "p(90)": 0.0054688,
        "p(95)": 0.008599399999999995,
        "p(99)": 0.01652933
      },
      "type": "trend"
    },
    "http_req_failed": {
      "type": "rate",
      "contains": "default",
      "values": {
        "fails": 1000,
        "rate": 0,
        "passes": 0
      }
    }
  }
}