{
  "root_group": {
    "path": "",
    "id": "d41d8cd98f00b204e9800998ecf8427e",
    "groups": [],
    "checks": [
        {
          "fails": 0,
          "name": "is status 200",
          "path": "::is status 200",
          "id": "548d37ca5f33793206f7832e7cea54fb",
          "passes": 10000
        }
      ],
    "name": ""
  },
  "options": {
    "summaryTrendStats": [
      "avg",
      "min",
      "med",
      "max",
      "p(50)",
      "p(90)",
      "p(95)",
      "p(99)",
      "p(99.99)",
      "count"
    ],
    "summaryTimeUnit": "ms",
    "noColor": false
  },
  "state": {
    "isStdOutTTY": false,
    "isStdErrTTY": false,
    "testRunDurationMs": 23724.161376
  },
  "metrics": {
    "http_reqs": {
      "type": "counter",
      "contains": "default",
      "values": {
        "count": 10000,
        "rate": 421.511211355874
      }
    },
    "iterations": {
      "type": "counter",
      "contains": "default",
      "values": {
        "count": 10000,
        "rate": 421.511211355874
      }
    },
    "http_req_waiting": {
      "type": "trend",
      "contains": "time",
      "values": {
        "p(90)": 2.6351114,
        "p(99.99)": 21.955793383599865,
        "count": 10000,
        "p(95)": 2.963933199999999,
        "p(99)": 7.194053570000002,
        "avg": 2.0771958271999993,
        "min": 0.808492,
        "med": 1.9272635,
        "max": 22.14961,
        "p(50)": 1.9272635
      }
    },
    "data_received": {
      "type": "counter",
      "contains": "data",
      "values": {
        "count": 6164727,
        "rate": 259850.15454482634
      }
    },
    "http_req_duration{expected_response:true}": {
      "type": "trend",
      "contains": "time",
      "values": {
        "min": 0.850796,
        "p(50)": 2.0123755,
        "p(90)": 2.7381295000000003,
        "p(99)": 7.346125860000005,
        "avg": 2.166068894099999,
        "max": 22.303906,
        "p(95)": 3.06829905,
        "p(99.99)": 22.056365756499826,
        "count": 10000,
        "med": 2.0123755
      }
    },
    "http_req_sending": {
      "type": "trend",
      "contains": "time",
      "values": {
        "min": 0.00427,
        "p(50)": 0.017675999999999997,
        "p(95)": 0.025845149999999997,
        "count": 10000,
        "p(99.99)": 0.1955105393997133,
        "avg": 0.018641960599999997,
        "med": 0.017675999999999997,
        "max": 0.600864,
        "p(90)": 0.022556200000000002,
        "p(99)": 0.05781358000000014
      }
    },
    "reponse_size": {
      "type": "trend",
      "contains": "default",
      "values": {
        "max": 208,
        "p(95)": 208,
        "p(99.99)": 208,
        "avg": 207.7627,
        "min": 202,
        "med": 208,
        "count": 10000,
        "p(50)": 208,
        "p(90)": 208,
        "p(99)": 208
      }
    },
    "checks": {
      "type": "rate",
      "contains": "default",
      "values": {
        "fails": 0,
        "rate": 1,
        "passes": 10000
      }
    },
    "iteration_duration": {
      "type": "trend",
      "contains": "time",
      "values": {
        "avg": 2.3556450639999857,
        "max": 22.785076,
        "p(50)": 2.196063,
        "p(90)": 2.9421138000000004,
        "p(99)": 7.766890160000003,
        "min": 0.965843,
        "med": 2.196063,
        "p(95)": 3.2820826999999997,
        "p(99.99)": 22.29285222729965,
        "count": 10000
      }
    },
    "http_req_blocked": {
      "type": "trend",
      "contains": "time",
      "values": {
        "med": 0.0044545,
        "p(90)": 0.0058752000000000006,
        "p(95)": 0.007878,
        "p(99.99)": 0.4031518164999942,
        "count": 10000,
        "avg": 0.007158465000000003,
        "min": 0.00095,
        "max": 0.411316,
        "p(50)": 0.0044545,
        "p(99)": 0.14934398000000257
      }
    },
    "vus": {
      "values": {
        "value": 1,
        "min": 1,
        "max": 1
      },
      "type": "gauge",
      "contains": "default"
    },
    "http_req_connecting": {
      "type": "trend",
      "contains": "time",
      "values": {
        "p(50)": 0,
        "p(90)": 0,
        "p(99.99)": 0.32742445439998974,
        "med": 0,
        "max": 0.341967,
        "p(95)": 0,
        "p(99)": 0.0010120700000220914,
        "count": 10000,
        "avg": 0.0015667875999999998,
        "min": 0
      }
    },
    "vus_max": {
      "contains": "default",
      "values": {
        "value": 1,
        "min": 1,
        "max": 1
      },
      "type": "gauge"
    },
    "http_req_duration": {
      "type": "trend",
      "contains": "time",
      "values": {
        "med": 2.0123755,
        "max": 22.303906,
        "p(50)": 2.0123755,
        "p(95)": 3.06829905,
        "p(99)": 7.346125860000005,
        "count": 10000,
        "avg": 2.166068894099999,
        "p(90)": 2.7381295000000003,
        "p(99.99)": 22.056365756499826,
        "min": 0.850796
      }
    },
    "http_req_tls_handshaking": {
      "type": "trend",
      "contains": "time",
      "values": {
        "med": 0,
        "max": 0,
        "p(50)": 0,
        "p(95)": 0,
        "count": 10000,
        "avg": 0,
        "min": 0,
        "p(90)": 0,
        "p(99)": 0,
        "p(99.99)": 0
      }
    },
    "http_req_receiving": {
      "type": "trend",
      "contains": "time",
      "values": {
        "avg": 0.0702311063000001,
        "med": 0.0646785,
        "max": 0.880188,
        "p(90)": 0.0865584,
        "p(99.99)": 0.7442205980999038,
        "count": 10000,
        "min": 0.016481,
        "p(50)": 0.0646785,
        "p(95)": 0.09987299999999996,
        "p(99)": 0.21640802000000006
      }
    },
    "response_time": {
      "type": "trend",
      "contains": "default",
      "values": {
        "avg": 2.166068894099999,
        "med": 2.0123755,
        "max": 22.303906,
        "count": 10000,
        "p(99.99)": 22.056365756499826,
        "min": 0.850796,
        "p(50)": 2.0123755,
        "p(90)": 2.7381295000000003,
        "p(95)": 3.06829905,
        "p(99)": 7.346125860000005
      }
    },
    "data_sent": {
      "type": "counter",
      "contains": "data",
      "values": {
        "count": 3800000,
        "rate": 160174.26031523212
      }
    },
    "http_req_failed": {
      "values": {
        "rate": 0,
        "passes": 0,
        "fails": 10000
      },
      "type": "rate",
      "contains": "default"
    }
  }
}