{
  "metrics": {
    "http_req_receiving": {
      "type": "trend",
      "contains": "time",
      "values": {
        "max": 25.03992,
        "p(50)": 0.0997615,
        "p(90)": 0.1407426,
        "count": 1000,
        "min": 0.047272,
        "med": 0.0997615,
        "p(95)": 0.22480534999999988,
        "p(99)": 0.31107122,
        "p(99.99)": 24.93734158109995,
        "avg": 0.20339126199999996
      }
    },
    "data_received": {
      "type": "counter",
      "contains": "data",
      "values": {
        "rate": 7531.4273751520805,
        "count": 664442
      }
    },
    "vus_max": {
      "type": "gauge",
      "contains": "default",
      "values": {
        "min": 1,
        "max": 1,
        "value": 1
      }
    },
    "http_req_tls_handshaking": {
      "type": "trend",
      "contains": "time",
      "values": {
        "med": 0,
        "max": 0,
        "p(95)": 0,
        "p(99)": 0,
        "count": 1000,
        "avg": 0,
        "min": 0,
        "p(50)": 0,
        "p(90)": 0,
        "p(99.99)": 0
      }
    },
    "checks": {
      "type": "rate",
      "contains": "default",
      "values": {
        "rate": 1,
        "passes": 1000,
        "fails": 0
      }
    },
    "http_req_connecting": {
      "type": "trend",
      "contains": "time",
      "values": {
        "avg": 0.00020374300000000002,
        "min": 0,
        "max": 0.203743,
        "p(90)": 0,
        "p(99)": 0,
        "p(99.99)": 0.18338907429999027,
        "count": 1000,
        "med": 0,
        "p(50)": 0,
        "p(95)": 0
      }
    },
    "http_reqs": {
      "type": "counter",
      "contains": "default",
      "values": {
        "count": 1000,
        "rate": 11.33496584374871
      }
    },
    "http_req_failed": {
      "contains": "default",
      "values": {
        "rate": 0,
        "passes": 0,
        "fails": 1000
      },
      "type": "rate"
    },
    "data_sent": {
      "contains": "data",
      "values": {
        "rate": 6007.531897186816,
        "count": 530000
      },
      "type": "counter"
    },
    "http_req_duration": {
      "type": "trend",
      "contains": "time",
      "values": {
        "avg": 87.85364690199997,
        "med": 90.1119195,
        "p(90)": 95.3250133,
        "p(99)": 103.33757144,
        "min": 61.554061,
        "max": 134.753045,
        "p(50)": 90.1119195,
        "p(95)": 97.4723829,
        "p(99.99)": 134.00070279529962,
        "count": 1000
      }
    },
    "http_req_blocked": {
      "type": "trend",
      "contains": "time",
      "values": {
        "min": 0.002363,
        "med": 0.0045385,
        "p(50)": 0.0045385,
        "p(90)": 0.007958400000000001,
        "p(95)": 0.011681899999999992,
        "count": 1000,
        "avg": 0.006659625000000013,
        "max": 0.307056,
        "p(99)": 0.03428403999999999,
        "p(99.99)": 0.29585651069999463
      }
    },
    "iterations": {
      "contains": "default",
      "values": {
        "rate": 11.33496584374871,
        "count": 1000
      },
      "type": "counter"
    },
    "http_req_sending": {
      "values": {
        "min": 0.012847,
        "max": 0.496919,
        "p(50)": 0.024538,
        "p(95)": 0.054310899999999995,
        "avg": 0.030475505000000003,
        "p(90)": 0.037248500000000004,
        "p(99)": 0.1767962399999999,
        "p(99.99)": 0.4883241034999959,
        "count": 1000,
        "med": 0.024538
      },
      "type": "trend",
      "contains": "time"
    },
    "http_req_waiting": {
      "type": "trend",
      "contains": "time",
      "values": {
        "avg": 87.61978013499994,
        "med": 89.9462005,
        "max": 134.638608,
        "p(90)": 95.190483,
        "p(95)": 97.2940104,
        "min": 61.406252,
        "p(50)": 89.9462005,
        "p(99)": 103.22924103,
        "p(99.99)": 133.88555001179964,
        "count": 1000
      }
    },
    "http_req_duration{expected_response:true}": {
      "type": "trend",
      "contains": "time",
      "values": {
        "p(95)": 97.4723829,
        "min": 61.554061,
        "max": 134.753045,
        "p(90)": 95.3250133,
        "p(99)": 103.33757144,
        "p(99.99)": 134.00070279529962,
        "count": 1000,
        "avg": 87.85364690199997,
        "med": 90.1119195,
        "p(50)": 90.1119195
      }
    },
    "response_time": {
      "values": {
        "min": 61.554061,
        "med": 90.1119195,
        "max": 134.753045,
        "p(95)": 97.4723829,
        "p(99.99)": 134.00070279529962,
        "avg": 87.85364690199997,
        "p(50)": 90.1119195,
        "p(90)": 95.3250133,
        "p(99)": 103.33757144,
        "count": 1000
      },
      "type": "trend",
      "contains": "default"
    },
    "iteration_duration": {
      "values": {
        "med": 90.446078,
        "p(99.99)": 134.32157963009962,
        "count": 1000,
        "avg": 88.19819763099997,
        "min": 61.926233,
        "max": 135.068562,
        "p(50)": 90.446078,
        "p(90)": 95.67161490000001,
        "p(95)": 97.8289907,
        "p(99)": 103.6156166
      },
      "type": "trend",
      "contains": "time"
    },
    "reponse_size": {
      "type": "trend",
      "contains": "default",
      "values": {
        "avg": 211.788,
        "med": 212,
        "p(99)": 212,
        "p(99.99)": 212,
        "count": 1000,
        "min": 209,
        "max": 212,
        "p(50)": 212,
        "p(90)": 212,
        "p(95)": 212
      }
    },
    "vus": {
      "contains": "default",
      "values": {
        "min": 1,
        "max": 1,
        "value": 1
      },
      "type": "gauge"
    }
  },
  "root_group": {
    "groups": [],
    "checks": [
        {
          "id": "548d37ca5f33793206f7832e7cea54fb",
          "passes": 1000,
          "fails": 0,
          "name": "is status 200",
          "path": "::is status 200"
        }
      ],
    "name": "",
    "path": "",
    "id": "d41d8cd98f00b204e9800998ecf8427e"
  },
  "options": {
    "summaryTrendStats": [
      "avg",
      "min",
      "med",
      "max",
      "p(50)",
      "p(90)",
      "p(95)",
      "p(99)",
      "p(99.99)",
      "count"
    ],
    "summaryTimeUnit": "ms",
    "noColor": false
  },
  "state": {
    "isStdErrTTY": false,
    "testRunDurationMs": 88222.586092,
    "isStdOutTTY": false
  }
}