{
  "root_group": {
    "name": "",
    "path": "",
    "id": "d41d8cd98f00b204e9800998ecf8427e",
    "groups": [],
    "checks": [
        {
          "name": "is status 200",
          "path": "::is status 200",
          "id": "548d37ca5f33793206f7832e7cea54fb",
          "passes": 1000,
          "fails": 0
        }
      ]
  },
  "options": {
    "summaryTrendStats": [
      "avg",
      "min",
      "med",
      "max",
      "p(50)",
      "p(90)",
      "p(95)",
      "p(99)",
      "p(99.99)",
      "count"
    ],
    "summaryTimeUnit": "ms",
    "noColor": false
  },
  "state": {
    "isStdErrTTY": false,
    "testRunDurationMs": 1837.066208,
    "isStdOutTTY": false
  },
  "metrics": {
    "http_req_failed": {
      "type": "rate",
      "contains": "default",
      "values": {
        "rate": 0,
        "passes": 0,
        "fails": 1000
      }
    },
    "vus_max": {
      "type": "gauge",
      "contains": "default",
      "values": {
        "value": 1,
        "min": 1,
        "max": 1
      }
    },
    "data_sent": {
      "type": "counter",
      "contains": "data",
      "values": {
        "count": 372000,
        "rate": 202496.78448170552
      }
    },
    "http_req_duration": {
      "type": "trend",
      "contains": "time",
      "values": {
        "min": 0.77748,
        "med": 1.453938,
        "max": 57.921762,
        "p(95)": 1.920722599999999,
        "count": 1000,
        "avg": 1.6316628830000026,
        "p(50)": 1.453938,
        "p(90)": 1.8031576999999999,
        "p(99)": 7.549898109999998,
        "p(99.99)": 55.61229497879889
      }
    },
    "http_req_sending": {
      "contains": "time",
      "values": {
        "avg": 0.018333436999999987,
        "min": 0.00698,
        "p(50)": 0.0170855,
        "p(90)": 0.021095199999999998,
        "p(99)": 0.06421459999999998,
        "med": 0.0170855,
        "max": 0.203354,
        "p(95)": 0.024288799999999996,
        "p(99.99)": 0.20157448129999916,
        "count": 1000
      },
      "type": "trend"
    },
    "response_time": {
      "type": "trend",
      "contains": "default",
      "values": {
        "p(95)": 1.920722599999999,
        "p(99)": 7.549898109999998,
        "p(99.99)": 55.61229497879889,
        "count": 1000,
        "avg": 1.6316628830000026,
        "min": 0.77748,
        "med": 1.453938,
        "max": 57.921762,
        "p(50)": 1.453938,
        "p(90)": 1.8031576999999999
      }
    },
    "http_req_receiving": {
      "type": "trend",
      "contains": "time",
      "values": {
        "min": 0.025581,
        "med": 0.060982499999999995,
        "p(50)": 0.060982499999999995,
        "p(90)": 0.08354270000000001,
        "p(99)": 0.23031959,
        "avg": 0.08211098799999994,
        "max": 12.79769,
        "p(95)": 0.10410564999999995,
        "p(99.99)": 11.720957210599483,
        "count": 1000
      }
    },
    "http_req_connecting": {
      "type": "trend",
      "contains": "time",
      "values": {
        "avg": 0.001584188,
        "p(90)": 0,
        "p(95)": 0,
        "p(99)": 0.0012825999999988337,
        "p(99.99)": 0.20115563339999856,
        "count": 1000,
        "min": 0,
        "med": 0,
        "max": 0.204186,
        "p(50)": 0
      }
    },
    "http_req_blocked": {
      "type": "trend",
      "contains": "time",
      "values": {
        "avg": 0.007149485000000002,
        "med": 0.004302500000000001,
        "p(50)": 0.004302500000000001,
        "p(99.99)": 0.28131210349999924,
        "count": 1000,
        "min": 0.001615,
        "max": 0.282914,
        "p(90)": 0.0055468,
        "p(95)": 0.006868149999999997,
        "p(99)": 0.13909081999999917
      }
    },
    "http_req_waiting": {
      "contains": "time",
      "values": {
        "med": 1.3716374999999998,
        "max": 45.079248,
        "p(50)": 1.3716374999999998,
        "p(90)": 1.7031239,
        "p(99.99)": 44.0369268644995,
        "avg": 1.5312184580000026,
        "min": 0.731916,
        "p(95)": 1.82958355,
        "p(99)": 7.409603329999998,
        "count": 1000
      },
      "type": "trend"
    },
    "http_reqs": {
      "values": {
        "rate": 544.3461948432944,
        "count": 1000
      },
      "type": "counter",
      "contains": "default"
    },
    "http_req_duration{expected_response:true}": {
      "type": "trend",
      "contains": "time",
      "values": {
        "max": 57.921762,
        "p(50)": 1.453938,
        "p(95)": 1.920722599999999,
        "p(99)": 7.549898109999998,
        "p(99.99)": 55.61229497879889,
        "avg": 1.6316628830000026,
        "min": 0.77748,
        "med": 1.453938,
        "p(90)": 1.8031576999999999,
        "count": 1000
      }
    },
    "iteration_duration": {
      "type": "trend",
      "contains": "time",
      "values": {
        "max": 58.170179,
        "p(90)": 2.0030833,
        "count": 1000,
        "avg": 1.8208314659999991,
        "min": 0.858377,
        "p(95)": 2.15719785,
        "p(99)": 8.019500239999998,
        "p(99.99)": 55.8751161601989,
        "med": 1.6379085,
        "p(50)": 1.6379085
      }
    },
    "http_req_tls_handshaking": {
      "type": "trend",
      "contains": "time",
      "values": {
        "avg": 0,
        "p(95)": 0,
        "p(99)": 0,
        "count": 1000,
        "min": 0,
        "med": 0,
        "max": 0,
        "p(50)": 0,
        "p(90)": 0,
        "p(99.99)": 0
      }
    },
    "iterations": {
      "contains": "default",
      "values": {
        "count": 1000,
        "rate": 544.3461948432944
      },
      "type": "counter"
    },
    "reponse_size_body": {
      "type": "trend",
      "contains": "default",
      "values": {
        "p(50)": 150,
        "p(90)": 150,
        "p(99)": 150,
        "avg": 150,
        "min": 150,
        "p(95)": 150,
        "p(99.99)": 150,
        "count": 1000,
        "med": 150,
        "max": 150
      }
    },
    "checks": {
      "type": "rate",
      "contains": "default",
      "values": {
        "passes": 1000,
        "fails": 0,
        "rate": 1
      }
    },
    "data_received": {
      "type": "counter",
      "contains": "data",
      "values": {
        "count": 558710,
        "rate": 304131.662520897
      }
    },
    "vus": {
      "values": {
        "min": 1,
        "max": 1,
        "value": 1
      },
      "type": "gauge",
      "contains": "default"
    },
    "response_size": {
      "type": "trend",
      "contains": "default",
      "values": {
        "p(99.99)": 512,
        "count": 1000,
        "avg": 511.48,
        "min": 460,
        "med": 512,
        "max": 512,
        "p(90)": 512,
        "p(50)": 512,
        "p(95)": 512,
        "p(99)": 512
      }
    }
  }
}