{
  "metrics": {
    "data_received": {
      "type": "counter",
      "contains": "data",
      "values": {
        "count": 614492,
        "rate": 31218.70237824219
      }
    },
    "vus": {
      "type": "gauge",
      "contains": "default",
      "values": {
        "value": 1,
        "min": 1,
        "max": 1
      }
    },
    "http_req_connecting": {
      "type": "trend",
      "contains": "time",
      "values": {
        "min": 0,
        "med": 0,
        "p(99.99)": 0.47064730079999134,
        "avg": 0.002245653,
        "p(50)": 0,
        "p(90)": 0,
        "p(95)": 0,
        "p(99)": 0.0011979899999989105,
        "count": 1000,
        "max": 0.48873
      }
    },
    "iteration_duration": {
      "type": "trend",
      "contains": "time",
      "values": {
        "count": 1000,
        "med": 15.3716515,
        "p(90)": 37.2458543,
        "p(99)": 43.21535488999999,
        "p(50)": 15.3716515,
        "p(95)": 38.8455301,
        "p(99.99)": 72.37853535279976,
        "avg": 19.665426696999997,
        "min": 12.714371,
        "max": 72.871195
      }
    },
    "iterations": {
      "type": "counter",
      "contains": "default",
      "values": {
        "count": 1000,
        "rate": 50.80408268658044
      }
    },
    "http_req_sending": {
      "type": "trend",
      "contains": "time",
      "values": {
        "p(90)": 0.0289841,
        "med": 0.019656,
        "max": 0.286257,
        "p(50)": 0.019656,
        "p(99)": 0.08609143999999996,
        "p(99.99)": 0.2849969612999994,
        "count": 1000,
        "avg": 0.02305827100000001,
        "min": 0.01247,
        "p(95)": 0.03405614999999999
      }
    },
    "http_req_duration{expected_response:true}": {
      "contains": "time",
      "values": {
        "min": 12.456519,
        "med": 15.0990405,
        "p(50)": 15.0990405,
        "p(95)": 38.5479417,
        "p(99)": 42.97169267999999,
        "p(99.99)": 72.14184348439976,
        "count": 1000,
        "avg": 19.37242994600001,
        "max": 72.645224,
        "p(90)": 36.8521874
      },
      "type": "trend"
    },
    "http_req_tls_handshaking": {
      "values": {
        "avg": 0,
        "max": 0,
        "p(50)": 0,
        "p(90)": 0,
        "p(99.99)": 0,
        "min": 0,
        "med": 0,
        "p(95)": 0,
        "p(99)": 0,
        "count": 1000
      },
      "type": "trend",
      "contains": "time"
    },
    "http_req_failed": {
      "values": {
        "rate": 0,
        "passes": 0,
        "fails": 1000
      },
      "type": "rate",
      "contains": "default"
    },
    "http_req_duration": {
      "type": "trend",
      "contains": "time",
      "values": {
        "p(99.99)": 72.14184348439976,
        "avg": 19.37242994600001,
        "min": 12.456519,
        "med": 15.0990405,
        "max": 72.645224,
        "p(90)": 36.8521874,
        "p(50)": 15.0990405,
        "p(95)": 38.5479417,
        "p(99)": 42.97169267999999,
        "count": 1000
      }
    },
    "data_sent": {
      "type": "counter",
      "contains": "data",
      "values": {
        "rate": 24944.804599110998,
        "count": 491000
      }
    },
    "http_reqs": {
      "type": "counter",
      "contains": "default",
      "values": {
        "count": 1000,
        "rate": 50.80408268658044
      }
    },
    "http_req_waiting": {
      "type": "trend",
      "contains": "time",
      "values": {
        "avg": 19.267336077000003,
        "p(50)": 14.9966685,
        "p(99)": 42.877548629999986,
        "p(99.99)": 72.05582613399976,
        "count": 1000,
        "min": 12.367276,
        "med": 14.9966685,
        "max": 72.563452,
        "p(90)": 36.715806400000005,
        "p(95)": 38.44906855
      }
    },
    "vus_max": {
      "type": "gauge",
      "contains": "default",
      "values": {
        "value": 1,
        "min": 1,
        "max": 1
      }
    },
    "http_req_blocked": {
      "type": "trend",
      "contains": "time",
      "values": {
        "p(90)": 0.006029700000000002,
        "p(99)": 0.18791330999999983,
        "p(99.99)": 0.7363136951999809,
        "count": 1000,
        "avg": 0.008016955999999995,
        "p(50)": 0.0039640000000000005,
        "max": 0.776169,
        "p(95)": 0.009366149999999998,
        "min": 0.002504,
        "med": 0.0039640000000000005
      }
    },
    "http_req_receiving": {
      "type": "trend",
      "contains": "time",
      "values": {
        "max": 0.619598,
        "p(90)": 0.1031213,
        "p(95)": 0.12211019999999999,
        "p(99)": 0.2580008,
        "p(99.99)": 0.5892135148999854,
        "avg": 0.08203559799999993,
        "min": 0.043565,
        "count": 1000,
        "med": 0.0747955,
        "p(50)": 0.0747955
      }
    },
    "response_time": {
      "type": "trend",
      "contains": "default",
      "values": {
        "avg": 19.37242994600001,
        "min": 12.456519,
        "max": 72.645224,
        "p(90)": 36.8521874,
        "p(95)": 38.5479417,
        "p(99.99)": 72.14184348439976,
        "count": 1000,
        "med": 15.0990405,
        "p(50)": 15.0990405,
        "p(99)": 42.97169267999999
      }
    },
    "checks": {
      "type": "rate",
      "contains": "default",
      "values": {
        "passes": 1000,
        "fails": 0,
        "rate": 1
      }
    },
    "reponse_size": {
      "type": "trend",
      "contains": "default",
      "values": {
        "avg": 205.782,
        "med": 206,
        "p(50)": 206,
        "p(95)": 206,
        "p(99)": 206,
        "min": 203,
        "max": 206,
        "p(90)": 206,
        "p(99.99)": 206,
        "count": 1000
      }
    }
  },
  "root_group": {
    "name": "",
    "path": "",
    "id": "d41d8cd98f00b204e9800998ecf8427e",
    "groups": [],
    "checks": [
        {
          "id": "548d37ca5f33793206f7832e7cea54fb",
          "passes": 1000,
          "fails": 0,
          "name": "is status 200",
          "path": "::is status 200"
        }
      ]
  },
  "options": {
    "summaryTrendStats": [
      "avg",
      "min",
      "med",
      "max",
      "p(50)",
      "p(90)",
      "p(95)",
      "p(99)",
      "p(99.99)",
      "count"
    ],
    "summaryTimeUnit": "ms",
    "noColor": false
  },
  "state": {
    "isStdOutTTY": false,
    "isStdErrTTY": false,
    "testRunDurationMs": 19683.457453
  }
}