{
  "root_group": {
    "name": "",
    "path": "",
    "id": "d41d8cd98f00b204e9800998ecf8427e",
    "groups": [],
    "checks": [
        {
          "name": "is status 200",
          "path": "::is status 200",
          "id": "548d37ca5f33793206f7832e7cea54fb",
          "passes": 10000,
          "fails": 0
        }
      ]
  },
  "options": {
    "summaryTimeUnit": "ms",
    "noColor": false,
    "summaryTrendStats": [
      "avg",
      "min",
      "med",
      "max",
      "p(50)",
      "p(90)",
      "p(95)",
      "p(99)",
      "p(99.99)",
      "count"
    ]
  },
  "state": {
    "isStdOutTTY": false,
    "isStdErrTTY": false,
    "testRunDurationMs": 51540.188736
  },
  "metrics": {
    "http_req_duration{expected_response:true}": {
      "contains": "time",
      "values": {
        "p(95)": 7.460974299999999,
        "p(99)": 11.604512650000002,
        "p(99.99)": 19.83731359459843,
        "avg": 4.92482772560002,
        "min": 2.816617,
        "p(90)": 6.215692300000001,
        "count": 10000,
        "med": 4.5719915,
        "max": 22.053038,
        "p(50)": 4.5719915
      },
      "type": "trend"
    },
    "data_sent": {
      "type": "counter",
      "contains": "data",
      "values": {
        "count": 3790000,
        "rate": 73534.84907502377
      }
    },
    "http_req_waiting": {
      "values": {
        "min": 2.744017,
        "max": 21.974524,
        "p(50)": 4.4756160000000005,
        "p(95)": 7.287113099999998,
        "p(99)": 11.46646156,
        "p(99.99)": 19.7189775771984,
        "avg": 4.820321781800016,
        "p(90)": 6.072763100000001,
        "count": 10000,
        "med": 4.4756160000000005
      },
      "type": "trend",
      "contains": "time"
    },
    "iteration_duration": {
      "type": "trend",
      "contains": "time",
      "values": {
        "p(95)": 7.6952223,
        "p(99)": 11.894068690000001,
        "p(99.99)": 20.082401035198515,
        "avg": 5.135573611100002,
        "med": 4.7770019999999995,
        "p(50)": 4.7770019999999995,
        "p(90)": 6.4548867,
        "count": 10000,
        "min": 2.957733,
        "max": 22.182543
      }
    },
    "vus_max": {
      "contains": "default",
      "values": {
        "min": 1,
        "max": 1,
        "value": 1
      },
      "type": "gauge"
    },
    "http_req_receiving": {
      "type": "trend",
      "contains": "time",
      "values": {
        "min": 0.031536,
        "med": 0.0755535,
        "max": 6.710076,
        "p(99.99)": 5.616777340799226,
        "p(99)": 0.23047562000000008,
        "count": 10000,
        "avg": 0.08555235630000001,
        "p(50)": 0.0755535,
        "p(90)": 0.09951120000000001,
        "p(95)": 0.11196319999999998
      }
    },
    "data_received": {
      "type": "counter",
      "contains": "data",
      "values": {
        "rate": 124312.69960648676,
        "count": 6407100
      }
    },
    "http_req_connecting": {
      "type": "trend",
      "contains": "time",
      "values": {
        "avg": 0.0017486159999999995,
        "min": 0,
        "p(50)": 0,
        "p(90)": 0,
        "count": 10000,
        "med": 0,
        "max": 0.368801,
        "p(95)": 0,
        "p(99)": 0.001092320000023843,
        "p(99.99)": 0.3130595746999606
      }
    },
    "http_req_tls_handshaking": {
      "values": {
        "p(99.99)": 0,
        "avg": 0,
        "med": 0,
        "p(95)": 0,
        "p(99)": 0,
        "count": 10000,
        "min": 0,
        "max": 0,
        "p(50)": 0,
        "p(90)": 0
      },
      "type": "trend",
      "contains": "time"
    },
    "http_req_duration": {
      "values": {
        "p(90)": 6.215692300000001,
        "p(99)": 11.604512650000002,
        "avg": 4.92482772560002,
        "med": 4.5719915,
        "p(50)": 4.5719915,
        "p(99.99)": 19.83731359459843,
        "count": 10000,
        "min": 2.816617,
        "max": 22.053038,
        "p(95)": 7.460974299999999
      },
      "type": "trend",
      "contains": "time"
    },
    "http_req_sending": {
      "type": "trend",
      "contains": "time",
      "values": {
        "p(95)": 0.02763319999999997,
        "p(99.99)": 0.31253831339992,
        "max": 0.425661,
        "p(50)": 0.017211499999999998,
        "p(90)": 0.0240437,
        "p(99)": 0.06751456000000002,
        "count": 10000,
        "avg": 0.018953587500000032,
        "min": 0.006909,
        "med": 0.017211499999999998
      }
    },
    "http_req_failed": {
      "type": "rate",
      "contains": "default",
      "values": {
        "rate": 0,
        "passes": 0,
        "fails": 10000
      }
    },
    "iterations": {
      "type": "counter",
      "contains": "default",
      "values": {
        "count": 10000,
        "rate": 194.02334848291233
      }
    },
    "http_req_blocked": {
      "type": "trend",
      "contains": "time",
      "values": {
        "min": 0.001657,
        "max": 0.47996,
        "p(50)": 0.004455,
        "p(90)": 0.0064061000000000005,
        "p(95)": 0.00842705,
        "p(99)": 0.16904718000000174,
        "p(99.99)": 0.4404539509999721,
        "avg": 0.007600885000000018,
        "med": 0.004455,
        "count": 10000
      }
    },
    "reponse_size": {
      "type": "trend",
      "contains": "default",
      "values": {
        "p(99.99)": 98,
        "count": 10000,
        "min": 97,
        "p(95)": 98,
        "p(99)": 98,
        "p(50)": 98,
        "p(90)": 98,
        "avg": 97.808,
        "med": 98,
        "max": 98
      }
    },
    "response_time": {
      "type": "trend",
      "contains": "default",
      "values": {
        "p(50)": 4.5719915,
        "p(90)": 6.215692300000001,
        "count": 10000,
        "avg": 4.92482772560002,
        "med": 4.5719915,
        "p(95)": 7.460974299999999,
        "p(99)": 11.604512650000002,
        "p(99.99)": 19.83731359459843,
        "min": 2.816617,
        "max": 22.053038
      }
    },
    "checks": {
      "type": "rate",
      "contains": "default",
      "values": {
        "rate": 1,
        "passes": 10000,
        "fails": 0
      }
    },
    "http_reqs": {
      "values": {
        "count": 10000,
        "rate": 194.02334848291233
      },
      "type": "counter",
      "contains": "default"
    },
    "vus": {
      "type": "gauge",
      "contains": "default",
      "values": {
        "value": 1,
        "min": 1,
        "max": 1
      }
    }
  }
}