{
  "metrics": {
    "vus": {
      "type": "gauge",
      "contains": "default",
      "values": {
        "value": 1,
        "min": 1,
        "max": 1
      }
    },
    "response_size": {
      "values": {
        "med": 21372,
        "max": 21372,
        "p(50)": 21372,
        "p(95)": 21372,
        "count": 1000,
        "min": 21372,
        "p(90)": 21372,
        "p(99)": 21372,
        "p(99.99)": 21372,
        "avg": 21372
      },
      "type": "trend",
      "contains": "default"
    },
    "http_req_receiving": {
      "type": "trend",
      "contains": "time",
      "values": {
        "max": 27.580461,
        "p(99.99)": 27.030369342299736,
        "p(99)": 0.49669185999999993,
        "count": 1000,
        "avg": 0.300523628,
        "min": 0.065281,
        "med": 0.21010600000000001,
        "p(50)": 0.21010600000000001,
        "p(90)": 0.3422598,
        "p(95)": 0.38645375
      }
    },
    "http_req_connecting": {
      "type": "trend",
      "contains": "time",
      "values": {
        "max": 0.196379,
        "p(50)": 0,
        "p(90)": 0,
        "p(95)": 0,
        "p(99)": 0,
        "p(99.99)": 0.1767607378999906,
        "avg": 0.000196379,
        "med": 0,
        "count": 1000,
        "min": 0
      }
    },
    "response_time": {
      "values": {
        "min": 2.06577,
        "med": 3.254162,
        "p(50)": 3.254162,
        "p(90)": 3.8985815,
        "p(99)": 8.482404529999966,
        "p(99.99)": 43.88823398039928,
        "avg": 3.4990087270000014,
        "p(95)": 4.309982999999999,
        "count": 1000,
        "max": 45.395106
      },
      "type": "trend",
      "contains": "default"
    },
    "reponse_size_body": {
      "contains": "default",
      "values": {
        "max": 20849,
        "p(50)": 20849,
        "p(95)": 20849,
        "p(99)": 20849,
        "avg": 20849,
        "med": 20849,
        "p(99.99)": 20849,
        "count": 1000,
        "min": 20849,
        "p(90)": 20849
      },
      "type": "trend"
    },
    "data_sent": {
      "type": "counter",
      "contains": "data",
      "values": {
        "rate": 102184.9387194696,
        "count": 397000
      }
    },
    "data_received": {
      "type": "counter",
      "contains": "data",
      "values": {
        "rate": 5524896.915158164,
        "count": 21464847
      }
    },
    "http_req_sending": {
      "type": "trend",
      "contains": "time",
      "values": {
        "avg": 0.024234845000000026,
        "min": 0.009903,
        "max": 0.206704,
        "p(90)": 0.0282581,
        "p(95)": 0.03327545,
        "p(99)": 0.05268812999999996,
        "med": 0.023531999999999997,
        "p(50)": 0.023531999999999997,
        "p(99.99)": 0.20643776649999987,
        "count": 1000
      }
    },
    "iterations": {
      "type": "counter",
      "contains": "default",
      "values": {
        "count": 1000,
        "rate": 257.3927927442559
      }
    },
    "http_req_tls_handshaking": {
      "type": "trend",
      "contains": "time",
      "values": {
        "count": 1000,
        "avg": 0,
        "min": 0,
        "p(95)": 0,
        "p(99)": 0,
        "p(99.99)": 0,
        "med": 0,
        "max": 0,
        "p(50)": 0,
        "p(90)": 0
      }
    },
    "http_reqs": {
      "type": "counter",
      "contains": "default",
      "values": {
        "count": 1000,
        "rate": 257.3927927442559
      }
    },
    "iteration_duration": {
      "type": "trend",
      "contains": "time",
      "values": {
        "max": 45.724591,
        "p(50)": 3.617166,
        "p(90)": 4.3075526,
        "p(95)": 4.7789227,
        "avg": 3.8640952230000005,
        "min": 2.27291,
        "med": 3.617166,
        "p(99)": 8.919676349999968,
        "p(99.99)": 44.23253524929928,
        "count": 1000
      }
    },
    "vus_max": {
      "type": "gauge",
      "contains": "default",
      "values": {
        "value": 1,
        "min": 1,
        "max": 1
      }
    },
    "http_req_duration{expected_response:true}": {
      "type": "trend",
      "contains": "time",
      "values": {
        "count": 1000,
        "p(50)": 3.254162,
        "p(95)": 4.309982999999999,
        "p(99)": 8.482404529999966,
        "max": 45.395106,
        "p(90)": 3.8985815,
        "p(99.99)": 43.88823398039928,
        "avg": 3.4990087270000014,
        "min": 2.06577,
        "med": 3.254162
      }
    },
    "http_req_failed": {
      "type": "rate",
      "contains": "default",
      "values": {
        "rate": 0,
        "passes": 0,
        "fails": 1000
      }
    },
    "http_req_duration": {
      "contains": "time",
      "values": {
        "med": 3.254162,
        "count": 1000,
        "p(90)": 3.8985815,
        "p(95)": 4.309982999999999,
        "p(99)": 8.482404529999966,
        "p(99.99)": 43.88823398039928,
        "avg": 3.4990087270000014,
        "min": 2.06577,
        "max": 45.395106,
        "p(50)": 3.254162
      },
      "type": "trend"
    },
    "http_req_waiting": {
      "type": "trend",
      "contains": "time",
      "values": {
        "min": 1.820763,
        "p(50)": 3.005165,
        "p(90)": 3.5911149,
        "p(95)": 4.000529599999999,
        "p(99)": 5.5069529799999986,
        "count": 1000,
        "avg": 3.1742502540000044,
        "max": 45.227873,
        "p(99.99)": 43.543060798699194,
        "med": 3.005165
      }
    },
    "checks": {
      "type": "rate",
      "contains": "default",
      "values": {
        "rate": 1,
        "passes": 1000,
        "fails": 0
      }
    },
    "http_req_blocked": {
      "type": "trend",
      "contains": "time",
      "values": {
        "p(90)": 0.007275,
        "p(99)": 0.017986469999999994,
        "p(99.99)": 0.2977473025999934,
        "count": 1000,
        "avg": 0.006466025000000006,
        "min": 0.002283,
        "max": 0.311636,
        "med": 0.005705,
        "p(50)": 0.005705,
        "p(95)": 0.008501749999999999
      }
    }
  },
  "root_group": {
    "groups": [],
    "checks": [
        {
          "fails": 0,
          "name": "is status 200",
          "path": "::is status 200",
          "id": "548d37ca5f33793206f7832e7cea54fb",
          "passes": 1000
        }
      ],
    "name": "",
    "path": "",
    "id": "d41d8cd98f00b204e9800998ecf8427e"
  },
  "options": {
    "summaryTimeUnit": "ms",
    "noColor": false,
    "summaryTrendStats": [
      "avg",
      "min",
      "med",
      "max",
      "p(50)",
      "p(90)",
      "p(95)",
      "p(99)",
      "p(99.99)",
      "count"
    ]
  },
  "state": {
    "isStdOutTTY": false,
    "isStdErrTTY": false,
    "testRunDurationMs": 3885.112669
  }
}