{
  "metrics": {
    "iterations": {
      "type": "counter",
      "contains": "default",
      "values": {
        "count": 1000,
        "rate": 262.438714107544
      }
    },
    "http_req_waiting": {
      "type": "trend",
      "contains": "time",
      "values": {
        "min": 1.97968,
        "med": 3.0250255,
        "p(90)": 3.6341259,
        "avg": 3.184486854000005,
        "max": 33.843847,
        "p(50)": 3.0250255,
        "p(95)": 3.932690799999999,
        "p(99)": 5.638161279999999,
        "p(99.99)": 33.52687938489984,
        "count": 1000
      }
    },
    "vus": {
      "type": "gauge",
      "contains": "default",
      "values": {
        "min": 1,
        "max": 1,
        "value": 1
      }
    },
    "http_req_receiving": {
      "type": "trend",
      "contains": "time",
      "values": {
        "med": 0.1937775,
        "max": 2.101368,
        "p(99)": 0.5065772700000001,
        "p(99.99)": 1.9938703052999485,
        "count": 1000,
        "avg": 0.21565033799999994,
        "min": 0.062057,
        "p(50)": 0.1937775,
        "p(90)": 0.3426521,
        "p(95)": 0.39274465
      }
    },
    "http_req_duration{expected_response:true}": {
      "type": "trend",
      "contains": "time",
      "values": {
        "p(50)": 3.248703,
        "p(99)": 5.9468641,
        "p(99.99)": 33.677473477699856,
        "avg": 3.4247325750000024,
        "min": 2.218669,
        "med": 3.248703,
        "max": 33.986342,
        "p(90)": 3.9309064,
        "p(95)": 4.181903799999998,
        "count": 1000
      }
    },
    "http_req_failed": {
      "values": {
        "rate": 0,
        "passes": 0,
        "fails": 1000
      },
      "type": "rate",
      "contains": "default"
    },
    "http_req_tls_handshaking": {
      "type": "trend",
      "contains": "time",
      "values": {
        "min": 0,
        "med": 0,
        "max": 0,
        "p(90)": 0,
        "count": 1000,
        "avg": 0,
        "p(95)": 0,
        "p(99)": 0,
        "p(99.99)": 0,
        "p(50)": 0
      }
    },
    "checks": {
      "type": "rate",
      "contains": "default",
      "values": {
        "rate": 1,
        "passes": 1000,
        "fails": 0
      }
    },
    "reponse_size_body": {
      "type": "trend",
      "contains": "default",
      "values": {
        "p(50)": 20847,
        "p(99)": 20847,
        "count": 1000,
        "avg": 20847,
        "med": 20847,
        "p(90)": 20847,
        "p(95)": 20847,
        "p(99.99)": 20847,
        "min": 20847,
        "max": 20847
      }
    },
    "http_req_duration": {
      "type": "trend",
      "contains": "time",
      "values": {
        "p(90)": 3.9309064,
        "p(95)": 4.181903799999998,
        "p(99)": 5.9468641,
        "count": 1000,
        "avg": 3.4247325750000024,
        "med": 3.248703,
        "p(50)": 3.248703,
        "min": 2.218669,
        "max": 33.986342,
        "p(99.99)": 33.677473477699856
      }
    },
    "response_time": {
      "type": "trend",
      "contains": "default",
      "values": {
        "p(99)": 5.9468641,
        "p(99.99)": 33.677473477699856,
        "count": 1000,
        "min": 2.218669,
        "max": 33.986342,
        "p(90)": 3.9309064,
        "p(95)": 4.181903799999998,
        "avg": 3.4247325750000024,
        "med": 3.248703,
        "p(50)": 3.248703
      }
    },
    "response_size": {
      "type": "trend",
      "contains": "default",
      "values": {
        "avg": 21370,
        "min": 21370,
        "p(50)": 21370,
        "p(90)": 21370,
        "p(95)": 21370,
        "count": 1000,
        "med": 21370,
        "max": 21370,
        "p(99)": 21370,
        "p(99.99)": 21370
      }
    },
    "http_reqs": {
      "type": "counter",
      "contains": "default",
      "values": {
        "count": 1000,
        "rate": 262.438714107544
      }
    },
    "http_req_blocked": {
      "type": "trend",
      "contains": "time",
      "values": {
        "max": 0.415728,
        "p(90)": 0.0074025,
        "p(99.99)": 0.38098507769998335,
        "p(50)": 0.0056685,
        "p(95)": 0.008441849999999999,
        "p(99)": 0.017004459999999996,
        "count": 1000,
        "avg": 0.006366152000000003,
        "min": 0.002639,
        "med": 0.0056685
      }
    },
    "vus_max": {
      "type": "gauge",
      "contains": "default",
      "values": {
        "value": 1,
        "min": 1,
        "max": 1
      }
    },
    "http_req_connecting": {
      "type": "trend",
      "contains": "time",
      "values": {
        "avg": 0.00031470799999999997,
        "min": 0,
        "p(95)": 0,
        "p(99)": 0,
        "p(99.99)": 0.2832686707999849,
        "med": 0,
        "max": 0.314708,
        "p(50)": 0,
        "p(90)": 0,
        "count": 1000
      }
    },
    "iteration_duration": {
      "type": "trend",
      "contains": "time",
      "values": {
        "p(50)": 3.633743,
        "p(95)": 4.7034690999999995,
        "p(99.99)": 34.06858936539985,
        "avg": 3.7884487729999985,
        "med": 3.633743,
        "max": 34.371052,
        "count": 1000,
        "min": 2.545847,
        "p(90)": 4.3643457,
        "p(99)": 6.34607415
      }
    },
    "data_received": {
      "values": {
        "count": 21462679,
        "rate": 5632637.878062989
      },
      "type": "counter",
      "contains": "data"
    },
    "http_req_sending": {
      "type": "trend",
      "contains": "time",
      "values": {
        "avg": 0.02459538299999999,
        "min": 0.010663,
        "p(90)": 0.0282127,
        "p(95)": 0.03340639999999999,
        "p(99.99)": 0.23450772239999756,
        "med": 0.0230435,
        "max": 0.239625,
        "p(50)": 0.0230435,
        "p(99)": 0.06671993999999994,
        "count": 1000
      }
    },
    "data_sent": {
      "type": "counter",
      "contains": "data",
      "values": {
        "count": 397000,
        "rate": 104188.16950069497
      }
    }
  },
  "root_group": {
    "id": "d41d8cd98f00b204e9800998ecf8427e",
    "groups": [],
    "checks": [
        {
          "name": "is status 200",
          "path": "::is status 200",
          "id": "548d37ca5f33793206f7832e7cea54fb",
          "passes": 1000,
          "fails": 0
        }
      ],
    "name": "",
    "path": ""
  },
  "options": {
    "summaryTimeUnit": "ms",
    "noColor": false,
    "summaryTrendStats": [
      "avg",
      "min",
      "med",
      "max",
      "p(50)",
      "p(90)",
      "p(95)",
      "p(99)",
      "p(99.99)",
      "count"
    ]
  },
  "state": {
    "isStdErrTTY": false,
    "testRunDurationMs": 3810.413427,
    "isStdOutTTY": false
  }
}