{
  "state": {
    "isStdOutTTY": false,
    "isStdErrTTY": false,
    "testRunDurationMs": 16446.284414
  },
  "metrics": {
    "iteration_duration": {
      "type": "trend",
      "contains": "time",
      "values": {
        "min": 0.891059,
        "p(99.99)": 9.690513282399165,
        "avg": 1.628345436900001,
        "med": 1.5257755,
        "max": 10.873219,
        "p(50)": 1.5257755,
        "p(90)": 1.8557723000000002,
        "p(95)": 2.0222259999999994,
        "p(99)": 6.359771910000137,
        "count": 10000
      }
    },
    "http_req_blocked": {
      "type": "trend",
      "contains": "time",
      "values": {
        "p(90)": 0.0056311,
        "p(99)": 0.17486757000000305,
        "min": 0.001862,
        "med": 0.0045015,
        "max": 0.421315,
        "p(99.99)": 0.4005710745999853,
        "count": 10000,
        "avg": 0.007314222200000002,
        "p(50)": 0.0045015,
        "p(95)": 0.006672399999999994
      }
    },
    "data_sent": {
      "type": "counter",
      "contains": "data",
      "values": {
        "count": 3780000,
        "rate": 229839.14815326018
      }
    },
    "checks": {
      "type": "rate",
      "contains": "default",
      "values": {
        "rate": 1,
        "passes": 10000,
        "fails": 0
      }
    },
    "iterations": {
      "type": "counter",
      "contains": "default",
      "values": {
        "count": 10000,
        "rate": 608.0400744795243
      }
    },
    "http_reqs": {
      "type": "counter",
      "contains": "default",
      "values": {
        "count": 10000,
        "rate": 608.0400744795243
      }
    },
    "http_req_connecting": {
      "type": "trend",
      "contains": "time",
      "values": {
        "med": 0,
        "p(90)": 0,
        "p(99.99)": 0.25662873059995944,
        "count": 10000,
        "avg": 0.001616495099999999,
        "max": 0.313929,
        "p(50)": 0,
        "p(95)": 0,
        "p(99)": 0.0011708500000255572,
        "min": 0
      }
    },
    "http_req_sending": {
      "values": {
        "p(99.99)": 0.29821135219994804,
        "avg": 0.018035257099999983,
        "med": 0.0170795,
        "p(90)": 0.021040100000000003,
        "p(99)": 0.053389420000000076,
        "count": 10000,
        "min": 0.00699,
        "max": 0.371726,
        "p(50)": 0.0170795,
        "p(95)": 0.02406719999999997
      },
      "type": "trend",
      "contains": "time"
    },
    "http_req_duration": {
      "type": "trend",
      "contains": "time",
      "values": {
        "max": 9.661304,
        "p(50)": 1.3342304999999999,
        "p(99.99)": 9.148806254899638,
        "p(95)": 1.7944952499999987,
        "p(99)": 6.019061460000132,
        "count": 10000,
        "avg": 1.4339941750000007,
        "min": 0.786212,
        "med": 1.3342304999999999,
        "p(90)": 1.6506503000000001
      }
    },
    "reponse_size_body": {
      "type": "trend",
      "contains": "default",
      "values": {
        "avg": 44,
        "min": 44,
        "med": 44,
        "p(50)": 44,
        "p(95)": 44,
        "p(99.99)": 44,
        "max": 44,
        "p(90)": 44,
        "p(99)": 44,
        "count": 10000
      }
    },
    "vus": {
      "type": "gauge",
      "contains": "default",
      "values": {
        "value": 1,
        "min": 1,
        "max": 1
      }
    },
    "http_req_tls_handshaking": {
      "values": {
        "med": 0,
        "max": 0,
        "p(50)": 0,
        "p(95)": 0,
        "p(99)": 0,
        "avg": 0,
        "min": 0,
        "count": 10000,
        "p(90)": 0,
        "p(99.99)": 0
      },
      "type": "trend",
      "contains": "time"
    },
    "http_req_receiving": {
      "type": "trend",
      "contains": "time",
      "values": {
        "count": 10000,
        "avg": 0.07070001030000009,
        "min": 0.026549,
        "med": 0.0610875,
        "p(90)": 0.08486670000000003,
        "p(95)": 0.10426589999999994,
        "p(99)": 0.2504656100000001,
        "p(99.99)": 2.064906865099718,
        "max": 2.463518,
        "p(50)": 0.0610875
      }
    },
    "response_size": {
      "type": "trend",
      "contains": "default",
      "values": {
        "max": 544,
        "p(90)": 544,
        "count": 10000,
        "med": 544,
        "min": 492,
        "p(50)": 544,
        "p(95)": 544,
        "p(99)": 544,
        "p(99.99)": 544,
        "avg": 543.48
      }
    },
    "vus_max": {
      "type": "gauge",
      "contains": "default",
      "values": {
        "value": 1,
        "min": 1,
        "max": 1
      }
    },
    "response_time": {
      "contains": "default",
      "values": {
        "max": 9.661304,
        "p(95)": 1.7944952499999987,
        "p(99.99)": 9.148806254899638,
        "count": 10000,
        "avg": 1.4339941750000007,
        "med": 1.3342304999999999,
        "p(50)": 1.3342304999999999,
        "p(90)": 1.6506503000000001,
        "p(99)": 6.019061460000132,
        "min": 0.786212
      },
      "type": "trend"
    },
    "http_req_waiting": {
      "values": {
        "max": 9.423906,
        "p(50)": 1.2504755,
        "p(90)": 1.5454392000000003,
        "p(99)": 5.881765100000134,
        "p(99.99)": 8.996394755399697,
        "min": 0.741646,
        "med": 1.2504755,
        "count": 10000,
        "avg": 1.3452589076,
        "p(95)": 1.6735227999999993
      },
      "type": "trend",
      "contains": "time"
    },
    "data_received": {
      "type": "counter",
      "contains": "data",
      "values": {
        "rate": 356743.1920978817,
        "count": 5867100
      }
    },
    "http_req_duration{expected_response:true}": {
      "type": "trend",
      "contains": "time",
      "values": {
        "avg": 1.4339941750000007,
        "max": 9.661304,
        "p(50)": 1.3342304999999999,
        "p(99)": 6.019061460000132,
        "p(99.99)": 9.148806254899638,
        "min": 0.786212,
        "med": 1.3342304999999999,
        "p(90)": 1.6506503000000001,
        "p(95)": 1.7944952499999987,
        "count": 10000
      }
    },
    "http_req_failed": {
      "type": "rate",
      "contains": "default",
      "values": {
        "rate": 0,
        "passes": 0,
        "fails": 10000
      }
    }
  },
  "root_group": {
    "name": "",
    "path": "",
    "id": "d41d8cd98f00b204e9800998ecf8427e",
    "groups": [],
    "checks": [
        {
          "name": "is status 200",
          "path": "::is status 200",
          "id": "548d37ca5f33793206f7832e7cea54fb",
          "passes": 10000,
          "fails": 0
        }
      ]
  },
  "options": {
    "noColor": false,
    "summaryTrendStats": [
      "avg",
      "min",
      "med",
      "max",
      "p(50)",
      "p(90)",
      "p(95)",
      "p(99)",
      "p(99.99)",
      "count"
    ],
    "summaryTimeUnit": "ms"
  }
}