{
  "state": {
    "isStdOutTTY": false,
    "isStdErrTTY": false,
    "testRunDurationMs": 8672.819254
  },
  "metrics": {
    "response_size": {
      "type": "trend",
      "contains": "default",
      "values": {
        "med": 7528,
        "max": 7528,
        "p(90)": 7528,
        "count": 1000,
        "p(99)": 7528,
        "p(99.99)": 7528,
        "avg": 7528,
        "min": 7528,
        "p(50)": 7528,
        "p(95)": 7528
      }
    },
    "http_reqs": {
      "type": "counter",
      "contains": "default",
      "values": {
        "count": 1000,
        "rate": 115.30276034967395
      }
    },
    "response_time": {
      "values": {
        "min": 3.64938,
        "max": 76.300599,
        "p(99)": 55.293720549999996,
        "p(90)": 9.864185100000004,
        "p(95)": 29.62727305,
        "p(99.99)": 75.4504297202996,
        "count": 1000,
        "avg": 8.404388223,
        "med": 5.718897500000001,
        "p(50)": 5.718897500000001
      },
      "type": "trend",
      "contains": "default"
    },
    "http_req_sending": {
      "values": {
        "min": 0.011998,
        "p(90)": 0.0287091,
        "p(99)": 0.048553139999999995,
        "avg": 0.022977845,
        "med": 0.021445,
        "max": 0.268763,
        "p(50)": 0.021445,
        "p(95)": 0.0320692,
        "p(99.99)": 0.25154873149999174,
        "count": 1000
      },
      "type": "trend",
      "contains": "time"
    },
    "http_req_duration{expected_response:true}": {
      "type": "trend",
      "contains": "time",
      "values": {
        "p(99.99)": 75.4504297202996,
        "count": 1000,
        "min": 3.64938,
        "max": 76.300599,
        "p(90)": 9.864185100000004,
        "p(95)": 29.62727305,
        "p(99)": 55.293720549999996,
        "avg": 8.404388223,
        "med": 5.718897500000001,
        "p(50)": 5.718897500000001
      }
    },
    "vus_max": {
      "type": "gauge",
      "contains": "default",
      "values": {
        "value": 1,
        "min": 1,
        "max": 1
      }
    },
    "data_received": {
      "type": "counter",
      "contains": "data",
      "values": {
        "count": 7602186,
        "rate": 876553.0304916464
      }
    },
    "checks": {
      "contains": "default",
      "values": {
        "rate": 1,
        "passes": 1000,
        "fails": 0
      },
      "type": "rate"
    },
    "iteration_duration": {
      "contains": "time",
      "values": {
        "avg": 8.650596892000006,
        "min": 3.842823,
        "p(50)": 5.953863,
        "p(90)": 10.203608800000001,
        "count": 1000,
        "med": 5.953863,
        "max": 76.613257,
        "p(95)": 29.8674823,
        "p(99)": 55.56049572,
        "p(99.99)": 75.7681928100996
      },
      "type": "trend"
    },
    "reponse_size_body": {
      "type": "trend",
      "contains": "default",
      "values": {
        "p(50)": 7147,
        "p(90)": 7147,
        "p(99)": 7147,
        "p(99.99)": 7147,
        "med": 7147,
        "max": 7147,
        "p(95)": 7147,
        "count": 1000,
        "avg": 7147,
        "min": 7147
      }
    },
    "http_req_blocked": {
      "type": "trend",
      "contains": "time",
      "values": {
        "p(50)": 0.00531,
        "avg": 0.006246294000000011,
        "min": 0.002945,
        "p(90)": 0.0074708000000000005,
        "p(95)": 0.008940149999999994,
        "p(99)": 0.015618889999999972,
        "p(99.99)": 0.30931321199998935,
        "count": 1000,
        "med": 0.00531,
        "max": 0.331503
      }
    },
    "http_req_duration": {
      "contains": "time",
      "values": {
        "count": 1000,
        "avg": 8.404388223,
        "max": 76.300599,
        "p(99)": 55.293720549999996,
        "p(99.99)": 75.4504297202996,
        "p(95)": 29.62727305,
        "min": 3.64938,
        "med": 5.718897500000001,
        "p(50)": 5.718897500000001,
        "p(90)": 9.864185100000004
      },
      "type": "trend"
    },
    "http_req_connecting": {
      "type": "trend",
      "contains": "time",
      "values": {
        "p(50)": 0,
        "p(99)": 0,
        "count": 1000,
        "max": 0.190794,
        "p(90)": 0,
        "p(95)": 0,
        "p(99.99)": 0.17173367939999087,
        "avg": 0.000190794,
        "min": 0,
        "med": 0
      }
    },
    "http_req_failed": {
      "contains": "default",
      "values": {
        "rate": 0,
        "passes": 0,
        "fails": 1000
      },
      "type": "rate"
    },
    "iterations": {
      "contains": "default",
      "values": {
        "count": 1000,
        "rate": 115.30276034967395
      },
      "type": "counter"
    },
    "vus": {
      "type": "gauge",
      "contains": "default",
      "values": {
        "value": 1,
        "min": 1,
        "max": 1
      }
    },
    "http_req_tls_handshaking": {
      "type": "trend",
      "contains": "time",
      "values": {
        "count": 1000,
        "med": 0,
        "p(50)": 0,
        "p(90)": 0,
        "p(95)": 0,
        "p(99.99)": 0,
        "avg": 0,
        "min": 0,
        "max": 0,
        "p(99)": 0
      }
    },
    "data_sent": {
      "type": "counter",
      "contains": "data",
      "values": {
        "count": 403000,
        "rate": 46467.0124209186
      }
    },
    "http_req_receiving": {
      "type": "trend",
      "contains": "time",
      "values": {
        "p(50)": 0.15758149999999999,
        "avg": 0.6815447369999991,
        "min": 0.056816,
        "p(90)": 0.4031214000000001,
        "p(95)": 0.49767539999999966,
        "p(99)": 21.805725719999998,
        "p(99.99)": 52.414888343899875,
        "count": 1000,
        "med": 0.15758149999999999,
        "max": 52.668878
      }
    },
    "http_req_waiting": {
      "type": "trend",
      "contains": "time",
      "values": {
        "p(95)": 22.469804249999992,
        "p(99.99)": 65.8371261357999,
        "avg": 7.699865641000001,
        "max": 66.044854,
        "p(50)": 5.4337085,
        "p(90)": 8.4182336,
        "min": 3.515292,
        "med": 5.4337085,
        "p(99)": 52.63086464,
        "count": 1000
      }
    }
  },
  "root_group": {
    "name": "",
    "path": "",
    "id": "d41d8cd98f00b204e9800998ecf8427e",
    "groups": [],
    "checks": [
        {
          "name": "is status 200",
          "path": "::is status 200",
          "id": "548d37ca5f33793206f7832e7cea54fb",
          "passes": 1000,
          "fails": 0
        }
      ]
  },
  "options": {
    "noColor": false,
    "summaryTrendStats": [
      "avg",
      "min",
      "med",
      "max",
      "p(50)",
      "p(90)",
      "p(95)",
      "p(99)",
      "p(99.99)",
      "count"
    ],
    "summaryTimeUnit": "ms"
  }
}