{
  "state": {
    "isStdOutTTY": false,
    "isStdErrTTY": false,
    "testRunDurationMs": 2962.120024
  },
  "metrics": {
    "http_req_duration{expected_response:true}": {
      "type": "trend",
      "contains": "time",
      "values": {
        "count": 1000,
        "max": 62.846482,
        "p(50)": 1.8055539999999999,
        "p(99)": 45.65260642999997,
        "p(90)": 2.5024209,
        "p(95)": 3.8784995499999986,
        "p(99.99)": 62.579462586699876,
        "avg": 2.739784409999997,
        "min": 1.190674,
        "med": 1.8055539999999999
      }
    },
    "http_req_blocked": {
      "type": "trend",
      "contains": "time",
      "values": {
        "med": 0.0043455,
        "max": 0.379921,
        "p(50)": 0.0043455,
        "p(90)": 0.006255800000000001,
        "p(95)": 0.007886149999999996,
        "p(99)": 0.19195878999999974,
        "avg": 0.007601739000000006,
        "p(99.99)": 0.37524967599999776,
        "count": 1000,
        "min": 0.001612
      }
    },
    "response_size": {
      "type": "trend",
      "contains": "default",
      "values": {
        "avg": 1110.48,
        "min": 1059,
        "p(90)": 1111,
        "p(99)": 1111,
        "med": 1111,
        "max": 1111,
        "p(50)": 1111,
        "p(95)": 1111,
        "p(99.99)": 1111,
        "count": 1000
      }
    },
    "data_received": {
      "type": "counter",
      "contains": "data",
      "values": {
        "count": 1154710,
        "rate": 389825.527204903
      }
    },
    "checks": {
      "type": "rate",
      "contains": "default",
      "values": {
        "rate": 1,
        "passes": 1000,
        "fails": 0
      }
    },
    "http_req_duration": {
      "type": "trend",
      "contains": "time",
      "values": {
        "p(95)": 3.8784995499999986,
        "min": 1.190674,
        "p(50)": 1.8055539999999999,
        "p(90)": 2.5024209,
        "p(99)": 45.65260642999997,
        "p(99.99)": 62.579462586699876,
        "count": 1000,
        "avg": 2.739784409999997,
        "med": 1.8055539999999999,
        "max": 62.846482
      }
    },
    "reponse_size_body": {
      "type": "trend",
      "contains": "default",
      "values": {
        "p(99)": 609,
        "avg": 609,
        "min": 609,
        "med": 609,
        "p(95)": 609,
        "p(99.99)": 609,
        "count": 1000,
        "max": 609,
        "p(50)": 609,
        "p(90)": 609
      }
    },
    "http_req_sending": {
      "type": "trend",
      "contains": "time",
      "values": {
        "p(99.99)": 0.10027511519999889,
        "avg": 0.018608555000000016,
        "p(90)": 0.0230378,
        "p(95)": 0.0264247,
        "p(50)": 0.017315999999999998,
        "p(99)": 0.06016662999999999,
        "count": 1000,
        "min": 0.006265,
        "med": 0.017315999999999998,
        "max": 0.102588
      }
    },
    "http_req_receiving": {
      "contains": "time",
      "values": {
        "p(95)": 0.11929264999999999,
        "p(99)": 0.3163205799999999,
        "p(99.99)": 43.51296944189791,
        "count": 1000,
        "avg": 0.13473106700000007,
        "p(90)": 0.0965174,
        "max": 47.884935,
        "p(50)": 0.06697700000000001,
        "min": 0.034607,
        "med": 0.06697700000000001
      },
      "type": "trend"
    },
    "iterations": {
      "type": "counter",
      "contains": "default",
      "values": {
        "count": 1000,
        "rate": 337.59604333980224
      }
    },
    "vus": {
      "contains": "default",
      "values": {
        "value": 1,
        "min": 1,
        "max": 1
      },
      "type": "gauge"
    },
    "http_req_tls_handshaking": {
      "type": "trend",
      "contains": "time",
      "values": {
        "avg": 0,
        "min": 0,
        "max": 0,
        "p(50)": 0,
        "p(99)": 0,
        "count": 1000,
        "med": 0,
        "p(90)": 0,
        "p(95)": 0,
        "p(99.99)": 0
      }
    },
    "http_reqs": {
      "contains": "default",
      "values": {
        "count": 1000,
        "rate": 337.59604333980224
      },
      "type": "counter"
    },
    "http_req_connecting": {
      "type": "trend",
      "contains": "time",
      "values": {
        "p(95)": 0,
        "p(99)": 0.0013982199999987284,
        "p(99.99)": 0.2728997396999993,
        "count": 1000,
        "avg": 0.001762162,
        "min": 0,
        "med": 0,
        "max": 0.274338,
        "p(50)": 0,
        "p(90)": 0
      }
    },
    "data_sent": {
      "type": "counter",
      "contains": "data",
      "values": {
        "count": 409000,
        "rate": 138076.78172597912
      }
    },
    "http_req_failed": {
      "type": "rate",
      "contains": "default",
      "values": {
        "rate": 0,
        "passes": 0,
        "fails": 1000
      }
    },
    "response_time": {
      "type": "trend",
      "contains": "default",
      "values": {
        "med": 1.8055539999999999,
        "max": 62.846482,
        "p(90)": 2.5024209,
        "p(99)": 45.65260642999997,
        "p(99.99)": 62.579462586699876,
        "count": 1000,
        "avg": 2.739784409999997,
        "min": 1.190674,
        "p(50)": 1.8055539999999999,
        "p(95)": 3.8784995499999986
      }
    },
    "iteration_duration": {
      "type": "trend",
      "contains": "time",
      "values": {
        "p(50)": 2.0030525,
        "p(95)": 4.0948524,
        "p(99)": 45.997901359999965,
        "p(99.99)": 62.827807041099874,
        "count": 1000,
        "min": 1.357252,
        "max": 63.093682,
        "p(90)": 2.7288377,
        "avg": 2.9455914930000033,
        "med": 2.0030525
      }
    },
    "http_req_waiting": {
      "type": "trend",
      "contains": "time",
      "values": {
        "med": 1.709807,
        "p(50)": 1.709807,
        "p(99.99)": 62.44529456619986,
        "count": 1000,
        "min": 1.10905,
        "max": 62.730775,
        "p(90)": 2.357466,
        "p(95)": 3.589605649999998,
        "p(99)": 40.71959787999996,
        "avg": 2.586444788000001
      }
    },
    "vus_max": {
      "type": "gauge",
      "contains": "default",
      "values": {
        "value": 1,
        "min": 1,
        "max": 1
      }
    }
  },
  "root_group": {
    "path": "",
    "id": "d41d8cd98f00b204e9800998ecf8427e",
    "groups": [],
    "checks": [
        {
          "name": "is status 200",
          "path": "::is status 200",
          "id": "548d37ca5f33793206f7832e7cea54fb",
          "passes": 1000,
          "fails": 0
        }
      ],
    "name": ""
  },
  "options": {
    "summaryTrendStats": [
      "avg",
      "min",
      "med",
      "max",
      "p(50)",
      "p(90)",
      "p(95)",
      "p(99)",
      "p(99.99)",
      "count"
    ],
    "summaryTimeUnit": "ms",
    "noColor": false
  }
}