{
  "metrics": {
    "http_req_receiving": {
      "contains": "time",
      "values": {
        "max": 1.832439,
        "p(50)": 0.062357499999999996,
        "p(90)": 0.08730410000000001,
        "p(95)": 0.10445019999999994,
        "p(99)": 0.23865792000000025,
        "p(99.99)": 1.4515450931997307,
        "min": 0.022018,
        "med": 0.062357499999999996,
        "count": 10000,
        "avg": 0.07019359570000007
      },
      "type": "trend"
    },
    "data_sent": {
      "type": "counter",
      "contains": "data",
      "values": {
        "rate": 203760.72691440646,
        "count": 4090000
      }
    },
    "http_req_connecting": {
      "type": "trend",
      "contains": "time",
      "values": {
        "avg": 0.0016837167000000005,
        "min": 0,
        "p(50)": 0,
        "p(99)": 0.0011534200000251767,
        "med": 0,
        "max": 0.561572,
        "p(90)": 0,
        "p(95)": 0,
        "p(99.99)": 0.39611754709988295,
        "count": 10000
      }
    },
    "http_reqs": {
      "type": "counter",
      "contains": "default",
      "values": {
        "count": 10000,
        "rate": 498.19248634329205
      }
    },
    "http_req_waiting": {
      "values": {
        "p(99.99)": 9.750652472399247,
        "count": 10000,
        "min": 0.870283,
        "med": 1.6116735000000002,
        "max": 10.81527,
        "p(50)": 1.6116735000000002,
        "p(90)": 1.9925192000000003,
        "p(95)": 2.1970802999999997,
        "p(99)": 6.553323710000098,
        "avg": 1.7022521180999963
      },
      "type": "trend",
      "contains": "time"
    },
    "iterations": {
      "type": "counter",
      "contains": "default",
      "values": {
        "count": 10000,
        "rate": 498.19248634329205
      }
    },
    "http_req_sending": {
      "values": {
        "min": 0.005193,
        "max": 0.25994,
        "p(90)": 0.021543200000000002,
        "count": 10000,
        "avg": 0.01822054009999994,
        "med": 0.017258,
        "p(50)": 0.017258,
        "p(95)": 0.024349599999999992,
        "p(99)": 0.056526660000000055,
        "p(99.99)": 0.20826916759996345
      },
      "type": "trend",
      "contains": "time"
    },
    "data_received": {
      "type": "counter",
      "contains": "data",
      "values": {
        "count": 21147100,
        "rate": 1053532.6327950233
      }
    },
    "reponse_size_body": {
      "type": "trend",
      "contains": "default",
      "values": {
        "p(95)": 1569,
        "p(99)": 1569,
        "p(99.99)": 1569,
        "count": 10000,
        "min": 1569,
        "med": 1569,
        "p(50)": 1569,
        "p(90)": 1569,
        "avg": 1569,
        "max": 1569
      }
    },
    "iteration_duration": {
      "type": "trend",
      "contains": "time",
      "values": {
        "med": 1.8965239999999999,
        "p(99)": 7.090159760000098,
        "p(99.99)": 10.94479886969979,
        "p(95)": 2.5579220499999984,
        "count": 10000,
        "avg": 1.991916402999994,
        "min": 1.024479,
        "max": 11.243466,
        "p(50)": 1.8965239999999999,
        "p(90)": 2.3147074
      }
    },
    "vus_max": {
      "contains": "default",
      "values": {
        "value": 1,
        "min": 1,
        "max": 1
      },
      "type": "gauge"
    },
    "checks": {
      "type": "rate",
      "contains": "default",
      "values": {
        "rate": 1,
        "passes": 10000,
        "fails": 0
      }
    },
    "response_time": {
      "type": "trend",
      "contains": "default",
      "values": {
        "avg": 1.790666253900005,
        "max": 10.959157,
        "count": 10000,
        "p(95)": 2.323194249999999,
        "p(99)": 6.701544920000096,
        "p(99.99)": 9.889235002899243,
        "min": 0.915318,
        "med": 1.697557,
        "p(50)": 1.697557,
        "p(90)": 2.0932125
      }
    },
    "response_size": {
      "type": "trend",
      "contains": "default",
      "values": {
        "min": 2019,
        "p(90)": 2071,
        "p(99)": 2071,
        "count": 10000,
        "avg": 2070.48,
        "med": 2071,
        "max": 2071,
        "p(50)": 2071,
        "p(95)": 2071,
        "p(99.99)": 2071
      }
    },
    "http_req_duration": {
      "type": "trend",
      "contains": "time",
      "values": {
        "med": 1.697557,
        "max": 10.959157,
        "p(90)": 2.0932125,
        "p(99)": 6.701544920000096,
        "count": 10000,
        "avg": 1.790666253900005,
        "p(50)": 1.697557,
        "p(95)": 2.323194249999999,
        "p(99.99)": 9.889235002899243,
        "min": 0.915318
      }
    },
    "http_req_blocked": {
      "type": "trend",
      "contains": "time",
      "values": {
        "min": 0.001346,
        "med": 0.004185,
        "max": 0.893577,
        "p(99)": 0.17315836000000015,
        "p(99.99)": 0.5762377370997755,
        "count": 10000,
        "avg": 0.006953476100000009,
        "p(50)": 0.004185,
        "p(90)": 0.005391,
        "p(95)": 0.006406
      }
    },
    "vus": {
      "values": {
        "value": 1,
        "min": 1,
        "max": 1
      },
      "type": "gauge",
      "contains": "default"
    },
    "http_req_tls_handshaking": {
      "values": {
        "med": 0,
        "p(95)": 0,
        "p(99)": 0,
        "p(99.99)": 0,
        "avg": 0,
        "min": 0,
        "max": 0,
        "p(50)": 0,
        "p(90)": 0,
        "count": 10000
      },
      "type": "trend",
      "contains": "time"
    },
    "http_req_duration{expected_response:true}": {
      "values": {
        "avg": 1.790666253900005,
        "med": 1.697557,
        "max": 10.959157,
        "p(95)": 2.323194249999999,
        "count": 10000,
        "min": 0.915318,
        "p(50)": 1.697557,
        "p(90)": 2.0932125,
        "p(99)": 6.701544920000096,
        "p(99.99)": 9.889235002899243
      },
      "type": "trend",
      "contains": "time"
    },
    "http_req_failed": {
      "type": "rate",
      "contains": "default",
      "values": {
        "rate": 0,
        "passes": 0,
        "fails": 10000
      }
    }
  },
  "root_group": {
    "path": "",
    "id": "d41d8cd98f00b204e9800998ecf8427e",
    "groups": [],
    "checks": [
        {
          "name": "is status 200",
          "path": "::is status 200",
          "id": "548d37ca5f33793206f7832e7cea54fb",
          "passes": 10000,
          "fails": 0
        }
      ],
    "name": ""
  },
  "options": {
    "summaryTrendStats": [
      "avg",
      "min",
      "med",
      "max",
      "p(50)",
      "p(90)",
      "p(95)",
      "p(99)",
      "p(99.99)",
      "count"
    ],
    "summaryTimeUnit": "ms",
    "noColor": false
  },
  "state": {
    "isStdOutTTY": false,
    "isStdErrTTY": false,
    "testRunDurationMs": 20072.562863
  }
}