{
  "options": {
    "summaryTrendStats": [
      "avg",
      "min",
      "med",
      "max",
      "p(50)",
      "p(90)",
      "p(95)",
      "p(99)",
      "p(99.99)",
      "count"
    ],
    "summaryTimeUnit": "ms",
    "noColor": false
  },
  "state": {
    "isStdOutTTY": false,
    "isStdErrTTY": false,
    "testRunDurationMs": 17464.680395
  },
  "metrics": {
    "vus": {
      "contains": "default",
      "values": {
        "max": 1,
        "value": 1,
        "min": 1
      },
      "type": "gauge"
    },
    "http_req_duration{expected_response:true}": {
      "type": "trend",
      "contains": "time",
      "values": {
        "p(95)": 32.123477799999996,
        "p(99)": 33.96088073,
        "p(99.99)": 36.88405708059998,
        "avg": 17.23895107800001,
        "med": 14.0383225,
        "max": 36.9217,
        "p(50)": 14.0383225,
        "min": 11.304717,
        "p(90)": 29.8831395,
        "count": 1000
      }
    },
    "response_time": {
      "type": "trend",
      "contains": "default",
      "values": {
        "avg": 17.23895107800001,
        "med": 14.0383225,
        "p(99)": 33.96088073,
        "p(99.99)": 36.88405708059998,
        "count": 1000,
        "min": 11.304717,
        "max": 36.9217,
        "p(50)": 14.0383225,
        "p(90)": 29.8831395,
        "p(95)": 32.123477799999996
      }
    },
    "reponse_size": {
      "values": {
        "max": 97,
        "p(99)": 97,
        "p(99.99)": 97,
        "count": 1000,
        "avg": 97,
        "min": 97,
        "med": 97,
        "p(50)": 97,
        "p(90)": 97,
        "p(95)": 97
      },
      "type": "trend",
      "contains": "default"
    },
    "iterations": {
      "contains": "default",
      "values": {
        "rate": 57.25841970095784,
        "count": 1000
      },
      "type": "counter"
    },
    "vus_max": {
      "type": "gauge",
      "contains": "default",
      "values": {
        "min": 1,
        "max": 1,
        "value": 1
      }
    },
    "http_req_sending": {
      "type": "trend",
      "contains": "time",
      "values": {
        "max": 0.351306,
        "p(50)": 0.014752999999999999,
        "p(90)": 0.0231108,
        "p(95)": 0.028597050000000002,
        "p(99)": 0.08746248999999996,
        "avg": 0.01860401699999998,
        "min": 0.009701,
        "med": 0.014752999999999999,
        "count": 1000,
        "p(99.99)": 0.34445325959999673
      }
    },
    "data_sent": {
      "type": "counter",
      "contains": "data",
      "values": {
        "count": 378000,
        "rate": 21643.68264696206
      }
    },
    "http_reqs": {
      "type": "counter",
      "contains": "default",
      "values": {
        "count": 1000,
        "rate": 57.25841970095784
      }
    },
    "http_req_duration": {
      "type": "trend",
      "contains": "time",
      "values": {
        "avg": 17.23895107800001,
        "count": 1000,
        "p(99.99)": 36.88405708059998,
        "min": 11.304717,
        "med": 14.0383225,
        "max": 36.9217,
        "p(50)": 14.0383225,
        "p(90)": 29.8831395,
        "p(95)": 32.123477799999996,
        "p(99)": 33.96088073
      }
    },
    "data_received": {
      "type": "counter",
      "contains": "data",
      "values": {
        "count": 639710,
        "rate": 36628.78366689974
      }
    },
    "iteration_duration": {
      "contains": "time",
      "values": {
        "p(99)": 34.199053049999996,
        "avg": 17.445934012000013,
        "min": 11.482661,
        "med": 14.253405,
        "p(50)": 14.253405,
        "p(90)": 30.095575600000004,
        "max": 37.126692,
        "p(95)": 32.348806749999994,
        "p(99.99)": 37.092089836799985,
        "count": 1000
      },
      "type": "trend"
    },
    "http_req_receiving": {
      "type": "trend",
      "contains": "time",
      "values": {
        "avg": 0.116813711,
        "med": 0.07815649999999999,
        "max": 17.301128,
        "p(95)": 0.12049115,
        "count": 1000,
        "min": 0.047262,
        "p(50)": 0.07815649999999999,
        "p(90)": 0.10407730000000001,
        "p(99)": 0.29004894,
        "p(99.99)": 16.40773248979957
      }
    },
    "http_req_failed": {
      "contains": "default",
      "values": {
        "rate": 0,
        "passes": 0,
        "fails": 1000
      },
      "type": "rate"
    },
    "http_req_waiting": {
      "type": "trend",
      "contains": "time",
      "values": {
        "count": 1000,
        "med": 13.916146000000001,
        "p(90)": 29.773802,
        "p(95)": 31.9886227,
        "p(99)": 33.87461455,
        "p(99.99)": 36.75757179879998,
        "avg": 17.103533349999978,
        "min": 11.219784,
        "max": 36.796132,
        "p(50)": 13.916146000000001
      }
    },
    "checks": {
      "values": {
        "rate": 1,
        "passes": 1000,
        "fails": 0
      },
      "type": "rate",
      "contains": "default"
    },
    "http_req_blocked": {
      "type": "trend",
      "contains": "time",
      "values": {
        "p(99)": 0.0377919599999983,
        "avg": 0.007500313000000009,
        "min": 0.002425,
        "med": 0.004012,
        "p(95)": 0.009361099999999997,
        "p(99.99)": 0.33738296139999935,
        "count": 1000,
        "max": 0.338743,
        "p(50)": 0.004012,
        "p(90)": 0.006121199999999999
      }
    },
    "http_req_connecting": {
      "contains": "time",
      "values": {
        "med": 0,
        "p(90)": 0,
        "p(95)": 0,
        "p(99)": 0.0012093699999989002,
        "p(99.99)": 0.24726286549999982,
        "avg": 0.0020271319999999996,
        "min": 0,
        "count": 1000,
        "max": 0.247628,
        "p(50)": 0
      },
      "type": "trend"
    },
    "http_req_tls_handshaking": {
      "type": "trend",
      "contains": "time",
      "values": {
        "p(99.99)": 0,
        "count": 1000,
        "avg": 0,
        "p(90)": 0,
        "p(95)": 0,
        "p(99)": 0,
        "min": 0,
        "med": 0,
        "max": 0,
        "p(50)": 0
      }
    }
  },
  "root_group": {
    "name": "",
    "path": "",
    "id": "d41d8cd98f00b204e9800998ecf8427e",
    "groups": [],
    "checks": [
        {
          "name": "is status 200",
          "path": "::is status 200",
          "id": "548d37ca5f33793206f7832e7cea54fb",
          "passes": 1000,
          "fails": 0
        }
      ]
  }
}