{
  "metrics": {
    "http_req_blocked": {
      "type": "trend",
      "contains": "time",
      "values": {
        "min": 0.001785,
        "p(50)": 0.005543,
        "p(99)": 0.016316850000000018,
        "avg": 0.005935463299999977,
        "med": 0.005543,
        "max": 0.773845,
        "p(90)": 0.00696,
        "p(95)": 0.0079,
        "p(99.99)": 0.2189384961996075,
        "count": 10000
      }
    },
    "vus_max": {
      "type": "gauge",
      "contains": "default",
      "values": {
        "value": 1,
        "min": 1,
        "max": 1
      }
    },
    "http_req_receiving": {
      "type": "trend",
      "contains": "time",
      "values": {
        "p(95)": 0.23280639999999989,
        "count": 10000,
        "p(50)": 0.118126,
        "p(90)": 0.18023410000000004,
        "p(99)": 0.3581035800000002,
        "p(99.99)": 8.923870337198421,
        "avg": 0.1344094187999995,
        "min": 0.045277,
        "med": 0.118126,
        "max": 11.157019
      }
    },
    "response_size": {
      "contains": "default",
      "values": {
        "avg": 7528,
        "p(90)": 7528,
        "p(99.99)": 7528,
        "count": 10000,
        "min": 7528,
        "med": 7528,
        "max": 7528,
        "p(50)": 7528,
        "p(95)": 7528,
        "p(99)": 7528
      },
      "type": "trend"
    },
    "http_req_tls_handshaking": {
      "type": "trend",
      "contains": "time",
      "values": {
        "p(50)": 0,
        "p(90)": 0,
        "p(95)": 0,
        "p(99)": 0,
        "avg": 0,
        "min": 0,
        "med": 0,
        "max": 0,
        "count": 10000,
        "p(99.99)": 0
      }
    },
    "vus": {
      "type": "gauge",
      "contains": "default",
      "values": {
        "value": 1,
        "min": 1,
        "max": 1
      }
    },
    "http_reqs": {
      "values": {
        "rate": 280.28677711005344,
        "count": 10000
      },
      "type": "counter",
      "contains": "default"
    },
    "http_req_sending": {
      "type": "trend",
      "contains": "time",
      "values": {
        "min": 0.00805,
        "med": 0.022995,
        "p(50)": 0.022995,
        "count": 10000,
        "avg": 0.02345976479999998,
        "max": 1.572083,
        "p(90)": 0.0270233,
        "p(95)": 0.02948659999999999,
        "p(99)": 0.05079249000000001,
        "p(99.99)": 0.4103161882991783
      }
    },
    "iteration_duration": {
      "type": "trend",
      "contains": "time",
      "values": {
        "min": 1.966643,
        "max": 52.954428,
        "p(50)": 3.5297349999999996,
        "p(99)": 5.752857630000001,
        "count": 10000,
        "avg": 3.5473887514999936,
        "med": 3.5297349999999996,
        "p(90)": 4.0247821,
        "p(95)": 4.373222299999995,
        "p(99.99)": 16.612473558874296
      }
    },
    "response_time": {
      "contains": "default",
      "values": {
        "p(50)": 3.2897935,
        "p(90)": 3.7609985,
        "p(95)": 4.103503499999998,
        "p(99)": 5.50071707,
        "p(99.99)": 16.395728485874358,
        "med": 3.2897935,
        "min": 1.832182,
        "max": 52.646962,
        "count": 10000,
        "avg": 3.3101469134000037
      },
      "type": "trend"
    },
    "checks": {
      "type": "rate",
      "contains": "default",
      "values": {
        "rate": 1,
        "passes": 10000,
        "fails": 0
      }
    },
    "data_received": {
      "type": "counter",
      "contains": "data",
      "values": {
        "count": 76022214,
        "rate": 2130802.1350830784
      }
    },
    "iterations": {
      "contains": "default",
      "values": {
        "count": 10000,
        "rate": 280.28677711005344
      },
      "type": "counter"
    },
    "http_req_duration": {
      "type": "trend",
      "contains": "time",
      "values": {
        "avg": 3.3101469134000037,
        "min": 1.832182,
        "med": 3.2897935,
        "p(50)": 3.2897935,
        "count": 10000,
        "max": 52.646962,
        "p(90)": 3.7609985,
        "p(95)": 4.103503499999998,
        "p(99)": 5.50071707,
        "p(99.99)": 16.395728485874358
      }
    },
    "http_req_failed": {
      "type": "rate",
      "contains": "default",
      "values": {
        "rate": 0,
        "passes": 0,
        "fails": 10000
      }
    },
    "reponse_size_body": {
      "type": "trend",
      "contains": "default",
      "values": {
        "p(99.99)": 7147,
        "avg": 7147,
        "min": 7147,
        "med": 7147,
        "max": 7147,
        "p(95)": 7147,
        "p(50)": 7147,
        "p(90)": 7147,
        "p(99)": 7147,
        "count": 10000
      }
    },
    "data_sent": {
      "type": "counter",
      "contains": "data",
      "values": {
        "count": 4030000,
        "rate": 112955.57117535154
      }
    },
    "http_req_duration{expected_response:true}": {
      "contains": "time",
      "values": {
        "p(99)": 5.50071707,
        "p(99.99)": 16.395728485874358,
        "avg": 3.3101469134000037,
        "med": 3.2897935,
        "max": 52.646962,
        "p(50)": 3.2897935,
        "min": 1.832182,
        "p(90)": 3.7609985,
        "p(95)": 4.103503499999998,
        "count": 10000
      },
      "type": "trend"
    },
    "http_req_connecting": {
      "values": {
        "avg": 0.000030596800000000005,
        "min": 0,
        "med": 0,
        "max": 0.305968,
        "p(95)": 0,
        "p(99.99)": 0.00003059679978361237,
        "p(50)": 0,
        "p(90)": 0,
        "p(99)": 0,
        "count": 10000
      },
      "type": "trend",
      "contains": "time"
    },
    "http_req_waiting": {
      "type": "trend",
      "contains": "time",
      "values": {
        "count": 10000,
        "min": 1.753007,
        "p(50)": 3.1361145,
        "p(90)": 3.5855853000000004,
        "p(95)": 3.9127390999999996,
        "p(99.99)": 16.301121206774404,
        "avg": 3.1522777297999958,
        "med": 3.1361145,
        "max": 52.48957,
        "p(99)": 5.314773090000001
      }
    }
  },
  "root_group": {
    "name": "",
    "path": "",
    "id": "d41d8cd98f00b204e9800998ecf8427e",
    "groups": [],
    "checks": [
        {
          "path": "::is status 200",
          "id": "548d37ca5f33793206f7832e7cea54fb",
          "passes": 10000,
          "fails": 0,
          "name": "is status 200"
        }
      ]
  },
  "options": {
    "summaryTrendStats": [
      "avg",
      "min",
      "med",
      "max",
      "p(50)",
      "p(90)",
      "p(95)",
      "p(99)",
      "p(99.99)",
      "count"
    ],
    "summaryTimeUnit": "ms",
    "noColor": false
  },
  "state": {
    "isStdOutTTY": false,
    "isStdErrTTY": false,
    "testRunDurationMs": 35677.744427
  }
}