{
  "root_group": {
    "name": "",
    "path": "",
    "id": "d41d8cd98f00b204e9800998ecf8427e",
    "groups": [],
    "checks": [
        {
          "name": "status is 200",
          "path": "::status is 200",
          "id": "6210a8cd14cd70477eba5c5e4cb3fb5f",
          "passes": 1000,
          "fails": 0
        }
      ]
  },
  "options": {
    "summaryTrendStats": [
      "avg",
      "min",
      "med",
      "max",
      "p(50)",
      "p(90)",
      "p(95)",
      "p(99)",
      "p(99.99)",
      "count"
    ],
    "summaryTimeUnit": "ms",
    "noColor": false
  },
  "state": {
    "testRunDurationMs": 88528.913984,
    "isStdOutTTY": false,
    "isStdErrTTY": false
  },
  "metrics": {
    "iteration_duration": {
      "type": "trend",
      "contains": "time",
      "values": {
        "p(50)": 89.5948105,
        "p(90)": 95.43928559999999,
        "p(95)": 99.10136329999999,
        "count": 1000,
        "avg": 88.50389018799997,
        "min": 59.367448,
        "med": 89.5948105,
        "max": 247.989632,
        "p(99)": 131.48386407999996,
        "p(99.99)": 247.90865585719996
      }
    },
    "vus": {
      "type": "gauge",
      "contains": "default",
      "values": {
        "value": 1,
        "min": 1,
        "max": 1
      }
    },
    "http_req_tls_handshaking": {
      "type": "trend",
      "contains": "time",
      "values": {
        "med": 0,
        "max": 0,
        "p(95)": 0,
        "p(99)": 0,
        "avg": 0,
        "min": 0,
        "p(99.99)": 0,
        "count": 1000,
        "p(50)": 0,
        "p(90)": 0
      }
    },
    "http_req_receiving": {
      "type": "trend",
      "contains": "time",
      "values": {
        "med": 0.09987750000000001,
        "p(90)": 0.1408885,
        "p(99.99)": 21.433339288399058,
        "avg": 0.138682643,
        "min": 0.052671,
        "max": 23.39906,
        "p(50)": 0.09987750000000001,
        "p(95)": 0.22460289999999983,
        "p(99)": 0.3479866099999998,
        "count": 1000
      }
    },
    "reponse_size": {
      "type": "trend",
      "contains": "default",
      "values": {
        "p(99.99)": 97,
        "avg": 97,
        "min": 97,
        "med": 97,
        "max": 97,
        "p(50)": 97,
        "p(90)": 97,
        "p(95)": 97,
        "p(99)": 97,
        "count": 1000
      }
    },
    "checks": {
      "contains": "default",
      "values": {
        "rate": 1,
        "passes": 1000,
        "fails": 0
      },
      "type": "rate"
    },
    "http_req_sending": {
      "type": "trend",
      "contains": "time",
      "values": {
        "p(99.99)": 0.3857640704999988,
        "avg": 0.029704091999999994,
        "min": 0.012762,
        "med": 0.021951,
        "max": 0.388332,
        "p(50)": 0.021951,
        "p(90)": 0.037594999999999996,
        "p(95)": 0.06475709999999991,
        "count": 1000,
        "p(99)": 0.19307132999999982
      }
    },
    "response_time": {
      "values": {
        "p(95)": 98.41033325,
        "p(99.99)": 247.15575815499997,
        "avg": 87.87606674500013,
        "min": 58.861588,
        "med": 88.957269,
        "p(50)": 88.957269,
        "max": 247.223845,
        "p(90)": 94.76065310000001,
        "p(99)": 130.83319494999998,
        "count": 1000
      },
      "type": "trend",
      "contains": "default"
    },
    "http_req_duration{expected_response:true}": {
      "type": "trend",
      "contains": "time",
      "values": {
        "p(99)": 130.83319494999998,
        "med": 88.957269,
        "p(90)": 94.76065310000001,
        "p(95)": 98.41033325,
        "p(50)": 88.957269,
        "p(99.99)": 247.15575815499997,
        "count": 1000,
        "avg": 87.87606674500013,
        "min": 58.861588,
        "max": 247.223845
      }
    },
    "data_sent": {
      "values": {
        "count": 485000,
        "rate": 5478.436119612345
      },
      "type": "counter",
      "contains": "data"
    },
    "iterations": {
      "type": "counter",
      "contains": "default",
      "values": {
        "count": 1000,
        "rate": 11.295744576520299
      }
    },
    "http_req_connecting": {
      "type": "trend",
      "contains": "time",
      "values": {
        "p(50)": 0,
        "p(99)": 0.0011795299999989273,
        "count": 1000,
        "avg": 0.002070729,
        "min": 0,
        "med": 0,
        "max": 0.307212,
        "p(90)": 0,
        "p(95)": 0,
        "p(99.99)": 0.2999350841999965
      }
    },
    "vus_max": {
      "contains": "default",
      "values": {
        "value": 1,
        "min": 1,
        "max": 1
      },
      "type": "gauge"
    },
    "http_req_waiting": {
      "contains": "time",
      "values": {
        "avg": 87.70768001,
        "med": 88.815416,
        "p(50)": 88.815416,
        "p(99.99)": 247.01848182419997,
        "count": 1000,
        "min": 58.747758,
        "max": 247.095429,
        "p(90)": 94.6624564,
        "p(95)": 98.24703619999998,
        "p(99)": 130.72492396999996
      },
      "type": "trend"
    },
    "http_reqs": {
      "type": "counter",
      "contains": "default",
      "values": {
        "count": 1000,
        "rate": 11.295744576520299
      }
    },
    "http_req_blocked": {
      "type": "trend",
      "contains": "time",
      "values": {
        "p(50)": 0.004334,
        "min": 0.002362,
        "med": 0.004334,
        "max": 0.453029,
        "p(90)": 0.0070384,
        "p(95)": 0.012340799999999989,
        "p(99)": 0.1226685999999994,
        "p(99.99)": 0.44708475019999716,
        "avg": 0.008432113999999996,
        "count": 1000
      }
    },
    "http_req_failed": {
      "type": "rate",
      "contains": "default",
      "values": {
        "rate": 0,
        "passes": 0,
        "fails": 1000
      }
    },
    "data_received": {
      "contains": "data",
      "values": {
        "count": 639710,
        "rate": 7226.0007630458
      },
      "type": "counter"
    },
    "http_req_duration": {
      "type": "trend",
      "contains": "time",
      "values": {
        "min": 58.861588,
        "med": 88.957269,
        "p(90)": 94.76065310000001,
        "p(99)": 130.83319494999998,
        "p(99.99)": 247.15575815499997,
        "avg": 87.87606674500013,
        "max": 247.223845,
        "p(50)": 88.957269,
        "p(95)": 98.41033325,
        "count": 1000
      }
    }
  }
}