{
  "options": {
    "summaryTrendStats": [
      "avg",
      "min",
      "med",
      "max",
      "p(50)",
      "p(90)",
      "p(95)",
      "p(99)",
      "p(99.99)",
      "count"
    ],
    "summaryTimeUnit": "ms",
    "noColor": false
  },
  "state": {
    "isStdOutTTY": false,
    "isStdErrTTY": false,
    "testRunDurationMs": 88987.930692
  },
  "metrics": {
    "data_sent": {
      "type": "counter",
      "contains": "data",
      "values": {
        "count": 530000,
        "rate": 5955.863855677306
      }
    },
    "http_req_tls_handshaking": {
      "type": "trend",
      "contains": "time",
      "values": {
        "avg": 0,
        "min": 0,
        "med": 0,
        "p(50)": 0,
        "p(90)": 0,
        "p(99.99)": 0,
        "max": 0,
        "p(95)": 0,
        "p(99)": 0,
        "count": 1000
      }
    },
    "reponse_size": {
      "type": "trend",
      "contains": "default",
      "values": {
        "avg": 211.785,
        "p(50)": 212,
        "p(90)": 212,
        "p(99)": 212,
        "min": 209,
        "med": 212,
        "max": 212,
        "p(95)": 212,
        "p(99.99)": 212,
        "count": 1000
      }
    },
    "checks": {
      "values": {
        "rate": 1,
        "passes": 1000,
        "fails": 0
      },
      "type": "rate",
      "contains": "default"
    },
    "iteration_duration": {
      "type": "trend",
      "contains": "time",
      "values": {
        "max": 112.822713,
        "p(50)": 91.07303350000001,
        "p(99)": 102.48746347999999,
        "p(99.99)": 112.76236340999996,
        "avg": 88.96029318300008,
        "min": 60.716205,
        "p(95)": 98.52531454999999,
        "count": 1000,
        "med": 91.07303350000001,
        "p(90)": 96.2969464
      }
    },
    "http_req_receiving": {
      "type": "trend",
      "contains": "time",
      "values": {
        "avg": 0.17216598800000002,
        "p(50)": 0.10128100000000001,
        "p(99)": 0.4137461999999975,
        "count": 1000,
        "min": 0.047558,
        "med": 0.10128100000000001,
        "max": 25.524102,
        "p(90)": 0.14431070000000001,
        "p(95)": 0.21448549999999966,
        "p(99.99)": 25.40524677419994
      }
    },
    "http_req_failed": {
      "type": "rate",
      "contains": "default",
      "values": {
        "rate": 0,
        "passes": 0,
        "fails": 1000
      }
    },
    "vus_max": {
      "type": "gauge",
      "contains": "default",
      "values": {
        "value": 1,
        "min": 1,
        "max": 1
      }
    },
    "http_req_duration": {
      "type": "trend",
      "contains": "time",
      "values": {
        "min": 60.430727,
        "p(50)": 90.743165,
        "p(99)": 102.18492832,
        "p(90)": 95.9354699,
        "p(95)": 98.19952275,
        "p(99.99)": 112.34439270819998,
        "count": 1000,
        "avg": 88.613123472,
        "med": 90.743165,
        "max": 112.391254
      }
    },
    "data_received": {
      "type": "counter",
      "contains": "data",
      "values": {
        "rate": 7466.012467460692,
        "count": 664385
      }
    },
    "http_reqs": {
      "values": {
        "rate": 11.237478972976048,
        "count": 1000
      },
      "type": "counter",
      "contains": "default"
    },
    "http_req_waiting": {
      "type": "trend",
      "contains": "time",
      "values": {
        "p(99.99)": 112.02658723499991,
        "count": 1000,
        "avg": 88.40988331899987,
        "max": 112.212636,
        "p(95)": 98.07000065,
        "p(90)": 95.80730530000001,
        "p(99)": 102.08033228000001,
        "min": 60.274873,
        "med": 90.5533785,
        "p(50)": 90.5533785
      }
    },
    "http_req_duration{expected_response:true}": {
      "type": "trend",
      "contains": "time",
      "values": {
        "min": 60.430727,
        "med": 90.743165,
        "max": 112.391254,
        "avg": 88.613123472,
        "p(50)": 90.743165,
        "p(90)": 95.9354699,
        "p(95)": 98.19952275,
        "p(99)": 102.18492832,
        "p(99.99)": 112.34439270819998,
        "count": 1000
      }
    },
    "response_time": {
      "contains": "default",
      "values": {
        "med": 90.743165,
        "max": 112.391254,
        "p(50)": 90.743165,
        "p(90)": 95.9354699,
        "p(99.99)": 112.34439270819998,
        "avg": 88.613123472,
        "min": 60.430727,
        "p(95)": 98.19952275,
        "p(99)": 102.18492832,
        "count": 1000
      },
      "type": "trend"
    },
    "vus": {
      "type": "gauge",
      "contains": "default",
      "values": {
        "min": 1,
        "max": 1,
        "value": 1
      }
    },
    "http_req_blocked": {
      "type": "trend",
      "contains": "time",
      "values": {
        "med": 0.004777999999999999,
        "max": 0.425673,
        "p(90)": 0.008696200000000001,
        "p(95)": 0.012302799999999968,
        "count": 1000,
        "avg": 0.006629775000000002,
        "min": 0.002506,
        "p(99.99)": 0.4007713265999881,
        "p(50)": 0.004777999999999999,
        "p(99)": 0.032249029999999984
      }
    },
    "http_req_sending": {
      "type": "trend",
      "contains": "time",
      "values": {
        "min": 0.012723,
        "med": 0.0251385,
        "p(50)": 0.0251385,
        "p(99.99)": 0.3565550611999989,
        "count": 1000,
        "avg": 0.031074165000000018,
        "max": 0.358814,
        "p(90)": 0.03791560000000001,
        "p(95)": 0.06531294999999998,
        "p(99)": 0.19330717999999997
      }
    },
    "http_req_connecting": {
      "type": "trend",
      "contains": "time",
      "values": {
        "p(50)": 0,
        "p(95)": 0,
        "p(99.99)": 0.2982796384999841,
        "med": 0,
        "max": 0.331385,
        "p(90)": 0,
        "p(99)": 0,
        "count": 1000,
        "avg": 0.00033138499999999996,
        "min": 0
      }
    },
    "iterations": {
      "type": "counter",
      "contains": "default",
      "values": {
        "count": 1000,
        "rate": 11.237478972976048
      }
    }
  },
  "root_group": {
    "name": "",
    "path": "",
    "id": "d41d8cd98f00b204e9800998ecf8427e",
    "groups": [],
    "checks": [
        {
          "fails": 0,
          "name": "is status 200",
          "path": "::is status 200",
          "id": "548d37ca5f33793206f7832e7cea54fb",
          "passes": 1000
        }
      ]
  }
}