{
  "Total" : {
    "transaction" : "Total",
    "sampleCount" : 15000,
    "errorCount" : 0,
    "errorPct" : 0.0,
    "meanResTime" : 2.4465333333333312,
    "medianResTime" : 2.0,
    "minResTime" : 0.0,
    "maxResTime" : 58.0,
    "pct1ResTime" : 4.0,
    "pct2ResTime" : 4.0,
    "pct3ResTime" : 8.0,
    "throughput" : 388.00796709692435,
    "receivedKBytesPerSec" : 550.8311150863965,
    "sentKBytesPerSec" : 46.98533976564319
  },
  "HTTP Request" : {
    "transaction" : "HTTP Request",
    "sampleCount" : 15000,
    "errorCount" : 0,
    "errorPct" : 0.0,
    "meanResTime" : 2.4465333333333312,
    "medianResTime" : 2.0,
    "minResTime" : 0.0,
    "maxResTime" : 58.0,
    "pct1ResTime" : 4.0,
    "pct2ResTime" : 4.0,
    "pct3ResTime" : 8.0,
    "throughput" : 388.00796709692435,
    "receivedKBytesPerSec" : 550.8311150863965,
    "sentKBytesPerSec" : 46.98533976564319
  }
}