{
  "state": {
    "isStdErrTTY": false,
    "testRunDurationMs": 19999.464842,
    "isStdOutTTY": false
  },
  "metrics": {
    "data_received": {
      "type": "counter",
      "contains": "data",
      "values": {
        "count": 683419,
        "rate": 34171.86436732956
      }
    },
    "http_req_waiting": {
      "type": "trend",
      "contains": "time",
      "values": {
        "avg": 19.369884395000014,
        "med": 16.927468500000003,
        "p(95)": 30.99742625,
        "p(99.99)": 44.65454250269966,
        "count": 1000,
        "min": 13.947608,
        "max": 45.371028,
        "p(50)": 16.927468500000003,
        "p(90)": 29.233393900000003,
        "p(99)": 33.35523198999999
      }
    },
    "vus": {
      "type": "gauge",
      "contains": "default",
      "values": {
        "value": 1,
        "min": 1,
        "max": 1
      }
    },
    "reponse_size": {
      "type": "trend",
      "contains": "default",
      "values": {
        "min": 97,
        "med": 97,
        "p(90)": 97,
        "p(99.99)": 97,
        "count": 1000,
        "avg": 97,
        "max": 97,
        "p(50)": 97,
        "p(95)": 97,
        "p(99)": 97
      }
    },
    "http_req_connecting": {
      "type": "trend",
      "contains": "time",
      "values": {
        "p(90)": 0,
        "p(99)": 0,
        "avg": 0.000193733,
        "max": 0.193733,
        "p(50)": 0,
        "p(99.99)": 0.17437907329999072,
        "count": 1000,
        "min": 0,
        "med": 0,
        "p(95)": 0
      }
    },
    "response_time": {
      "values": {
        "p(95)": 31.119806049999998,
        "p(99)": 33.46513942,
        "p(99.99)": 44.76125872859966,
        "min": 14.030196,
        "med": 17.0666205,
        "p(50)": 17.0666205,
        "count": 1000,
        "avg": 19.496689374000017,
        "max": 45.475872,
        "p(90)": 29.3226686
      },
      "type": "trend",
      "contains": "default"
    },
    "http_req_receiving": {
      "type": "trend",
      "contains": "time",
      "values": {
        "p(99)": 0.40337101999999997,
        "count": 1000,
        "med": 0.079739,
        "max": 6.224279,
        "p(50)": 0.079739,
        "p(90)": 0.1099355,
        "p(95)": 0.17664469999999913,
        "avg": 0.10274598099999999,
        "min": 0.043735,
        "p(99.99)": 6.019795687999903
      }
    },
    "http_req_duration": {
      "values": {
        "p(99)": 33.46513942,
        "avg": 19.496689374000017,
        "p(50)": 17.0666205,
        "p(95)": 31.119806049999998,
        "p(90)": 29.3226686,
        "p(99.99)": 44.76125872859966,
        "count": 1000,
        "min": 14.030196,
        "med": 17.0666205,
        "max": 45.475872
      },
      "type": "trend",
      "contains": "time"
    },
    "vus_max": {
      "type": "gauge",
      "contains": "default",
      "values": {
        "value": 1,
        "min": 1,
        "max": 1
      }
    },
    "checks": {
      "type": "rate",
      "contains": "default",
      "values": {
        "rate": 1,
        "passes": 1000,
        "fails": 0
      }
    },
    "data_sent": {
      "contains": "data",
      "values": {
        "count": 475000,
        "rate": 23750.635517130107
      },
      "type": "counter"
    },
    "http_reqs": {
      "contains": "default",
      "values": {
        "count": 1000,
        "rate": 50.001337930800226
      },
      "type": "counter"
    },
    "iteration_duration": {
      "type": "trend",
      "contains": "time",
      "values": {
        "p(99.99)": 45.32294072929965,
        "count": 1000,
        "min": 14.472652,
        "med": 17.578469,
        "p(50)": 17.578469,
        "p(90)": 29.787600400000002,
        "p(95)": 31.567114699999994,
        "p(99)": 34.064051240000005,
        "avg": 19.981499738999993,
        "max": 46.047245
      }
    },
    "iterations": {
      "type": "counter",
      "contains": "default",
      "values": {
        "count": 1000,
        "rate": 50.001337930800226
      }
    },
    "http_req_failed": {
      "contains": "default",
      "values": {
        "rate": 0,
        "passes": 0,
        "fails": 1000
      },
      "type": "rate"
    },
    "http_req_duration{expected_response:true}": {
      "type": "trend",
      "contains": "time",
      "values": {
        "avg": 19.496689374000017,
        "max": 45.475872,
        "p(99)": 33.46513942,
        "min": 14.030196,
        "med": 17.0666205,
        "p(50)": 17.0666205,
        "p(90)": 29.3226686,
        "p(95)": 31.119806049999998,
        "p(99.99)": 44.76125872859966,
        "count": 1000
      }
    },
    "http_req_tls_handshaking": {
      "type": "trend",
      "contains": "time",
      "values": {
        "avg": 0,
        "min": 0,
        "med": 0,
        "max": 0,
        "p(99)": 0,
        "p(50)": 0,
        "p(90)": 0,
        "p(95)": 0,
        "p(99.99)": 0,
        "count": 1000
      }
    },
    "http_req_sending": {
      "type": "trend",
      "contains": "time",
      "values": {
        "avg": 0.024058997999999943,
        "min": 0.012977,
        "max": 0.30401,
        "p(50)": 0.021134,
        "p(95)": 0.03595884999999999,
        "count": 1000,
        "med": 0.021134,
        "p(90)": 0.0290445,
        "p(99)": 0.0846787599999999,
        "p(99.99)": 0.29591300509999613
      }
    },
    "http_req_blocked": {
      "type": "trend",
      "contains": "time",
      "values": {
        "max": 0.313117,
        "p(99)": 0.011867979999999992,
        "p(99.99)": 0.2931337032999904,
        "count": 1000,
        "p(90)": 0.0053474,
        "p(95)": 0.006449649999999973,
        "avg": 0.004863786000000002,
        "min": 0.002379,
        "med": 0.004193499999999999,
        "p(50)": 0.004193499999999999
      }
    }
  },
  "root_group": {
    "checks": [
      {
        "fails": 0,
        "name": "status is 200",
        "path": "::status is 200",
        "id": "6210a8cd14cd70477eba5c5e4cb3fb5f",
        "passes": 1000
      }
    ],
    "name": "",
    "path": "",
    "id": "d41d8cd98f00b204e9800998ecf8427e",
    "groups": []
  },
  "options": {
    "summaryTrendStats": [
      "avg",
      "min",
      "med",
      "max",
      "p(50)",
      "p(90)",
      "p(95)",
      "p(99)",
      "p(99.99)",
      "count"
    ],
    "summaryTimeUnit": "ms",
    "noColor": false
  }
}