{
  "root_group": {
    "name": "",
    "path": "",
    "id": "d41d8cd98f00b204e9800998ecf8427e",
    "groups": [],
    "checks": [
        {
          "id": "548d37ca5f33793206f7832e7cea54fb",
          "passes": 1000,
          "fails": 0,
          "name": "is status 200",
          "path": "::is status 200"
        }
      ]
  },
  "options": {
    "summaryTimeUnit": "ms",
    "noColor": false,
    "summaryTrendStats": [
      "avg",
      "min",
      "med",
      "max",
      "p(50)",
      "p(90)",
      "p(95)",
      "p(99)",
      "p(99.99)",
      "count"
    ]
  },
  "state": {
    "isStdOutTTY": false,
    "isStdErrTTY": false,
    "testRunDurationMs": 4064.662556
  },
  "metrics": {
    "iteration_duration": {
      "type": "trend",
      "contains": "time",
      "values": {
        "avg": 4.0439836730000005,
        "med": 3.5451230000000002,
        "max": 59.612821,
        "p(50)": 3.5451230000000002,
        "p(95)": 4.871529049999997,
        "min": 2.265973,
        "p(90)": 4.3048195,
        "p(99)": 24.743237549999993,
        "p(99.99)": 59.37605410389988,
        "count": 1000
      }
    },
    "http_req_duration{expected_response:true}": {
      "type": "trend",
      "contains": "time",
      "values": {
        "p(95)": 4.564560499999998,
        "p(99)": 24.395954619999994,
        "med": 3.296734,
        "max": 59.306159,
        "p(50)": 3.296734,
        "p(90)": 4.0083444,
        "p(99.99)": 59.04385786369988,
        "count": 1000,
        "avg": 3.7909381290000046,
        "min": 2.116555
      }
    },
    "http_req_receiving": {
      "type": "trend",
      "contains": "time",
      "values": {
        "p(99.99)": 14.917360153499983,
        "count": 1000,
        "med": 0.09243699999999999,
        "max": 14.951979,
        "p(95)": 0.20820334999999998,
        "p(99)": 0.31501810999999996,
        "avg": 0.13683572800000002,
        "min": 0.045527,
        "p(50)": 0.09243699999999999,
        "p(90)": 0.1546933
      }
    },
    "response_time": {
      "type": "trend",
      "contains": "default",
      "values": {
        "p(95)": 4.564560499999998,
        "p(99)": 24.395954619999994,
        "count": 1000,
        "med": 3.296734,
        "max": 59.306159,
        "p(50)": 3.296734,
        "p(90)": 4.0083444,
        "avg": 3.7909381290000046,
        "min": 2.116555,
        "p(99.99)": 59.04385786369988
      }
    },
    "http_req_connecting": {
      "type": "trend",
      "contains": "time",
      "values": {
        "p(50)": 0,
        "p(90)": 0,
        "count": 1000,
        "avg": 0.000275281,
        "min": 0,
        "p(95)": 0,
        "p(99)": 0,
        "p(99.99)": 0.24778042809998682,
        "med": 0,
        "max": 0.275281
      }
    },
    "reponse_size_body": {
      "type": "trend",
      "contains": "default",
      "values": {
        "p(90)": 1569,
        "p(99)": 1569,
        "p(99.99)": 1569,
        "avg": 1569,
        "max": 1569,
        "p(50)": 1569,
        "p(95)": 1569,
        "count": 1000,
        "min": 1569,
        "med": 1569
      }
    },
    "response_size": {
      "values": {
        "p(95)": 2090,
        "p(99)": 2090,
        "p(50)": 2090,
        "p(90)": 2090,
        "med": 2090,
        "max": 2090,
        "p(99.99)": 2090,
        "count": 1000,
        "avg": 2090,
        "min": 2090
      },
      "type": "trend",
      "contains": "default"
    },
    "vus_max": {
      "contains": "default",
      "values": {
        "max": 1,
        "value": 1,
        "min": 1
      },
      "type": "gauge"
    },
    "data_sent": {
      "type": "counter",
      "contains": "data",
      "values": {
        "count": 409000,
        "rate": 100623.35910179304
      }
    },
    "http_req_sending": {
      "type": "trend",
      "contains": "time",
      "values": {
        "med": 0.022121000000000002,
        "p(50)": 0.022121000000000002,
        "p(90)": 0.026789100000000003,
        "p(99)": 0.05642976999999998,
        "p(99.99)": 0.443576005699992,
        "count": 1000,
        "avg": 0.023214856000000006,
        "min": 0.008916,
        "max": 0.460265,
        "p(95)": 0.029603849999999998
      }
    },
    "checks": {
      "type": "rate",
      "contains": "default",
      "values": {
        "rate": 1,
        "passes": 1000,
        "fails": 0
      }
    },
    "data_received": {
      "type": "counter",
      "contains": "data",
      "values": {
        "count": 2158988,
        "rate": 531160.4518837701
      }
    },
    "http_req_failed": {
      "type": "rate",
      "contains": "default",
      "values": {
        "rate": 0,
        "passes": 0,
        "fails": 1000
      }
    },
    "http_req_tls_handshaking": {
      "type": "trend",
      "contains": "time",
      "values": {
        "min": 0,
        "p(95)": 0,
        "p(99)": 0,
        "p(50)": 0,
        "p(90)": 0,
        "p(99.99)": 0,
        "count": 1000,
        "avg": 0,
        "med": 0,
        "max": 0
      }
    },
    "http_req_blocked": {
      "type": "trend",
      "contains": "time",
      "values": {
        "max": 0.523495,
        "p(95)": 0.008374349999999997,
        "p(99)": 0.01734007999999996,
        "p(99.99)": 0.4964303916999871,
        "avg": 0.006492548000000002,
        "min": 0.002087,
        "med": 0.0053625,
        "p(50)": 0.0053625,
        "p(90)": 0.006838,
        "count": 1000
      }
    },
    "vus": {
      "type": "gauge",
      "contains": "default",
      "values": {
        "max": 1,
        "value": 1,
        "min": 1
      }
    },
    "http_reqs": {
      "contains": "default",
      "values": {
        "count": 1000,
        "rate": 246.02288288946954
      },
      "type": "counter"
    },
    "iterations": {
      "type": "counter",
      "contains": "default",
      "values": {
        "count": 1000,
        "rate": 246.02288288946954
      }
    },
    "http_req_duration": {
      "type": "trend",
      "contains": "time",
      "values": {
        "min": 2.116555,
        "max": 59.306159,
        "p(95)": 4.564560499999998,
        "p(99.99)": 59.04385786369988,
        "avg": 3.7909381290000046,
        "p(50)": 3.296734,
        "p(90)": 4.0083444,
        "p(99)": 24.395954619999994,
        "count": 1000,
        "med": 3.296734
      }
    },
    "http_req_waiting": {
      "type": "trend",
      "contains": "time",
      "values": {
        "p(99.99)": 58.899921116799874,
        "count": 1000,
        "avg": 3.6308875449999976,
        "min": 2.046542,
        "p(95)": 4.3892469,
        "p(99)": 24.254661479999992,
        "med": 3.166422,
        "max": 59.166571,
        "p(50)": 3.166422,
        "p(90)": 3.8344638
      }
    }
  }
}