{
  "root_group": {
    "name": "",
    "path": "",
    "id": "d41d8cd98f00b204e9800998ecf8427e",
    "groups": [],
    "checks": [
        {
          "fails": 0,
          "name": "is status 200",
          "path": "::is status 200",
          "id": "548d37ca5f33793206f7832e7cea54fb",
          "passes": 10000
        }
      ]
  },
  "options": {
    "summaryTrendStats": [
      "avg",
      "min",
      "med",
      "max",
      "p(50)",
      "p(90)",
      "p(95)",
      "p(99)",
      "p(99.99)",
      "count"
    ],
    "summaryTimeUnit": "ms",
    "noColor": false
  },
  "state": {
    "isStdOutTTY": false,
    "isStdErrTTY": false,
    "testRunDurationMs": 124902.534634
  },
  "metrics": {
    "http_req_sending": {
      "type": "trend",
      "contains": "time",
      "values": {
        "count": 10000,
        "avg": 0.017749166499999927,
        "min": 0.007545,
        "max": 0.277807,
        "p(95)": 0.027641399999999983,
        "p(99.99)": 0.22330745049996145,
        "med": 0.015171500000000001,
        "p(50)": 0.015171500000000001,
        "p(90)": 0.0231054,
        "p(99)": 0.061038520000000075
      }
    },
    "iteration_duration": {
      "type": "trend",
      "contains": "time",
      "values": {
        "med": 10.2288455,
        "max": 51.674751,
        "p(99)": 32.68276815,
        "p(99.99)": 42.11338823189323,
        "avg": 12.471736451099911,
        "min": 7.982822,
        "p(50)": 10.2288455,
        "p(90)": 24.2602391,
        "p(95)": 28.80888805,
        "count": 10000
      }
    },
    "http_req_blocked": {
      "contains": "time",
      "values": {
        "p(99)": 0.17346100000000003,
        "count": 10000,
        "avg": 0.007583534599999963,
        "p(90)": 0.006651600000000006,
        "p(95)": 0.009583199999999997,
        "p(50)": 0.004112,
        "p(99.99)": 0.40529576279997337,
        "min": 0.002155,
        "med": 0.004112,
        "max": 0.44292
      },
      "type": "trend"
    },
    "http_req_connecting": {
      "values": {
        "p(50)": 0,
        "p(90)": 0,
        "p(95)": 0,
        "count": 10000,
        "avg": 0.0019448305999999998,
        "min": 0,
        "p(99)": 0.0010702300000233608,
        "p(99.99)": 0.3335300900999923,
        "med": 0,
        "max": 0.34443
      },
      "type": "trend",
      "contains": "time"
    },
    "response_time": {
      "type": "trend",
      "contains": "default",
      "values": {
        "med": 10.029435,
        "max": 51.23625,
        "p(95)": 28.60134119999999,
        "p(99)": 32.46761068000001,
        "min": 7.81412,
        "p(50)": 10.029435,
        "p(90)": 24.0858102,
        "p(99.99)": 41.70703301699326,
        "count": 10000,
        "avg": 12.26493809219999
      }
    },
    "vus_max": {
      "type": "gauge",
      "contains": "default",
      "values": {
        "value": 1,
        "min": 1,
        "max": 1
      }
    },
    "vus": {
      "type": "gauge",
      "contains": "default",
      "values": {
        "value": 1,
        "min": 1,
        "max": 1
      }
    },
    "http_req_waiting": {
      "type": "trend",
      "contains": "time",
      "values": {
        "max": 51.093777,
        "p(50)": 9.930287,
        "p(99.99)": 41.58738673409327,
        "count": 10000,
        "avg": 12.129620212300038,
        "min": 7.728111,
        "p(95)": 28.433617399999996,
        "p(99)": 32.361540590000004,
        "med": 9.930287,
        "p(90)": 23.6986683
      }
    },
    "reponse_size": {
      "type": "trend",
      "contains": "default",
      "values": {
        "p(95)": 98,
        "p(99)": 98,
        "p(50)": 98,
        "p(90)": 98,
        "med": 98,
        "max": 98,
        "p(99.99)": 98,
        "count": 10000,
        "avg": 97.8215,
        "min": 97
      }
    },
    "http_req_receiving": {
      "type": "trend",
      "contains": "time",
      "values": {
        "min": 0.032725,
        "med": 0.0770945,
        "max": 23.595926,
        "p(50)": 0.0770945,
        "p(90)": 0.1030578,
        "p(95)": 0.1175406,
        "count": 10000,
        "avg": 0.11756871340000091,
        "p(99)": 0.2597236600000003,
        "p(99.99)": 21.14754686239827
      }
    },
    "http_req_duration": {
      "contains": "time",
      "values": {
        "min": 7.81412,
        "max": 51.23625,
        "p(90)": 24.0858102,
        "p(95)": 28.60134119999999,
        "p(99.99)": 41.70703301699326,
        "avg": 12.26493809219999,
        "med": 10.029435,
        "p(50)": 10.029435,
        "p(99)": 32.46761068000001,
        "count": 10000
      },
      "type": "trend"
    },
    "http_req_tls_handshaking": {
      "values": {
        "avg": 0,
        "med": 0,
        "p(50)": 0,
        "p(99.99)": 0,
        "count": 10000,
        "min": 0,
        "max": 0,
        "p(90)": 0,
        "p(95)": 0,
        "p(99)": 0
      },
      "type": "trend",
      "contains": "time"
    },
    "http_req_duration{expected_response:true}": {
      "type": "trend",
      "contains": "time",
      "values": {
        "med": 10.029435,
        "p(50)": 10.029435,
        "p(90)": 24.0858102,
        "p(95)": 28.60134119999999,
        "p(99)": 32.46761068000001,
        "p(99.99)": 41.70703301699326,
        "avg": 12.26493809219999,
        "min": 7.81412,
        "max": 51.23625,
        "count": 10000
      }
    },
    "iterations": {
      "type": "counter",
      "contains": "default",
      "values": {
        "count": 10000,
        "rate": 80.06242650962086
      }
    },
    "http_req_failed": {
      "type": "rate",
      "contains": "default",
      "values": {
        "rate": 0,
        "passes": 0,
        "fails": 10000
      }
    },
    "data_sent": {
      "contains": "data",
      "values": {
        "count": 3790000,
        "rate": 30343.659647146305
      },
      "type": "counter"
    },
    "http_reqs": {
      "type": "counter",
      "contains": "default",
      "values": {
        "rate": 80.06242650962086,
        "count": 10000
      }
    },
    "data_received": {
      "type": "counter",
      "contains": "data",
      "values": {
        "count": 6407100,
        "rate": 51296.797288979185
      }
    },
    "checks": {
      "values": {
        "passes": 10000,
        "fails": 0,
        "rate": 1
      },
      "type": "rate",
      "contains": "default"
    }
  }
}