{
  "options": {
    "summaryTrendStats": [
      "avg",
      "min",
      "med",
      "max",
      "p(50)",
      "p(90)",
      "p(95)",
      "p(99)",
      "p(99.99)",
      "count"
    ],
    "summaryTimeUnit": "ms",
    "noColor": false
  },
  "state": {
    "testRunDurationMs": 3198.787632,
    "isStdOutTTY": false,
    "isStdErrTTY": false
  },
  "metrics": {
    "http_req_connecting": {
      "type": "trend",
      "contains": "time",
      "values": {
        "p(99.99)": 0.2750453571999854,
        "avg": 0.000305572,
        "min": 0,
        "med": 0,
        "max": 0.305572,
        "p(90)": 0,
        "p(95)": 0,
        "p(50)": 0,
        "p(99)": 0,
        "count": 1000
      }
    },
    "http_req_waiting": {
      "type": "trend",
      "contains": "time",
      "values": {
        "min": 1.57803,
        "p(50)": 2.5631484999999996,
        "p(90)": 3.1310088,
        "p(99.99)": 48.91453896649985,
        "avg": 2.7786968140000012,
        "max": 49.227692,
        "p(95)": 3.5045010999999997,
        "p(99)": 4.7784162299999995,
        "count": 1000,
        "med": 2.5631484999999996
      }
    },
    "data_sent": {
      "type": "counter",
      "contains": "data",
      "values": {
        "count": 378000,
        "rate": 118169.77039005882
      }
    },
    "iteration_duration": {
      "type": "trend",
      "contains": "time",
      "values": {
        "min": 1.82646,
        "max": 49.730871,
        "p(90)": 3.5447193,
        "count": 1000,
        "avg": 3.179397505999999,
        "med": 2.9177885000000003,
        "p(50)": 2.9177885000000003,
        "p(95)": 3.9450830999999997,
        "p(99)": 5.2713639699999915,
        "p(99.99)": 49.415871514799846
      }
    },
    "http_req_sending": {
      "type": "trend",
      "contains": "time",
      "values": {
        "avg": 0.021908919,
        "min": 0.010439,
        "med": 0.021414500000000003,
        "max": 0.09769,
        "p(50)": 0.021414500000000003,
        "p(90)": 0.0264526,
        "p(95)": 0.029902599999999998,
        "p(99)": 0.045426229999999984,
        "p(99.99)": 0.09668630469999952,
        "count": 1000
      }
    },
    "http_req_failed": {
      "values": {
        "rate": 0,
        "passes": 0,
        "fails": 1000
      },
      "type": "rate",
      "contains": "default"
    },
    "response_time": {
      "type": "trend",
      "contains": "default",
      "values": {
        "max": 49.372341,
        "p(99)": 5.000375269999992,
        "count": 1000,
        "min": 1.650644,
        "med": 2.6828364999999996,
        "p(50)": 2.6828364999999996,
        "p(90)": 3.2721154,
        "p(95)": 3.6612274499999997,
        "p(99.99)": 49.05906598859985,
        "avg": 2.9415339169999966
      }
    },
    "http_req_blocked": {
      "type": "trend",
      "contains": "time",
      "values": {
        "min": 0.002207,
        "max": 0.407504,
        "p(90)": 0.0069291000000000005,
        "p(99)": 0.015664989999999993,
        "count": 1000,
        "avg": 0.006043801000000003,
        "med": 0.0053620000000000004,
        "p(50)": 0.0053620000000000004,
        "p(95)": 0.008484599999999998,
        "p(99.99)": 0.3715861537999828
      }
    },
    "vus": {
      "type": "gauge",
      "contains": "default",
      "values": {
        "min": 1,
        "max": 1,
        "value": 1
      }
    },
    "http_req_receiving": {
      "type": "trend",
      "contains": "time",
      "values": {
        "avg": 0.1409281840000001,
        "min": 0.050365,
        "med": 0.0879965,
        "p(50)": 0.0879965,
        "p(99)": 0.28312287999999985,
        "count": 1000,
        "max": 41.410256,
        "p(90)": 0.1354319,
        "p(95)": 0.1875139499999999,
        "p(99.99)": 37.42752062209809
      }
    },
    "response_size": {
      "values": {
        "med": 565,
        "p(50)": 565,
        "p(99)": 565,
        "count": 1000,
        "avg": 565,
        "min": 565,
        "max": 565,
        "p(90)": 565,
        "p(95)": 565,
        "p(99.99)": 565
      },
      "type": "trend",
      "contains": "default"
    },
    "checks": {
      "values": {
        "fails": 0,
        "rate": 1,
        "passes": 1000
      },
      "type": "rate",
      "contains": "default"
    },
    "vus_max": {
      "type": "gauge",
      "contains": "default",
      "values": {
        "value": 1,
        "min": 1,
        "max": 1
      }
    },
    "data_received": {
      "contains": "data",
      "values": {
        "count": 633026,
        "rate": 197895.60071676553
      },
      "type": "counter"
    },
    "http_req_tls_handshaking": {
      "contains": "time",
      "values": {
        "min": 0,
        "p(99)": 0,
        "p(50)": 0,
        "p(90)": 0,
        "p(95)": 0,
        "p(99.99)": 0,
        "count": 1000,
        "avg": 0,
        "med": 0,
        "max": 0
      },
      "type": "trend"
    },
    "reponse_size_body": {
      "values": {
        "max": 46,
        "p(50)": 46,
        "p(90)": 46,
        "p(99)": 46,
        "p(99.99)": 46,
        "avg": 46,
        "min": 46,
        "med": 46,
        "count": 1000,
        "p(95)": 46
      },
      "type": "trend",
      "contains": "default"
    },
    "iterations": {
      "type": "counter",
      "contains": "default",
      "values": {
        "count": 1000,
        "rate": 312.61844018534083
      }
    },
    "http_reqs": {
      "values": {
        "count": 1000,
        "rate": 312.61844018534083
      },
      "type": "counter",
      "contains": "default"
    },
    "http_req_duration{expected_response:true}": {
      "type": "trend",
      "contains": "time",
      "values": {
        "max": 49.372341,
        "p(50)": 2.6828364999999996,
        "p(95)": 3.6612274499999997,
        "p(99)": 5.000375269999992,
        "count": 1000,
        "avg": 2.9415339169999966,
        "min": 1.650644,
        "med": 2.6828364999999996,
        "p(90)": 3.2721154,
        "p(99.99)": 49.05906598859985
      }
    },
    "http_req_duration": {
      "type": "trend",
      "contains": "time",
      "values": {
        "p(99)": 5.000375269999992,
        "min": 1.650644,
        "p(90)": 3.2721154,
        "p(95)": 3.6612274499999997,
        "p(50)": 2.6828364999999996,
        "p(99.99)": 49.05906598859985,
        "count": 1000,
        "avg": 2.9415339169999966,
        "med": 2.6828364999999996,
        "max": 49.372341
      }
    }
  },
  "root_group": {
    "name": "",
    "path": "",
    "id": "d41d8cd98f00b204e9800998ecf8427e",
    "groups": [],
    "checks": [
        {
          "path": "::is status 200",
          "id": "548d37ca5f33793206f7832e7cea54fb",
          "passes": 1000,
          "fails": 0,
          "name": "is status 200"
        }
      ]
  }
}