{
  "root_group": {
    "groups": [],
    "checks": [
        {
          "name": "is status 200",
          "path": "::is status 200",
          "id": "548d37ca5f33793206f7832e7cea54fb",
          "passes": 1000,
          "fails": 0
        }
      ],
    "name": "",
    "path": "",
    "id": "d41d8cd98f00b204e9800998ecf8427e"
  },
  "options": {
    "summaryTimeUnit": "ms",
    "noColor": false,
    "summaryTrendStats": [
      "avg",
      "min",
      "med",
      "max",
      "p(50)",
      "p(90)",
      "p(95)",
      "p(99)",
      "p(99.99)",
      "count"
    ]
  },
  "state": {
    "testRunDurationMs": 3314.072403,
    "isStdOutTTY": false,
    "isStdErrTTY": false
  },
  "metrics": {
    "http_reqs": {
      "type": "counter",
      "contains": "default",
      "values": {
        "count": 1000,
        "rate": 301.74355849762645
      }
    },
    "checks": {
      "type": "rate",
      "contains": "default",
      "values": {
        "rate": 1,
        "passes": 1000,
        "fails": 0
      }
    },
    "http_req_connecting": {
      "type": "trend",
      "contains": "time",
      "values": {
        "count": 1000,
        "min": 0,
        "med": 0,
        "max": 0.188976,
        "p(50)": 0,
        "p(90)": 0,
        "p(99)": 0,
        "avg": 0.00018897600000000001,
        "p(95)": 0,
        "p(99.99)": 0.17009729759999095
      }
    },
    "http_req_duration": {
      "type": "trend",
      "contains": "time",
      "values": {
        "avg": 3.0500646749999993,
        "max": 31.953616,
        "p(90)": 3.3999836,
        "p(99)": 6.028153909999999,
        "count": 1000,
        "min": 1.662302,
        "med": 2.8683794999999996,
        "p(50)": 2.8683794999999996,
        "p(95)": 3.5544605,
        "p(99.99)": 31.635829404699848
      }
    },
    "response_time": {
      "type": "trend",
      "contains": "default",
      "values": {
        "min": 1.662302,
        "p(50)": 2.8683794999999996,
        "avg": 3.0500646749999993,
        "max": 31.953616,
        "p(90)": 3.3999836,
        "p(95)": 3.5544605,
        "p(99)": 6.028153909999999,
        "p(99.99)": 31.635829404699848,
        "count": 1000,
        "med": 2.8683794999999996
      }
    },
    "response_size": {
      "type": "trend",
      "contains": "default",
      "values": {
        "min": 563,
        "p(95)": 563,
        "p(99)": 563,
        "count": 1000,
        "avg": 563,
        "med": 563,
        "max": 563,
        "p(50)": 563,
        "p(90)": 563,
        "p(99.99)": 563
      }
    },
    "reponse_size_body": {
      "values": {
        "p(99.99)": 44,
        "count": 1000,
        "min": 44,
        "med": 44,
        "max": 44,
        "p(95)": 44,
        "avg": 44,
        "p(50)": 44,
        "p(90)": 44,
        "p(99)": 44
      },
      "type": "trend",
      "contains": "default"
    },
    "data_received": {
      "type": "counter",
      "contains": "data",
      "values": {
        "count": 631109,
        "rate": 190433.07545987854
      }
    },
    "http_req_receiving": {
      "type": "trend",
      "contains": "time",
      "values": {
        "p(95)": 0.1832658499999999,
        "p(99)": 0.32275533999999984,
        "p(99.99)": 28.98253332399971,
        "min": 0.048903,
        "max": 29.583256,
        "p(50)": 0.0913455,
        "count": 1000,
        "avg": 0.15788055500000026,
        "med": 0.0913455,
        "p(90)": 0.13651900000000003
      }
    },
    "data_sent": {
      "values": {
        "count": 378000,
        "rate": 114059.0651121028
      },
      "type": "counter",
      "contains": "data"
    },
    "iterations": {
      "type": "counter",
      "contains": "default",
      "values": {
        "count": 1000,
        "rate": 301.74355849762645
      }
    },
    "iteration_duration": {
      "type": "trend",
      "contains": "time",
      "values": {
        "p(99)": 6.271200799999997,
        "min": 1.811969,
        "med": 3.1054355,
        "max": 32.200446,
        "p(90)": 3.6854027,
        "count": 1000,
        "avg": 3.293371066,
        "p(50)": 3.1054355,
        "p(95)": 3.8436396000000004,
        "p(99.99)": 31.884909152699848
      }
    },
    "http_req_waiting": {
      "type": "trend",
      "contains": "time",
      "values": {
        "p(95)": 3.3968385499999996,
        "p(99)": 5.701067119999999,
        "p(99.99)": 28.421873209499893,
        "count": 1000,
        "avg": 2.869186408,
        "med": 2.745841,
        "max": 28.641363,
        "p(50)": 2.745841,
        "min": 1.578394,
        "p(90)": 3.237466
      }
    },
    "http_req_duration{expected_response:true}": {
      "contains": "time",
      "values": {
        "avg": 3.0500646749999993,
        "p(90)": 3.3999836,
        "p(99)": 6.028153909999999,
        "p(99.99)": 31.635829404699848,
        "count": 1000,
        "min": 1.662302,
        "med": 2.8683794999999996,
        "max": 31.953616,
        "p(50)": 2.8683794999999996,
        "p(95)": 3.5544605
      },
      "type": "trend"
    },
    "http_req_tls_handshaking": {
      "contains": "time",
      "values": {
        "max": 0,
        "p(50)": 0,
        "p(90)": 0,
        "p(99)": 0,
        "avg": 0,
        "min": 0,
        "med": 0,
        "p(95)": 0,
        "p(99.99)": 0,
        "count": 1000
      },
      "type": "trend"
    },
    "vus": {
      "contains": "default",
      "values": {
        "value": 1,
        "min": 1,
        "max": 1
      },
      "type": "gauge"
    },
    "vus_max": {
      "type": "gauge",
      "contains": "default",
      "values": {
        "value": 1,
        "min": 1,
        "max": 1
      }
    },
    "http_req_failed": {
      "type": "rate",
      "contains": "default",
      "values": {
        "rate": 0,
        "passes": 0,
        "fails": 1000
      }
    },
    "http_req_blocked": {
      "type": "trend",
      "contains": "time",
      "values": {
        "p(90)": 0.0069213,
        "p(95)": 0.008191299999999993,
        "p(99)": 0.016013939999999997,
        "p(99.99)": 0.2811409795999873,
        "max": 0.307694,
        "min": 0.002547,
        "med": 0.0054605,
        "p(50)": 0.0054605,
        "count": 1000,
        "avg": 0.006010587999999997
      }
    },
    "http_req_sending": {
      "values": {
        "med": 0.022448000000000003,
        "p(50)": 0.022448000000000003,
        "p(99)": 0.05414616999999998,
        "count": 1000,
        "avg": 0.022997711999999993,
        "min": 0.010871,
        "max": 0.239649,
        "p(90)": 0.0268216,
        "p(95)": 0.031108949999999976,
        "p(99.99)": 0.23209436219999638
      },
      "type": "trend",
      "contains": "time"
    }
  }
}