{
  "root_group": {
    "name": "",
    "path": "",
    "id": "d41d8cd98f00b204e9800998ecf8427e",
    "groups": [],
    "checks": [
        {
          "passes": 10000,
          "fails": 0,
          "name": "is status 200",
          "path": "::is status 200",
          "id": "548d37ca5f33793206f7832e7cea54fb"
        }
      ]
  },
  "options": {
    "summaryTrendStats": [
      "avg",
      "min",
      "med",
      "max",
      "p(50)",
      "p(90)",
      "p(95)",
      "p(99)",
      "p(99.99)",
      "count"
    ],
    "summaryTimeUnit": "ms",
    "noColor": false
  },
  "state": {
    "isStdOutTTY": false,
    "isStdErrTTY": false,
    "testRunDurationMs": 29985.955656
  },
  "metrics": {
    "http_req_receiving": {
      "contains": "time",
      "values": {
        "min": 0.03343,
        "p(50)": 0.0930385,
        "p(95)": 0.24321504999999996,
        "count": 10000,
        "p(99.99)": 3.7762716780962755,
        "avg": 0.12336759499999991,
        "med": 0.0930385,
        "max": 9.042526,
        "p(90)": 0.20989790000000003,
        "p(99)": 0.32119513000000016
      },
      "type": "trend"
    },
    "iterations": {
      "type": "counter",
      "contains": "default",
      "values": {
        "count": 10000,
        "rate": 333.48945468740004
      }
    },
    "http_reqs": {
      "type": "counter",
      "contains": "default",
      "values": {
        "rate": 333.48945468740004,
        "count": 10000
      }
    },
    "data_sent": {
      "type": "counter",
      "contains": "data",
      "values": {
        "count": 3720000,
        "rate": 124058.07714371283
      }
    },
    "http_req_duration": {
      "type": "trend",
      "contains": "time",
      "values": {
        "avg": 2.7498354253,
        "max": 50.63491,
        "p(50)": 2.708755,
        "p(90)": 3.1799547000000006,
        "count": 10000,
        "min": 1.488836,
        "med": 2.708755,
        "p(95)": 3.38163795,
        "p(99)": 4.41422442,
        "p(99.99)": 46.42312122099702
      }
    },
    "http_req_sending": {
      "type": "trend",
      "contains": "time",
      "values": {
        "p(99)": 0.045147620000000034,
        "count": 10000,
        "min": 0.008233,
        "max": 0.347254,
        "p(50)": 0.0221955,
        "p(95)": 0.02869824999999998,
        "avg": 0.02233891950000001,
        "med": 0.0221955,
        "p(90)": 0.0265401,
        "p(99.99)": 0.2332833981999194
      }
    },
    "http_req_waiting": {
      "values": {
        "avg": 2.6041289107999925,
        "min": 1.356399,
        "med": 2.5635115,
        "p(50)": 2.5635115,
        "count": 10000,
        "max": 50.452676,
        "p(90)": 3.01893,
        "p(95)": 3.2086249999999996,
        "p(99)": 4.232983360000002,
        "p(99.99)": 46.28599870939705
      },
      "type": "trend",
      "contains": "time"
    },
    "data_received": {
      "contains": "data",
      "values": {
        "rate": 201075.26567336693,
        "count": 6029434
      },
      "type": "counter"
    },
    "http_req_duration{expected_response:true}": {
      "type": "trend",
      "contains": "time",
      "values": {
        "avg": 2.7498354253,
        "min": 1.488836,
        "med": 2.708755,
        "p(50)": 2.708755,
        "p(90)": 3.1799547000000006,
        "p(99.99)": 46.42312122099702,
        "count": 10000,
        "max": 50.63491,
        "p(95)": 3.38163795,
        "p(99)": 4.41422442
      }
    },
    "reponse_size_body": {
      "contains": "default",
      "values": {
        "avg": 150,
        "max": 150,
        "p(90)": 150,
        "p(95)": 150,
        "p(99)": 150,
        "p(99.99)": 150,
        "count": 10000,
        "min": 150,
        "med": 150,
        "p(50)": 150
      },
      "type": "trend"
    },
    "vus": {
      "type": "gauge",
      "contains": "default",
      "values": {
        "value": 1,
        "min": 1,
        "max": 1
      }
    },
    "vus_max": {
      "values": {
        "value": 1,
        "min": 1,
        "max": 1
      },
      "type": "gauge",
      "contains": "default"
    },
    "checks": {
      "type": "rate",
      "contains": "default",
      "values": {
        "rate": 1,
        "passes": 10000,
        "fails": 0
      }
    },
    "http_req_blocked": {
      "contains": "time",
      "values": {
        "med": 0.005486,
        "p(50)": 0.005486,
        "p(95)": 0.008207149999999998,
        "avg": 0.005900847900000015,
        "min": 0.001914,
        "max": 0.344649,
        "p(90)": 0.006812,
        "p(99)": 0.016250230000000004,
        "p(99.99)": 0.2722232432999488,
        "count": 10000
      },
      "type": "trend"
    },
    "http_req_connecting": {
      "type": "trend",
      "contains": "time",
      "values": {
        "avg": 0.0000247523,
        "min": 0,
        "max": 0.247523,
        "p(50)": 0,
        "p(90)": 0,
        "count": 10000,
        "med": 0,
        "p(95)": 0,
        "p(99)": 0,
        "p(99.99)": 0.000024752299824946022
      }
    },
    "http_req_tls_handshaking": {
      "type": "trend",
      "contains": "time",
      "values": {
        "avg": 0,
        "min": 0,
        "med": 0,
        "p(50)": 0,
        "p(90)": 0,
        "p(99)": 0,
        "count": 10000,
        "max": 0,
        "p(95)": 0,
        "p(99.99)": 0
      }
    },
    "http_req_failed": {
      "type": "rate",
      "contains": "default",
      "values": {
        "fails": 10000,
        "rate": 0,
        "passes": 0
      }
    },
    "response_size": {
      "contains": "default",
      "values": {
        "p(50)": 531,
        "p(99)": 531,
        "min": 531,
        "med": 531,
        "p(90)": 531,
        "p(95)": 531,
        "p(99.99)": 531,
        "count": 10000,
        "avg": 531,
        "max": 531
      },
      "type": "trend"
    },
    "iteration_duration": {
      "type": "trend",
      "contains": "time",
      "values": {
        "p(90)": 3.4421805,
        "p(99.99)": 46.70486006799688,
        "count": 10000,
        "min": 1.593574,
        "med": 2.9369414999999996,
        "max": 51.115099,
        "p(50)": 2.9369414999999996,
        "p(95)": 3.6301863999999986,
        "p(99)": 4.68709201,
        "avg": 2.9782105957000016
      }
    },
    "response_time": {
      "type": "trend",
      "contains": "default",
      "values": {
        "med": 2.708755,
        "max": 50.63491,
        "p(50)": 2.708755,
        "p(90)": 3.1799547000000006,
        "p(99)": 4.41422442,
        "avg": 2.7498354253,
        "p(95)": 3.38163795,
        "p(99.99)": 46.42312122099702,
        "count": 10000,
        "min": 1.488836
      }
    }
  }
}