{
  "options": {
    "noColor": false,
    "summaryTrendStats": [
      "avg",
      "min",
      "med",
      "max",
      "p(50)",
      "p(90)",
      "p(95)",
      "p(99)",
      "p(99.99)",
      "count"
    ],
    "summaryTimeUnit": "ms"
  },
  "state": {
    "isStdOutTTY": false,
    "isStdErrTTY": false,
    "testRunDurationMs": 5621.629191
  },
  "metrics": {
    "data_sent": {
      "contains": "data",
      "values": {
        "count": 372000,
        "rate": 66172.98782273951
      },
      "type": "counter"
    },
    "http_req_sending": {
      "type": "trend",
      "contains": "time",
      "values": {
        "max": 0.1882,
        "p(50)": 0.02101,
        "p(90)": 0.028562,
        "p(95)": 0.03204815,
        "p(99)": 0.04962110999999998,
        "p(99.99)": 0.184001702499998,
        "count": 1000,
        "avg": 0.022571677,
        "min": 0.009612,
        "med": 0.02101
      }
    },
    "http_req_waiting": {
      "type": "trend",
      "contains": "time",
      "values": {
        "p(50)": 3.113197,
        "p(95)": 6.274332699999999,
        "p(99.99)": 66.93330550629997,
        "avg": 4.786337902000007,
        "med": 3.113197,
        "max": 66.994051,
        "count": 1000,
        "min": 1.770194,
        "p(90)": 4.810673800000001,
        "p(99)": 57.335015819999995
      }
    },
    "http_req_receiving": {
      "type": "trend",
      "contains": "time",
      "values": {
        "min": 0.039822,
        "med": 0.09441250000000001,
        "p(50)": 0.09441250000000001,
        "p(99.99)": 61.06578514659978,
        "avg": 0.5526267659999998,
        "max": 61.524073,
        "p(90)": 0.2107051,
        "p(95)": 0.2963194,
        "p(99)": 8.104697709999998,
        "count": 1000
      }
    },
    "http_req_failed": {
      "type": "rate",
      "contains": "default",
      "values": {
        "passes": 0,
        "fails": 1000,
        "rate": 0
      }
    },
    "iterations": {
      "values": {
        "count": 1000,
        "rate": 177.88437586757934
      },
      "type": "counter",
      "contains": "default"
    },
    "iteration_duration": {
      "type": "trend",
      "contains": "time",
      "values": {
        "avg": 5.600323710000001,
        "p(50)": 3.4822055,
        "p(90)": 5.3588902,
        "p(99.99)": 67.39892116369997,
        "count": 1000,
        "min": 2.011877,
        "med": 3.4822055,
        "max": 67.46372,
        "p(95)": 9.425191999999996,
        "p(99)": 58.72116301
      }
    },
    "vus": {
      "type": "gauge",
      "contains": "default",
      "values": {
        "value": 1,
        "min": 1,
        "max": 1
      }
    },
    "vus_max": {
      "type": "gauge",
      "contains": "default",
      "values": {
        "min": 1,
        "max": 1,
        "value": 1
      }
    },
    "data_received": {
      "type": "counter",
      "contains": "data",
      "values": {
        "count": 602879,
        "rate": 107242.75463867036
      }
    },
    "http_req_blocked": {
      "type": "trend",
      "contains": "time",
      "values": {
        "med": 0.0052505,
        "p(90)": 0.007517800000000001,
        "p(95)": 0.009004199999999997,
        "p(99.99)": 0.42406548169998126,
        "count": 1000,
        "avg": 0.006247587999999993,
        "min": 0.002842,
        "max": 0.463208,
        "p(50)": 0.0052505,
        "p(99)": 0.016679049999999994
      }
    },
    "http_req_duration": {
      "type": "trend",
      "contains": "time",
      "values": {
        "avg": 5.361536344999997,
        "p(50)": 3.2468065,
        "p(95)": 9.22758635,
        "count": 1000,
        "min": 1.871043,
        "med": 3.2468065,
        "max": 67.129033,
        "p(90)": 5.0957685,
        "p(99)": 58.43352581999999,
        "p(99.99)": 67.06724115369998
      }
    },
    "http_reqs": {
      "type": "counter",
      "contains": "default",
      "values": {
        "count": 1000,
        "rate": 177.88437586757934
      }
    },
    "http_req_tls_handshaking": {
      "contains": "time",
      "values": {
        "min": 0,
        "med": 0,
        "p(95)": 0,
        "p(99.99)": 0,
        "count": 1000,
        "avg": 0,
        "max": 0,
        "p(50)": 0,
        "p(90)": 0,
        "p(99)": 0
      },
      "type": "trend"
    },
    "checks": {
      "type": "rate",
      "contains": "default",
      "values": {
        "fails": 0,
        "rate": 1,
        "passes": 1000
      }
    },
    "http_req_duration{expected_response:true}": {
      "contains": "time",
      "values": {
        "p(95)": 9.22758635,
        "count": 1000,
        "med": 3.2468065,
        "max": 67.129033,
        "p(50)": 3.2468065,
        "p(90)": 5.0957685,
        "p(99)": 58.43352581999999,
        "p(99.99)": 67.06724115369998,
        "avg": 5.361536344999997,
        "min": 1.871043
      },
      "type": "trend"
    },
    "http_req_connecting": {
      "type": "trend",
      "contains": "time",
      "values": {
        "avg": 0.000342504,
        "min": 0,
        "med": 0,
        "p(50)": 0,
        "p(95)": 0,
        "max": 0.342504,
        "p(90)": 0,
        "p(99)": 0,
        "p(99.99)": 0.3082878503999836,
        "count": 1000
      }
    },
    "reponse_size_body": {
      "type": "trend",
      "contains": "default",
      "values": {
        "count": 1000,
        "min": 150,
        "med": 150,
        "max": 150,
        "p(95)": 150,
        "p(99.99)": 150,
        "avg": 150,
        "p(50)": 150,
        "p(90)": 150,
        "p(99)": 150
      }
    },
    "response_time": {
      "contains": "default",
      "values": {
        "avg": 5.361536344999997,
        "min": 1.871043,
        "med": 3.2468065,
        "max": 67.129033,
        "p(50)": 3.2468065,
        "p(99.99)": 67.06724115369998,
        "count": 1000,
        "p(90)": 5.0957685,
        "p(95)": 9.22758635,
        "p(99)": 58.43352581999999
      },
      "type": "trend"
    },
    "response_size": {
      "type": "trend",
      "contains": "default",
      "values": {
        "count": 1000,
        "min": 531,
        "max": 531,
        "p(90)": 531,
        "p(99)": 531,
        "p(99.99)": 531,
        "avg": 531,
        "med": 531,
        "p(50)": 531,
        "p(95)": 531
      }
    }
  },
  "root_group": {
    "name": "",
    "path": "",
    "id": "d41d8cd98f00b204e9800998ecf8427e",
    "groups": [],
    "checks": [
        {
          "name": "is status 200",
          "path": "::is status 200",
          "id": "548d37ca5f33793206f7832e7cea54fb",
          "passes": 1000,
          "fails": 0
        }
      ]
  }
}