{
  "options": {
    "summaryTimeUnit": "ms",
    "noColor": false,
    "summaryTrendStats": [
      "avg",
      "min",
      "med",
      "max",
      "p(50)",
      "p(90)",
      "p(95)",
      "p(99)",
      "p(99.99)",
      "count"
    ]
  },
  "state": {
    "isStdOutTTY": false,
    "isStdErrTTY": false,
    "testRunDurationMs": 12324.810667
  },
  "metrics": {
    "vus_max": {
      "type": "gauge",
      "contains": "default",
      "values": {
        "value": 1,
        "min": 1,
        "max": 1
      }
    },
    "data_sent": {
      "type": "counter",
      "contains": "data",
      "values": {
        "count": 475000,
        "rate": 38540.14579484169
      }
    },
    "http_req_waiting": {
      "values": {
        "p(90)": 14.0293817,
        "p(95)": 18.07451975,
        "p(99)": 30.046335579999987,
        "p(99.99)": 55.64916786119976,
        "count": 1000,
        "med": 10.65608,
        "max": 56.154723,
        "p(50)": 10.65608,
        "avg": 11.643999666999985,
        "min": 8.677412
      },
      "type": "trend",
      "contains": "time"
    },
    "response_time": {
      "values": {
        "avg": 11.796200222000012,
        "min": 8.755824,
        "max": 56.298067,
        "med": 10.792103000000001,
        "p(50)": 10.792103000000001,
        "p(90)": 14.5236476,
        "p(95)": 18.1728599,
        "p(99)": 30.171336299999986,
        "p(99.99)": 55.81159925469977,
        "count": 1000
      },
      "type": "trend",
      "contains": "default"
    },
    "vus": {
      "type": "gauge",
      "contains": "default",
      "values": {
        "value": 1,
        "min": 1,
        "max": 1
      }
    },
    "http_req_receiving": {
      "type": "trend",
      "contains": "time",
      "values": {
        "med": 0.08529700000000001,
        "p(95)": 0.2583769499999998,
        "p(99)": 0.5191998699999997,
        "p(99.99)": 6.360388821499997,
        "avg": 0.12567932699999998,
        "min": 0.050939,
        "max": 6.366704,
        "p(50)": 0.08529700000000001,
        "p(90)": 0.13339470000000003,
        "count": 1000
      }
    },
    "http_reqs": {
      "type": "counter",
      "contains": "default",
      "values": {
        "rate": 81.13714904177198,
        "count": 1000
      }
    },
    "reponse_size": {
      "type": "trend",
      "contains": "default",
      "values": {
        "p(90)": 97,
        "p(95)": 97,
        "p(99)": 97,
        "min": 97,
        "max": 97,
        "p(50)": 97,
        "count": 1000,
        "avg": 97,
        "med": 97,
        "p(99.99)": 97
      }
    },
    "data_received": {
      "type": "counter",
      "contains": "data",
      "values": {
        "count": 683534,
        "rate": 55460.000033118566
      }
    },
    "iterations": {
      "type": "counter",
      "contains": "default",
      "values": {
        "count": 1000,
        "rate": 81.13714904177198
      }
    },
    "http_req_sending": {
      "type": "trend",
      "contains": "time",
      "values": {
        "p(99.99)": 0.4576773285999871,
        "max": 0.484579,
        "p(50)": 0.022942999999999998,
        "p(99)": 0.07028263999999995,
        "p(90)": 0.03579630000000001,
        "p(95)": 0.04071995,
        "count": 1000,
        "avg": 0.026521228000000018,
        "min": 0.012637,
        "med": 0.022942999999999998
      }
    },
    "http_req_connecting": {
      "values": {
        "p(95)": 0,
        "p(99)": 0,
        "count": 1000,
        "avg": 0.000622916,
        "p(50)": 0,
        "p(90)": 0,
        "p(99.99)": 0.5606866915999702,
        "min": 0,
        "med": 0,
        "max": 0.622916
      },
      "type": "trend",
      "contains": "time"
    },
    "http_req_blocked": {
      "type": "trend",
      "contains": "time",
      "values": {
        "count": 1000,
        "min": 0.002627,
        "max": 0.818975,
        "p(50)": 0.004633,
        "p(99)": 0.015545079999999987,
        "p(99.99)": 0.7537966435999688,
        "avg": 0.006232824999999998,
        "med": 0.004633,
        "p(90)": 0.007274200000000001,
        "p(95)": 0.0090884
      }
    },
    "checks": {
      "type": "rate",
      "contains": "default",
      "values": {
        "rate": 1,
        "passes": 1000,
        "fails": 0
      }
    },
    "http_req_tls_handshaking": {
      "type": "trend",
      "contains": "time",
      "values": {
        "p(50)": 0,
        "p(99)": 0,
        "min": 0,
        "med": 0,
        "max": 0,
        "p(99.99)": 0,
        "count": 1000,
        "avg": 0,
        "p(90)": 0,
        "p(95)": 0
      }
    },
    "http_req_duration": {
      "type": "trend",
      "contains": "time",
      "values": {
        "count": 1000,
        "med": 10.792103000000001,
        "max": 56.298067,
        "p(50)": 10.792103000000001,
        "p(99.99)": 55.81159925469977,
        "p(99)": 30.171336299999986,
        "avg": 11.796200222000012,
        "min": 8.755824,
        "p(90)": 14.5236476,
        "p(95)": 18.1728599
      }
    },
    "http_req_duration{expected_response:true}": {
      "type": "trend",
      "contains": "time",
      "values": {
        "count": 1000,
        "avg": 11.796200222000012,
        "min": 8.755824,
        "med": 10.792103000000001,
        "p(90)": 14.5236476,
        "p(99.99)": 55.81159925469977,
        "max": 56.298067,
        "p(50)": 10.792103000000001,
        "p(95)": 18.1728599,
        "p(99)": 30.171336299999986
      }
    },
    "http_req_failed": {
      "type": "rate",
      "contains": "default",
      "values": {
        "fails": 1000,
        "rate": 0,
        "passes": 0
      }
    },
    "iteration_duration": {
      "contains": "time",
      "values": {
        "med": 11.2906045,
        "p(90)": 15.0113019,
        "p(95)": 18.662626149999994,
        "count": 1000,
        "avg": 12.304279892999997,
        "min": 9.111998,
        "max": 56.765658,
        "p(50)": 11.2906045,
        "p(99)": 30.75027650999999,
        "p(99.99)": 56.29374098939978
      },
      "type": "trend"
    }
  },
  "root_group": {
    "id": "d41d8cd98f00b204e9800998ecf8427e",
    "groups": [],
    "checks": [
        {
          "fails": 0,
          "name": "status is 200",
          "path": "::status is 200",
          "id": "6210a8cd14cd70477eba5c5e4cb3fb5f",
          "passes": 1000
        }
      ],
    "name": "",
    "path": ""
  }
}