{
  "metrics": {
    "http_req_blocked": {
      "contains": "time",
      "values": {
        "p(95)": 0.007264849999999998,
        "p(99)": 0.018355629999999998,
        "p(99.99)": 0.4349700277999814,
        "count": 1000,
        "avg": 0.005126341999999999,
        "min": 0.002408,
        "med": 0.0041685,
        "max": 0.473759,
        "p(50)": 0.0041685,
        "p(90)": 0.005552199999999999
      },
      "type": "trend"
    },
    "http_req_connecting": {
      "type": "trend",
      "contains": "time",
      "values": {
        "p(90)": 0,
        "p(95)": 0,
        "avg": 0.000333307,
        "min": 0,
        "med": 0,
        "max": 0.333307,
        "p(50)": 0,
        "p(99)": 0,
        "p(99.99)": 0.3000096306999841,
        "count": 1000
      }
    },
    "http_req_sending": {
      "type": "trend",
      "contains": "time",
      "values": {
        "avg": 0.023321651,
        "min": 0.012332,
        "p(50)": 0.0202265,
        "count": 1000,
        "med": 0.0202265,
        "max": 0.603772,
        "p(90)": 0.029107600000000004,
        "p(95)": 0.0344952,
        "p(99)": 0.06773159999999995,
        "p(99.99)": 0.5805815136999889
      }
    },
    "vus": {
      "type": "gauge",
      "contains": "default",
      "values": {
        "value": 1,
        "min": 1,
        "max": 1
      }
    },
    "http_reqs": {
      "values": {
        "count": 1000,
        "rate": 48.53462512809426
      },
      "type": "counter",
      "contains": "default"
    },
    "iterations": {
      "type": "counter",
      "contains": "default",
      "values": {
        "count": 1000,
        "rate": 48.53462512809426
      }
    },
    "http_req_tls_handshaking": {
      "type": "trend",
      "contains": "time",
      "values": {
        "p(99)": 0,
        "avg": 0,
        "min": 0,
        "med": 0,
        "p(95)": 0,
        "p(99.99)": 0,
        "count": 1000,
        "max": 0,
        "p(50)": 0,
        "p(90)": 0
      }
    },
    "iteration_duration": {
      "contains": "time",
      "values": {
        "avg": 20.585301752000017,
        "max": 71.249586,
        "p(50)": 17.7865845,
        "count": 1000,
        "min": 14.855829,
        "med": 17.7865845,
        "p(90)": 30.0392383,
        "p(95)": 32.20504044999999,
        "p(99)": 37.21980738999998,
        "p(99.99)": 71.02448702429989
      },
      "type": "trend"
    },
    "http_req_failed": {
      "type": "rate",
      "contains": "default",
      "values": {
        "passes": 0,
        "fails": 1000,
        "rate": 0
      }
    },
    "http_req_duration": {
      "values": {
        "avg": 20.102865958999992,
        "p(90)": 29.6014929,
        "p(99)": 36.77378139999998,
        "p(99.99)": 70.58751180419989,
        "min": 14.403587,
        "med": 17.330274000000003,
        "max": 70.820283,
        "p(50)": 17.330274000000003,
        "p(95)": 31.737162149999993,
        "count": 1000
      },
      "type": "trend",
      "contains": "time"
    },
    "data_sent": {
      "type": "counter",
      "contains": "data",
      "values": {
        "rate": 23053.946935844775,
        "count": 475000
      }
    },
    "vus_max": {
      "type": "gauge",
      "contains": "default",
      "values": {
        "value": 1,
        "min": 1,
        "max": 1
      }
    },
    "http_req_duration{expected_response:true}": {
      "type": "trend",
      "contains": "time",
      "values": {
        "min": 14.403587,
        "med": 17.330274000000003,
        "max": 70.820283,
        "avg": 20.102865958999992,
        "p(90)": 29.6014929,
        "p(95)": 31.737162149999993,
        "p(99)": 36.77378139999998,
        "p(99.99)": 70.58751180419989,
        "count": 1000,
        "p(50)": 17.330274000000003
      }
    },
    "response_time": {
      "type": "trend",
      "contains": "default",
      "values": {
        "p(99.99)": 70.58751180419989,
        "count": 1000,
        "min": 14.403587,
        "med": 17.330274000000003,
        "p(50)": 17.330274000000003,
        "p(95)": 31.737162149999993,
        "p(99)": 36.77378139999998,
        "avg": 20.102865958999992,
        "max": 70.820283,
        "p(90)": 29.6014929
      }
    },
    "reponse_size": {
      "type": "trend",
      "contains": "default",
      "values": {
        "min": 97,
        "med": 97,
        "p(99)": 97,
        "p(99.99)": 97,
        "count": 1000,
        "avg": 97,
        "max": 97,
        "p(50)": 97,
        "p(90)": 97,
        "p(95)": 97
      }
    },
    "checks": {
      "contains": "default",
      "values": {
        "rate": 1,
        "passes": 1000,
        "fails": 0
      },
      "type": "rate"
    },
    "http_req_waiting": {
      "contains": "time",
      "values": {
        "min": 14.293788,
        "med": 17.184274000000002,
        "max": 70.729779,
        "count": 1000,
        "avg": 19.950369419000022,
        "p(50)": 17.184274000000002,
        "p(90)": 29.309593000000003,
        "p(95)": 31.597795799999997,
        "p(99)": 36.68450937999998,
        "p(99.99)": 70.49365855679989
      },
      "type": "trend"
    },
    "http_req_receiving": {
      "contains": "time",
      "values": {
        "avg": 0.1291748890000001,
        "min": 0.050682,
        "med": 0.07924400000000001,
        "p(50)": 0.07924400000000001,
        "p(90)": 0.11536450000000001,
        "count": 1000,
        "max": 16.37986,
        "p(95)": 0.2497705499999998,
        "p(99)": 0.4309164699999996,
        "p(99.99)": 16.27532004459995
      },
      "type": "trend"
    },
    "data_received": {
      "contains": "data",
      "values": {
        "count": 683468,
        "rate": 33171.86316704833
      },
      "type": "counter"
    }
  },
  "root_group": {
    "name": "",
    "path": "",
    "id": "d41d8cd98f00b204e9800998ecf8427e",
    "groups": [],
    "checks": [
        {
          "id": "6210a8cd14cd70477eba5c5e4cb3fb5f",
          "passes": 1000,
          "fails": 0,
          "name": "status is 200",
          "path": "::status is 200"
        }
      ]
  },
  "options": {
    "summaryTrendStats": [
      "avg",
      "min",
      "med",
      "max",
      "p(50)",
      "p(90)",
      "p(95)",
      "p(99)",
      "p(99.99)",
      "count"
    ],
    "summaryTimeUnit": "ms",
    "noColor": false
  },
  "state": {
    "testRunDurationMs": 20603.847199,
    "isStdOutTTY": false,
    "isStdErrTTY": false
  }
}