{
  "root_group": {
    "checks": [
      {
        "path": "::is status 200",
        "id": "548d37ca5f33793206f7832e7cea54fb",
        "passes": 10000,
        "fails": 0,
        "name": "is status 200"
      }
    ],
    "name": "",
    "path": "",
    "id": "d41d8cd98f00b204e9800998ecf8427e",
    "groups": []
  },
  "options": {
    "noColor": false,
    "summaryTrendStats": [
      "avg",
      "min",
      "med",
      "max",
      "p(50)",
      "p(90)",
      "p(95)",
      "p(99)",
      "p(99.99)",
      "count"
    ],
    "summaryTimeUnit": "ms"
  },
  "state": {
    "isStdOutTTY": false,
    "isStdErrTTY": false,
    "testRunDurationMs": 86256.433922
  },
  "metrics": {
    "iteration_duration": {
      "type": "trend",
      "contains": "time",
      "values": {
        "min": 6.245093,
        "max": 27.491694,
        "p(50)": 8.293675499999999,
        "p(99)": 14.19042678,
        "count": 10000,
        "avg": 8.606234712900008,
        "med": 8.293675499999999,
        "p(90)": 10.087458400000001,
        "p(95)": 11.268459599999998,
        "p(99.99)": 24.725585638498043
      }
    },
    "iterations": {
      "contains": "default",
      "values": {
        "count": 10000,
        "rate": 115.93338079618273
      },
      "type": "counter"
    },
    "http_req_tls_handshaking": {
      "type": "trend",
      "contains": "time",
      "values": {
        "med": 0,
        "p(50)": 0,
        "p(95)": 0,
        "p(99.99)": 0,
        "count": 10000,
        "avg": 0,
        "min": 0,
        "max": 0,
        "p(90)": 0,
        "p(99)": 0
      }
    },
    "data_sent": {
      "values": {
        "count": 3790000,
        "rate": 43938.751321753254
      },
      "type": "counter",
      "contains": "data"
    },
    "data_received": {
      "type": "counter",
      "contains": "data",
      "values": {
        "count": 6593269,
        "rate": 76437.9965668667
      }
    },
    "http_req_duration": {
      "type": "trend",
      "contains": "time",
      "values": {
        "p(95)": 11.040054599999998,
        "p(99)": 14.000070990000001,
        "max": 27.195625,
        "p(50)": 8.080257,
        "med": 8.080257,
        "p(90)": 9.866099799999999,
        "p(99.99)": 24.472582331498074,
        "count": 10000,
        "avg": 8.39643206739995,
        "min": 6.094296
      }
    },
    "response_time": {
      "contains": "default",
      "values": {
        "max": 27.195625,
        "p(50)": 8.080257,
        "p(99)": 14.000070990000001,
        "p(99.99)": 24.472582331498074,
        "count": 10000,
        "avg": 8.39643206739995,
        "min": 6.094296,
        "med": 8.080257,
        "p(90)": 9.866099799999999,
        "p(95)": 11.040054599999998
      },
      "type": "trend"
    },
    "http_reqs": {
      "type": "counter",
      "contains": "default",
      "values": {
        "count": 10000,
        "rate": 115.93338079618273
      }
    },
    "http_req_blocked": {
      "type": "trend",
      "contains": "time",
      "values": {
        "avg": 0.005160324500000004,
        "min": 0.002194,
        "med": 0.004466,
        "p(99)": 0.01655366000000001,
        "count": 10000,
        "max": 0.892746,
        "p(50)": 0.004466,
        "p(90)": 0.0063461,
        "p(95)": 0.00915205,
        "p(99.99)": 0.19646763479950752
      }
    },
    "http_req_connecting": {
      "type": "trend",
      "contains": "time",
      "values": {
        "med": 0,
        "p(50)": 0,
        "p(90)": 0,
        "p(99)": 0,
        "p(99.99)": 0.00003975479971884488,
        "count": 10000,
        "avg": 0.0000397548,
        "min": 0,
        "max": 0.397548,
        "p(95)": 0
      }
    },
    "http_req_receiving": {
      "type": "trend",
      "contains": "time",
      "values": {
        "p(99)": 0.4777307300000001,
        "avg": 0.1128642268999998,
        "min": 0.046208,
        "med": 0.08295250000000001,
        "max": 6.882729,
        "count": 10000,
        "p(50)": 0.08295250000000001,
        "p(90)": 0.19784350000000014,
        "p(95)": 0.3073879499999999,
        "p(99.99)": 3.430243283097558
      }
    },
    "http_req_duration{expected_response:true}": {
      "type": "trend",
      "contains": "time",
      "values": {
        "avg": 8.39643206739995,
        "med": 8.080257,
        "p(90)": 9.866099799999999,
        "p(95)": 11.040054599999998,
        "count": 10000,
        "min": 6.094296,
        "max": 27.195625,
        "p(50)": 8.080257,
        "p(99)": 14.000070990000001,
        "p(99.99)": 24.472582331498074
      }
    },
    "vus_max": {
      "contains": "default",
      "values": {
        "value": 1,
        "min": 1,
        "max": 1
      },
      "type": "gauge"
    },
    "http_req_waiting": {
      "contains": "time",
      "values": {
        "p(95)": 10.89395525,
        "p(99.99)": 24.34529456619808,
        "med": 7.956333,
        "max": 27.060685,
        "p(90)": 9.738754,
        "p(99)": 13.875528170000003,
        "count": 10000,
        "avg": 8.264686773800022,
        "min": 5.919436,
        "p(50)": 7.956333
      },
      "type": "trend"
    },
    "checks": {
      "contains": "default",
      "values": {
        "passes": 10000,
        "fails": 0,
        "rate": 1
      },
      "type": "rate"
    },
    "vus": {
      "values": {
        "value": 1,
        "min": 1,
        "max": 1
      },
      "type": "gauge",
      "contains": "default"
    },
    "http_req_failed": {
      "type": "rate",
      "contains": "default",
      "values": {
        "rate": 0,
        "passes": 0,
        "fails": 10000
      }
    },
    "reponse_size": {
      "type": "trend",
      "contains": "default",
      "values": {
        "max": 207,
        "p(90)": 207,
        "p(99.99)": 207,
        "p(99)": 207,
        "count": 10000,
        "avg": 206.7803,
        "min": 201,
        "med": 207,
        "p(50)": 207,
        "p(95)": 207
      }
    },
    "http_req_sending": {
      "type": "trend",
      "contains": "time",
      "values": {
        "p(50)": 0.017342,
        "p(95)": 0.02697854999999999,
        "p(99.99)": 0.5197779081999794,
        "count": 10000,
        "avg": 0.018881066700000105,
        "min": 0.007437,
        "med": 0.017342,
        "max": 0.548857,
        "p(90)": 0.024118000000000004,
        "p(99)": 0.03964369000000013
      }
    }
  }
}