{
  "state": {
    "testRunDurationMs": 4464.592778,
    "isStdOutTTY": false,
    "isStdErrTTY": false
  },
  "metrics": {
    "vus_max": {
      "type": "gauge",
      "contains": "default",
      "values": {
        "value": 1,
        "min": 1,
        "max": 1
      }
    },
    "http_req_tls_handshaking": {
      "type": "trend",
      "contains": "time",
      "values": {
        "max": 0,
        "p(90)": 0,
        "med": 0,
        "min": 0,
        "p(50)": 0,
        "p(95)": 0,
        "p(99)": 0,
        "p(99.99)": 0,
        "count": 1000,
        "avg": 0
      }
    },
    "vus": {
      "contains": "default",
      "values": {
        "min": 1,
        "max": 1,
        "value": 1
      },
      "type": "gauge"
    },
    "data_sent": {
      "type": "counter",
      "contains": "data",
      "values": {
        "count": 391000,
        "rate": 87577.97618782063
      }
    },
    "http_reqs": {
      "type": "counter",
      "contains": "default",
      "values": {
        "count": 1000,
        "rate": 223.9845938307433
      }
    },
    "iterations": {
      "type": "counter",
      "contains": "default",
      "values": {
        "count": 1000,
        "rate": 223.9845938307433
      }
    },
    "iteration_duration": {
      "contains": "time",
      "values": {
        "avg": 4.442355421999996,
        "med": 3.8743165,
        "max": 59.806781,
        "p(95)": 5.642751599999999,
        "count": 1000,
        "min": 2.744883,
        "p(50)": 3.8743165,
        "p(90)": 4.9570589,
        "p(99)": 14.191076519999985,
        "p(99.99)": 59.769231586999986
      },
      "type": "trend"
    },
    "http_req_duration{expected_response:true}": {
      "type": "trend",
      "contains": "time",
      "values": {
        "p(90)": 4.6237251,
        "p(95)": 5.268290849999998,
        "p(99.99)": 59.34012633149999,
        "count": 1000,
        "min": 2.511529,
        "med": 3.5601605,
        "p(50)": 3.5601605,
        "p(99)": 13.783805849999993,
        "avg": 4.129607054999999,
        "max": 59.36793
      }
    },
    "http_req_waiting": {
      "type": "trend",
      "contains": "time",
      "values": {
        "p(95)": 4.319683999999998,
        "count": 1000,
        "max": 53.699423,
        "p(50)": 3.0005515000000003,
        "p(90)": 3.8287596,
        "p(99)": 5.863505079999998,
        "p(99.99)": 53.26320205759979,
        "avg": 3.3334682719999984,
        "min": 2.10886,
        "med": 3.0005515000000003
      }
    },
    "response_size": {
      "contains": "default",
      "values": {
        "med": 63944,
        "max": 63944,
        "p(50)": 63944,
        "p(90)": 63944,
        "p(95)": 63944,
        "p(99)": 63944,
        "avg": 63944,
        "min": 63944,
        "p(99.99)": 63944,
        "count": 1000
      },
      "type": "trend"
    },
    "response_time": {
      "contains": "default",
      "values": {
        "min": 2.511529,
        "p(90)": 4.6237251,
        "avg": 4.129607054999999,
        "max": 59.36793,
        "p(50)": 3.5601605,
        "p(95)": 5.268290849999998,
        "p(99)": 13.783805849999993,
        "p(99.99)": 59.34012633149999,
        "count": 1000,
        "med": 3.5601605
      },
      "type": "trend"
    },
    "reponse_size_body": {
      "contains": "default",
      "values": {
        "p(95)": 63563,
        "p(99.99)": 63563,
        "count": 1000,
        "avg": 63563,
        "min": 63563,
        "med": 63563,
        "max": 63563,
        "p(90)": 63563,
        "p(50)": 63563,
        "p(99)": 63563
      },
      "type": "trend"
    },
    "data_received": {
      "type": "counter",
      "contains": "data",
      "values": {
        "count": 64092893,
        "rate": 14355820.606042292
      }
    },
    "http_req_failed": {
      "type": "rate",
      "contains": "default",
      "values": {
        "rate": 0,
        "passes": 0,
        "fails": 1000
      }
    },
    "http_req_connecting": {
      "values": {
        "max": 0.281774,
        "p(90)": 0,
        "p(99)": 0,
        "avg": 0.00028177400000000004,
        "min": 0,
        "med": 0,
        "p(50)": 0,
        "p(95)": 0,
        "p(99.99)": 0.25362477739998657,
        "count": 1000
      },
      "type": "trend",
      "contains": "time"
    },
    "http_req_receiving": {
      "type": "trend",
      "contains": "time",
      "values": {
        "max": 54.759298,
        "p(99)": 2.540552829999999,
        "p(99.99)": 54.68811415509997,
        "count": 1000,
        "avg": 0.7711646899999988,
        "med": 0.490046,
        "p(50)": 0.490046,
        "p(90)": 0.8116576999999999,
        "p(95)": 0.9399346499999999,
        "min": 0.120593
      }
    },
    "checks": {
      "values": {
        "fails": 0,
        "rate": 1,
        "passes": 1000
      },
      "type": "rate",
      "contains": "default"
    },
    "http_req_duration": {
      "type": "trend",
      "contains": "time",
      "values": {
        "min": 2.511529,
        "med": 3.5601605,
        "p(95)": 5.268290849999998,
        "p(99)": 13.783805849999993,
        "count": 1000,
        "avg": 4.129607054999999,
        "max": 59.36793,
        "p(50)": 3.5601605,
        "p(90)": 4.6237251,
        "p(99.99)": 59.34012633149999
      }
    },
    "http_req_sending": {
      "type": "trend",
      "contains": "time",
      "values": {
        "avg": 0.02497409300000003,
        "min": 0.010882,
        "p(50)": 0.0227635,
        "p(90)": 0.0322347,
        "p(95)": 0.03719864999999999,
        "p(99)": 0.06385095999999992,
        "count": 1000,
        "med": 0.0227635,
        "max": 0.23041,
        "p(99.99)": 0.22717224099999844
      }
    },
    "http_req_blocked": {
      "type": "trend",
      "contains": "time",
      "values": {
        "p(99)": 0.019446629999999996,
        "p(99.99)": 0.3810224409999926,
        "count": 1000,
        "med": 0.0057475,
        "p(90)": 0.008919100000000001,
        "p(95)": 0.010092799999999999,
        "p(50)": 0.0057475,
        "avg": 0.007053003000000001,
        "min": 0.002949,
        "max": 0.396448
      }
    }
  },
  "root_group": {
    "name": "",
    "path": "",
    "id": "d41d8cd98f00b204e9800998ecf8427e",
    "groups": [],
    "checks": [
        {
          "name": "is status 200",
          "path": "::is status 200",
          "id": "548d37ca5f33793206f7832e7cea54fb",
          "passes": 1000,
          "fails": 0
        }
      ]
  },
  "options": {
    "summaryTrendStats": [
      "avg",
      "min",
      "med",
      "max",
      "p(50)",
      "p(90)",
      "p(95)",
      "p(99)",
      "p(99.99)",
      "count"
    ],
    "summaryTimeUnit": "ms",
    "noColor": false
  }
}