{
  "root_group": {
    "name": "",
    "path": "",
    "id": "d41d8cd98f00b204e9800998ecf8427e",
    "groups": [],
    "checks": [
        {
          "passes": 10000,
          "fails": 0,
          "name": "is status 200",
          "path": "::is status 200",
          "id": "548d37ca5f33793206f7832e7cea54fb"
        }
      ]
  },
  "options": {
    "summaryTrendStats": [
      "avg",
      "min",
      "med",
      "max",
      "p(50)",
      "p(90)",
      "p(95)",
      "p(99)",
      "p(99.99)",
      "count"
    ],
    "summaryTimeUnit": "ms",
    "noColor": false
  },
  "state": {
    "isStdOutTTY": false,
    "isStdErrTTY": false,
    "testRunDurationMs": 33614.650426
  },
  "metrics": {
    "http_req_failed": {
      "type": "rate",
      "contains": "default",
      "values": {
        "passes": 0,
        "fails": 10000,
        "rate": 0
      }
    },
    "http_req_receiving": {
      "type": "trend",
      "contains": "time",
      "values": {
        "avg": 0.10524505140000011,
        "med": 0.0899765,
        "max": 1.690179,
        "min": 0.036973,
        "p(50)": 0.0899765,
        "p(90)": 0.1500054,
        "p(95)": 0.20198774999999997,
        "p(99)": 0.30359194000000045,
        "p(99.99)": 1.6271443040999554,
        "count": 10000
      }
    },
    "vus_max": {
      "type": "gauge",
      "contains": "default",
      "values": {
        "value": 1,
        "min": 1,
        "max": 1
      }
    },
    "http_req_waiting": {
      "type": "trend",
      "contains": "time",
      "values": {
        "avg": 2.9690075315,
        "med": 2.957636,
        "p(90)": 3.4266163000000005,
        "min": 1.664699,
        "max": 13.332749,
        "p(50)": 2.957636,
        "p(95)": 3.6933143999999993,
        "p(99)": 4.848434700000002,
        "p(99.99)": 8.969681350396915,
        "count": 10000
      }
    },
    "data_sent": {
      "values": {
        "count": 4090000,
        "rate": 121673.13799689253
      },
      "type": "counter",
      "contains": "data"
    },
    "response_size": {
      "values": {
        "max": 2090,
        "p(50)": 2090,
        "p(90)": 2090,
        "p(95)": 2090,
        "p(99.99)": 2090,
        "avg": 2090,
        "min": 2090,
        "med": 2090,
        "p(99)": 2090,
        "count": 10000
      },
      "type": "trend",
      "contains": "default"
    },
    "http_req_connecting": {
      "type": "trend",
      "contains": "time",
      "values": {
        "min": 0,
        "med": 0,
        "max": 0.397946,
        "p(50)": 0,
        "p(99)": 0,
        "avg": 0.0000397946,
        "p(90)": 0,
        "p(95)": 0,
        "p(99.99)": 0.0000397945997185634,
        "count": 10000
      }
    },
    "http_req_blocked": {
      "type": "trend",
      "contains": "time",
      "values": {
        "avg": 0.005774080499999979,
        "min": 0.00198,
        "p(90)": 0.0069321,
        "p(99)": 0.015162630000000014,
        "count": 10000,
        "med": 0.0054115,
        "max": 0.557545,
        "p(50)": 0.0054115,
        "p(95)": 0.007988299999999995,
        "p(99.99)": 0.20089466859974775
      }
    },
    "http_req_sending": {
      "type": "trend",
      "contains": "time",
      "values": {
        "avg": 0.022867912199999924,
        "med": 0.022404,
        "p(90)": 0.0265001,
        "p(95)": 0.028858349999999998,
        "p(99.99)": 0.3626864510999544,
        "count": 10000,
        "min": 0.00684,
        "max": 0.427191,
        "p(50)": 0.022404,
        "p(99)": 0.05152095000000013
      }
    },
    "response_time": {
      "type": "trend",
      "contains": "default",
      "values": {
        "avg": 3.097120495099997,
        "p(50)": 3.0852765,
        "p(90)": 3.5640286,
        "count": 10000,
        "min": 1.73523,
        "med": 3.0852765,
        "max": 13.568526,
        "p(95)": 3.842162049999997,
        "p(99)": 4.993436230000003,
        "p(99.99)": 9.093132584096834
      }
    },
    "vus": {
      "type": "gauge",
      "contains": "default",
      "values": {
        "value": 1,
        "min": 1,
        "max": 1
      }
    },
    "iteration_duration": {
      "type": "trend",
      "contains": "time",
      "values": {
        "avg": 3.3419059548000054,
        "min": 1.891766,
        "p(50)": 3.334713,
        "p(90)": 3.8305545999999997,
        "p(95)": 4.117893649999998,
        "p(99.99)": 9.347652379896221,
        "med": 3.334713,
        "max": 14.690917,
        "p(99)": 5.25461819,
        "count": 10000
      }
    },
    "http_req_duration{expected_response:true}": {
      "contains": "time",
      "values": {
        "count": 10000,
        "med": 3.0852765,
        "max": 13.568526,
        "p(50)": 3.0852765,
        "p(90)": 3.5640286,
        "p(95)": 3.842162049999997,
        "avg": 3.097120495099997,
        "min": 1.73523,
        "p(99)": 4.993436230000003,
        "p(99.99)": 9.093132584096834
      },
      "type": "trend"
    },
    "http_req_duration": {
      "values": {
        "p(99)": 4.993436230000003,
        "p(99.99)": 9.093132584096834,
        "count": 10000,
        "avg": 3.097120495099997,
        "p(50)": 3.0852765,
        "p(95)": 3.842162049999997,
        "p(90)": 3.5640286,
        "min": 1.73523,
        "med": 3.0852765,
        "max": 13.568526
      },
      "type": "trend",
      "contains": "time"
    },
    "reponse_size_body": {
      "type": "trend",
      "contains": "default",
      "values": {
        "p(50)": 1569,
        "p(90)": 1569,
        "p(99.99)": 1569,
        "max": 1569,
        "min": 1569,
        "med": 1569,
        "p(95)": 1569,
        "p(99)": 1569,
        "count": 10000,
        "avg": 1569
      }
    },
    "iterations": {
      "type": "counter",
      "contains": "default",
      "values": {
        "count": 10000,
        "rate": 297.4893349557275
      }
    },
    "http_reqs": {
      "type": "counter",
      "contains": "default",
      "values": {
        "count": 10000,
        "rate": 297.4893349557275
      }
    },
    "checks": {
      "values": {
        "passes": 10000,
        "fails": 0,
        "rate": 1
      },
      "type": "rate",
      "contains": "default"
    },
    "data_received": {
      "contains": "data",
      "values": {
        "rate": 642274.0598635194,
        "count": 21589818
      },
      "type": "counter"
    },
    "http_req_tls_handshaking": {
      "type": "trend",
      "contains": "time",
      "values": {
        "avg": 0,
        "max": 0,
        "p(50)": 0,
        "p(99)": 0,
        "p(99.99)": 0,
        "min": 0,
        "med": 0,
        "p(90)": 0,
        "p(95)": 0,
        "count": 10000
      }
    }
  }
}