{
  "state": {
    "testRunDurationMs": 103804.330123,
    "isStdOutTTY": false,
    "isStdErrTTY": false
  },
  "metrics": {
    "data_received": {
      "type": "counter",
      "contains": "data",
      "values": {
        "count": 6845007,
        "rate": 65941.43993693907
      }
    },
    "iteration_duration": {
      "type": "trend",
      "contains": "time",
      "values": {
        "avg": 10.36154881329999,
        "p(50)": 9.7646285,
        "p(99)": 18.033604150000006,
        "min": 7.597386,
        "med": 9.7646285,
        "max": 30.850171,
        "p(90)": 13.129764900000001,
        "p(95)": 14.951210999999999,
        "p(99.99)": 27.977486297197967,
        "count": 10000
      }
    },
    "data_sent": {
      "type": "counter",
      "contains": "data",
      "values": {
        "count": 3850000,
        "rate": 37089.01156086699
      }
    },
    "checks": {
      "type": "rate",
      "contains": "default",
      "values": {
        "fails": 0,
        "rate": 1,
        "passes": 10000
      }
    },
    "http_req_duration{expected_response:true}": {
      "type": "trend",
      "contains": "time",
      "values": {
        "p(95)": 14.73213505,
        "p(99)": 17.80811524,
        "p(99.99)": 27.801951911698012,
        "max": 30.610788,
        "p(50)": 9.555732500000001,
        "p(90)": 12.9277705,
        "count": 10000,
        "avg": 10.153722772900021,
        "min": 7.379622,
        "med": 9.555732500000001
      }
    },
    "http_req_tls_handshaking": {
      "type": "trend",
      "contains": "time",
      "values": {
        "p(50)": 0,
        "p(90)": 0,
        "p(95)": 0,
        "p(99.99)": 0,
        "count": 10000,
        "avg": 0,
        "med": 0,
        "max": 0,
        "p(99)": 0,
        "min": 0
      }
    },
    "http_req_blocked": {
      "type": "trend",
      "contains": "time",
      "values": {
        "avg": 0.005013775800000025,
        "med": 0.004386,
        "p(50)": 0.004386,
        "p(90)": 0.0060291,
        "p(95)": 0.00909664999999999,
        "p(99)": 0.016886130000000006,
        "p(99.99)": 0.19272280709989528,
        "min": 0.001961,
        "max": 0.340779,
        "count": 10000
      }
    },
    "reponse_size": {
      "type": "trend",
      "contains": "default",
      "values": {
        "med": 98,
        "max": 98,
        "p(50)": 98,
        "p(95)": 98,
        "p(99.99)": 98,
        "count": 10000,
        "avg": 97.838,
        "min": 97,
        "p(90)": 98,
        "p(99)": 98
      }
    },
    "http_req_sending": {
      "type": "trend",
      "contains": "time",
      "values": {
        "p(99.99)": 0.33593370099995257,
        "count": 10000,
        "min": 0.007484,
        "max": 0.402937,
        "p(50)": 0.016676,
        "p(95)": 0.026745399999999964,
        "p(99)": 0.03882038000000001,
        "avg": 0.01818841589999993,
        "med": 0.016676,
        "p(90)": 0.023207600000000002
      }
    },
    "http_req_receiving": {
      "type": "trend",
      "contains": "time",
      "values": {
        "p(99)": 0.49288890000000063,
        "avg": 0.11830860519999992,
        "max": 12.333333,
        "p(50)": 0.083966,
        "p(95)": 0.26829949999999936,
        "p(99.99)": 11.25668167589924,
        "count": 10000,
        "min": 0.044613,
        "med": 0.083966,
        "p(90)": 0.1297114
      }
    },
    "http_req_connecting": {
      "type": "trend",
      "contains": "time",
      "values": {
        "med": 0,
        "p(99.99)": 0.000023007299837287064,
        "count": 10000,
        "min": 0,
        "max": 0.230073,
        "p(50)": 0,
        "p(90)": 0,
        "p(95)": 0,
        "p(99)": 0,
        "avg": 0.0000230073
      }
    },
    "response_time": {
      "contains": "default",
      "values": {
        "p(50)": 9.555732500000001,
        "p(90)": 12.9277705,
        "p(99)": 17.80811524,
        "p(99.99)": 27.801951911698012,
        "avg": 10.153722772900021,
        "max": 30.610788,
        "p(95)": 14.73213505,
        "count": 10000,
        "min": 7.379622,
        "med": 9.555732500000001
      },
      "type": "trend"
    },
    "http_req_duration": {
      "type": "trend",
      "contains": "time",
      "values": {
        "p(50)": 9.555732500000001,
        "p(95)": 14.73213505,
        "avg": 10.153722772900021,
        "min": 7.379622,
        "med": 9.555732500000001,
        "p(99.99)": 27.801951911698012,
        "count": 10000,
        "max": 30.610788,
        "p(90)": 12.9277705,
        "p(99)": 17.80811524
      }
    },
    "http_req_failed": {
      "type": "rate",
      "contains": "default",
      "values": {
        "passes": 0,
        "fails": 10000,
        "rate": 0
      }
    },
    "iterations": {
      "type": "counter",
      "contains": "default",
      "values": {
        "count": 10000,
        "rate": 96.33509496329087
      }
    },
    "http_req_waiting": {
      "contains": "time",
      "values": {
        "count": 10000,
        "med": 9.4311115,
        "max": 30.489638,
        "p(50)": 9.4311115,
        "p(95)": 14.557872299999994,
        "p(99)": 17.66348196,
        "p(99.99)": 27.715801411398036,
        "avg": 10.017225751799955,
        "min": 7.281769,
        "p(90)": 12.785372000000002
      },
      "type": "trend"
    },
    "vus": {
      "type": "gauge",
      "contains": "default",
      "values": {
        "value": 1,
        "min": 1,
        "max": 1
      }
    },
    "vus_max": {
      "values": {
        "value": 1,
        "min": 1,
        "max": 1
      },
      "type": "gauge",
      "contains": "default"
    },
    "http_reqs": {
      "type": "counter",
      "contains": "default",
      "values": {
        "count": 10000,
        "rate": 96.33509496329087
      }
    }
  },
  "root_group": {
    "name": "",
    "path": "",
    "id": "d41d8cd98f00b204e9800998ecf8427e",
    "groups": [],
    "checks": [
        {
          "name": "is status 200",
          "path": "::is status 200",
          "id": "548d37ca5f33793206f7832e7cea54fb",
          "passes": 10000,
          "fails": 0
        }
      ]
  },
  "options": {
    "summaryTrendStats": [
      "avg",
      "min",
      "med",
      "max",
      "p(50)",
      "p(90)",
      "p(95)",
      "p(99)",
      "p(99.99)",
      "count"
    ],
    "summaryTimeUnit": "ms",
    "noColor": false
  }
}