{
  "root_group": {
    "groups": [],
    "checks": [
        {
          "name": "is status 200",
          "path": "::is status 200",
          "id": "548d37ca5f33793206f7832e7cea54fb",
          "passes": 10000,
          "fails": 0
        }
      ],
    "name": "",
    "path": "",
    "id": "d41d8cd98f00b204e9800998ecf8427e"
  },
  "options": {
    "summaryTimeUnit": "ms",
    "noColor": false,
    "summaryTrendStats": [
      "avg",
      "min",
      "med",
      "max",
      "p(50)",
      "p(90)",
      "p(95)",
      "p(99)",
      "p(99.99)",
      "count"
    ]
  },
  "state": {
    "isStdErrTTY": false,
    "testRunDurationMs": 16212.691012,
    "isStdOutTTY": false
  },
  "metrics": {
    "data_received": {
      "type": "counter",
      "contains": "data",
      "values": {
        "count": 5567100,
        "rate": 343379.1463662294
      }
    },
    "vus": {
      "type": "gauge",
      "contains": "default",
      "values": {
        "value": 1,
        "min": 1,
        "max": 1
      }
    },
    "http_req_duration": {
      "type": "trend",
      "contains": "time",
      "values": {
        "med": 1.3209625,
        "p(50)": 1.3209625,
        "p(99)": 6.135332620000049,
        "p(99.99)": 10.957049762890998,
        "avg": 1.4189095815999981,
        "min": 0.704695,
        "max": 23.683406,
        "p(90)": 1.6481363000000002,
        "p(95)": 1.7998013499999999,
        "count": 10000
      }
    },
    "response_size": {
      "type": "trend",
      "contains": "default",
      "values": {
        "p(90)": 510,
        "p(99.99)": 510,
        "min": 458,
        "med": 510,
        "max": 510,
        "p(50)": 510,
        "p(95)": 510,
        "p(99)": 510,
        "count": 10000,
        "avg": 509.48
      }
    },
    "iteration_duration": {
      "type": "trend",
      "contains": "time",
      "values": {
        "count": 10000,
        "avg": 1.6053655793000077,
        "p(90)": 1.8493802000000001,
        "p(95)": 2.0152685,
        "p(99)": 6.526246740000064,
        "p(99.99)": 11.156291478890973,
        "min": 0.79579,
        "med": 1.5037605,
        "max": 23.919804,
        "p(50)": 1.5037605
      }
    },
    "http_req_duration{expected_response:true}": {
      "type": "trend",
      "contains": "time",
      "values": {
        "max": 23.683406,
        "p(50)": 1.3209625,
        "p(95)": 1.7998013499999999,
        "p(99)": 6.135332620000049,
        "min": 0.704695,
        "med": 1.3209625,
        "p(90)": 1.6481363000000002,
        "p(99.99)": 10.957049762890998,
        "count": 10000,
        "avg": 1.4189095815999981
      }
    },
    "http_req_blocked": {
      "values": {
        "min": 0.001383,
        "p(50)": 0.004408,
        "p(95)": 0.006392,
        "p(99)": 0.18278887000000016,
        "p(99.99)": 0.37767727799999096,
        "avg": 0.007138485700000031,
        "med": 0.004408,
        "max": 0.390456,
        "p(90)": 0.0055361,
        "count": 10000
      },
      "type": "trend",
      "contains": "time"
    },
    "data_sent": {
      "type": "counter",
      "contains": "data",
      "values": {
        "count": 3720000,
        "rate": 229449.87955710755
      }
    },
    "iterations": {
      "type": "counter",
      "contains": "default",
      "values": {
        "rate": 616.8007514976009,
        "count": 10000
      }
    },
    "http_req_failed": {
      "type": "rate",
      "contains": "default",
      "values": {
        "rate": 0,
        "passes": 0,
        "fails": 10000
      }
    },
    "response_time": {
      "type": "trend",
      "contains": "default",
      "values": {
        "avg": 1.4189095815999981,
        "p(95)": 1.7998013499999999,
        "p(99)": 6.135332620000049,
        "count": 10000,
        "min": 0.704695,
        "med": 1.3209625,
        "max": 23.683406,
        "p(50)": 1.3209625,
        "p(90)": 1.6481363000000002,
        "p(99.99)": 10.957049762890998
      }
    },
    "http_reqs": {
      "contains": "default",
      "values": {
        "count": 10000,
        "rate": 616.8007514976009
      },
      "type": "counter"
    },
    "http_req_receiving": {
      "values": {
        "p(95)": 0.0982042999999999,
        "p(99)": 0.21524724000000037,
        "p(99.99)": 2.0797329555999933,
        "min": 0.022869,
        "med": 0.05862,
        "p(50)": 0.05862,
        "p(90)": 0.08137140000000001,
        "avg": 0.06670357069999994,
        "max": 2.089288,
        "count": 10000
      },
      "type": "trend",
      "contains": "time"
    },
    "vus_max": {
      "type": "gauge",
      "contains": "default",
      "values": {
        "max": 1,
        "value": 1,
        "min": 1
      }
    },
    "http_req_connecting": {
      "type": "trend",
      "contains": "time",
      "values": {
        "max": 0.279097,
        "p(50)": 0,
        "p(99)": 0.001036190000022618,
        "p(99.99)": 0.2697839313999934,
        "count": 10000,
        "avg": 0.0015998144000000005,
        "min": 0,
        "med": 0,
        "p(90)": 0,
        "p(95)": 0
      }
    },
    "http_req_waiting": {
      "type": "trend",
      "contains": "time",
      "values": {
        "avg": 1.3343443364999987,
        "min": 0.562518,
        "p(50)": 1.2407374999999998,
        "p(95)": 1.6821328999999996,
        "p(99)": 5.99894453000005,
        "count": 10000,
        "med": 1.2407374999999998,
        "max": 23.569314,
        "p(90)": 1.5504505,
        "p(99.99)": 10.863212737191015
      }
    },
    "checks": {
      "type": "rate",
      "contains": "default",
      "values": {
        "rate": 1,
        "passes": 10000,
        "fails": 0
      }
    },
    "reponse_size_body": {
      "type": "trend",
      "contains": "default",
      "values": {
        "min": 148,
        "med": 148,
        "p(50)": 148,
        "p(95)": 148,
        "p(99)": 148,
        "p(99.99)": 148,
        "count": 10000,
        "avg": 148,
        "max": 148,
        "p(90)": 148
      }
    },
    "http_req_tls_handshaking": {
      "type": "trend",
      "contains": "time",
      "values": {
        "p(99)": 0,
        "count": 10000,
        "med": 0,
        "p(95)": 0,
        "max": 0,
        "p(50)": 0,
        "p(90)": 0,
        "p(99.99)": 0,
        "avg": 0,
        "min": 0
      }
    },
    "http_req_sending": {
      "type": "trend",
      "contains": "time",
      "values": {
        "avg": 0.017861674399999968,
        "med": 0.017049,
        "max": 0.398569,
        "p(90)": 0.020779,
        "p(95)": 0.023713799999999976,
        "min": 0.006081,
        "p(50)": 0.017049,
        "p(99)": 0.05592817,
        "p(99.99)": 0.37570728639998385,
        "count": 10000
      }
    }
  }
}