{
  "root_group": {
    "name": "",
    "path": "",
    "id": "d41d8cd98f00b204e9800998ecf8427e",
    "groups": [],
    "checks": [
        {
          "id": "548d37ca5f33793206f7832e7cea54fb",
          "passes": 10000,
          "fails": 0,
          "name": "is status 200",
          "path": "::is status 200"
        }
      ]
  },
  "options": {
    "summaryTrendStats": [
      "avg",
      "min",
      "med",
      "max",
      "p(50)",
      "p(90)",
      "p(95)",
      "p(99)",
      "p(99.99)",
      "count"
    ],
    "summaryTimeUnit": "ms",
    "noColor": false
  },
  "state": {
    "isStdOutTTY": false,
    "isStdErrTTY": false,
    "testRunDurationMs": 37747.317177
  },
  "metrics": {
    "http_req_duration{expected_response:true}": {
      "type": "trend",
      "contains": "time",
      "values": {
        "avg": 3.552487107500007,
        "med": 3.361994,
        "p(90)": 4.5533409,
        "p(99)": 8.834605420000004,
        "p(99.99)": 22.74262280419758,
        "count": 10000,
        "min": 1.827875,
        "max": 26.160323,
        "p(50)": 3.361994,
        "p(95)": 5.040718549999999
      }
    },
    "http_req_blocked": {
      "type": "trend",
      "contains": "time",
      "values": {
        "min": 0.001417,
        "max": 0.401649,
        "p(50)": 0.004725,
        "p(95)": 0.008566149999999998,
        "p(99.99)": 0.39592857209999593,
        "count": 10000,
        "avg": 0.007674166100000001,
        "med": 0.004725,
        "p(90)": 0.006443300000000001,
        "p(99)": 0.16940816000000064
      }
    },
    "response_time": {
      "contains": "default",
      "values": {
        "count": 10000,
        "max": 26.160323,
        "p(50)": 3.361994,
        "p(90)": 4.5533409,
        "p(95)": 5.040718549999999,
        "p(99)": 8.834605420000004,
        "avg": 3.552487107500007,
        "min": 1.827875,
        "med": 3.361994,
        "p(99.99)": 22.74262280419758
      },
      "type": "trend"
    },
    "http_req_waiting": {
      "type": "trend",
      "contains": "time",
      "values": {
        "min": 1.752521,
        "med": 3.265939,
        "p(50)": 3.265939,
        "p(90)": 4.4404948,
        "p(95)": 4.923513849999999,
        "avg": 3.4550434035000124,
        "max": 26.048047,
        "p(99)": 8.70175741,
        "p(99.99)": 22.56898194129754,
        "count": 10000
      }
    },
    "http_req_failed": {
      "type": "rate",
      "contains": "default",
      "values": {
        "passes": 0,
        "fails": 10000,
        "rate": 0
      }
    },
    "iterations": {
      "type": "counter",
      "contains": "default",
      "values": {
        "count": 10000,
        "rate": 264.91948959204836
      }
    },
    "http_req_duration": {
      "type": "trend",
      "contains": "time",
      "values": {
        "p(99)": 8.834605420000004,
        "avg": 3.552487107500007,
        "med": 3.361994,
        "p(50)": 3.361994,
        "p(90)": 4.5533409,
        "count": 10000,
        "min": 1.827875,
        "max": 26.160323,
        "p(95)": 5.040718549999999,
        "p(99.99)": 22.74262280419758
      }
    },
    "http_req_sending": {
      "type": "trend",
      "contains": "time",
      "values": {
        "count": 10000,
        "p(95)": 0.027802449999999992,
        "p(99)": 0.06219068000000002,
        "med": 0.0181195,
        "max": 0.205157,
        "p(50)": 0.0181195,
        "p(90)": 0.024206,
        "p(99.99)": 0.1999385218999963,
        "avg": 0.019389503500000092,
        "min": 0.006719
      }
    },
    "data_sent": {
      "contains": "data",
      "values": {
        "rate": 100415.10982691897,
        "count": 3790401
      },
      "type": "counter"
    },
    "iteration_duration": {
      "type": "trend",
      "contains": "time",
      "values": {
        "p(99.99)": 23.24073946209776,
        "count": 10000,
        "med": 3.560601,
        "p(90)": 4.7755308,
        "p(95)": 5.284526199999998,
        "p(50)": 3.560601,
        "p(99)": 9.243120170000001,
        "avg": 3.7568406134000107,
        "min": 1.966958,
        "max": 26.405044
      }
    },
    "http_req_connecting": {
      "contains": "time",
      "values": {
        "min": 0,
        "med": 0,
        "max": 0.322075,
        "p(90)": 0,
        "p(95)": 0,
        "p(99)": 0.0010808400000235925,
        "count": 10000,
        "avg": 0.0016500030000000001,
        "p(99.99)": 0.30537766989998816,
        "p(50)": 0
      },
      "type": "trend"
    },
    "vus": {
      "type": "gauge",
      "contains": "default",
      "values": {
        "value": 1,
        "min": 1,
        "max": 1
      }
    },
    "checks": {
      "type": "rate",
      "contains": "default",
      "values": {
        "rate": 1,
        "passes": 10000,
        "fails": 0
      }
    },
    "vus_max": {
      "type": "gauge",
      "contains": "default",
      "values": {
        "value": 1,
        "min": 1,
        "max": 1
      }
    },
    "http_reqs": {
      "values": {
        "count": 10000,
        "rate": 264.91948959204836
      },
      "type": "counter",
      "contains": "default"
    },
    "http_req_receiving": {
      "type": "trend",
      "contains": "time",
      "values": {
        "max": 2.948481,
        "p(95)": 0.10663239999999996,
        "count": 10000,
        "min": 0.027288,
        "med": 0.07367599999999999,
        "p(50)": 0.07367599999999999,
        "p(90)": 0.09551070000000002,
        "p(99)": 0.19747792000000008,
        "p(99.99)": 2.292031651499536,
        "avg": 0.07805420049999985
      }
    },
    "reponse_size": {
      "type": "trend",
      "contains": "default",
      "values": {
        "p(50)": 98,
        "p(99)": 98,
        "p(99.99)": 98,
        "count": 10000,
        "avg": 97.952,
        "min": 97,
        "med": 98,
        "max": 98,
        "p(90)": 98,
        "p(95)": 98
      }
    },
    "http_req_tls_handshaking": {
      "type": "trend",
      "contains": "time",
      "values": {
        "avg": 0,
        "max": 0,
        "p(50)": 0,
        "p(95)": 0,
        "count": 10000,
        "min": 0,
        "med": 0,
        "p(90)": 0,
        "p(99)": 0,
        "p(99.99)": 0
      }
    },
    "data_received": {
      "type": "counter",
      "contains": "data",
      "values": {
        "count": 6407100,
        "rate": 169736.5661765213
      }
    }
  }
}