{
  "options": {
    "summaryTrendStats": [
      "avg",
      "min",
      "med",
      "max",
      "p(50)",
      "p(90)",
      "p(95)",
      "p(99)",
      "p(99.99)",
      "count"
    ],
    "summaryTimeUnit": "ms",
    "noColor": false
  },
  "state": {
    "testRunDurationMs": 16006.548404,
    "isStdOutTTY": false,
    "isStdErrTTY": false
  },
  "metrics": {
    "iteration_duration": {
      "type": "trend",
      "contains": "time",
      "values": {
        "min": 0.743264,
        "med": 1.4708435,
        "max": 11.384309,
        "p(50)": 1.4708435,
        "count": 10000,
        "avg": 1.5847978922999986,
        "p(90)": 1.8366181,
        "p(95)": 2.0322327999999996,
        "p(99)": 5.573105390000219,
        "p(99.99)": 11.249196512599905
      }
    },
    "reponse_size_body": {
      "type": "trend",
      "contains": "default",
      "values": {
        "p(99.99)": 149,
        "avg": 149,
        "med": 149,
        "p(90)": 149,
        "p(95)": 149,
        "p(99)": 149,
        "min": 149,
        "max": 149,
        "p(50)": 149,
        "count": 10000
      }
    },
    "http_req_blocked": {
      "values": {
        "p(99)": 0.17990275000000108,
        "p(99.99)": 0.34035744749988367,
        "avg": 0.007508567399999993,
        "min": 0.001562,
        "p(50)": 0.004602,
        "p(90)": 0.006191100000000001,
        "p(95)": 0.007459099999999999,
        "count": 10000,
        "med": 0.004602,
        "max": 0.504816
      },
      "type": "trend",
      "contains": "time"
    },
    "checks": {
      "type": "rate",
      "contains": "default",
      "values": {
        "rate": 1,
        "passes": 10000,
        "fails": 0
      }
    },
    "data_sent": {
      "type": "counter",
      "contains": "data",
      "values": {
        "rate": 232404.88243364074,
        "count": 3720000
      }
    },
    "http_reqs": {
      "type": "counter",
      "contains": "default",
      "values": {
        "count": 10000,
        "rate": 624.7443076173139
      }
    },
    "http_req_failed": {
      "values": {
        "rate": 0,
        "passes": 0,
        "fails": 10000
      },
      "type": "rate",
      "contains": "default"
    },
    "http_req_connecting": {
      "type": "trend",
      "contains": "time",
      "values": {
        "p(99)": 0.001154160000025193,
        "p(99.99)": 0.22865924249989927,
        "p(50)": 0,
        "p(90)": 0,
        "med": 0,
        "max": 0.37107,
        "p(95)": 0,
        "count": 10000,
        "avg": 0.0016488434999999998,
        "min": 0
      }
    },
    "http_req_receiving": {
      "type": "trend",
      "contains": "time",
      "values": {
        "avg": 0.06770835539999998,
        "p(50)": 0.057736499999999996,
        "p(95)": 0.10136869999999991,
        "count": 10000,
        "min": 0.019648,
        "med": 0.057736499999999996,
        "max": 2.206989,
        "p(90)": 0.08217130000000002,
        "p(99)": 0.2946248800000001,
        "p(99.99)": 2.152884410999962
      }
    },
    "data_received": {
      "type": "counter",
      "contains": "data",
      "values": {
        "count": 5577100,
        "rate": 348426.1478012521
      }
    },
    "iterations": {
      "type": "counter",
      "contains": "default",
      "values": {
        "rate": 624.7443076173139,
        "count": 10000
      }
    },
    "http_req_duration{expected_response:true}": {
      "type": "trend",
      "contains": "time",
      "values": {
        "p(50)": 1.290333,
        "p(90)": 1.6282261000000002,
        "p(99)": 5.388343120000179,
        "min": 0.660265,
        "max": 10.806731,
        "p(95)": 1.8072295999999999,
        "p(99.99)": 10.391581519099708,
        "count": 10000,
        "avg": 1.3996745708000038,
        "med": 1.290333
      }
    },
    "vus": {
      "contains": "default",
      "values": {
        "value": 1,
        "min": 1,
        "max": 1
      },
      "type": "gauge"
    },
    "http_req_waiting": {
      "type": "trend",
      "contains": "time",
      "values": {
        "avg": 1.3142806620999954,
        "min": 0.623332,
        "med": 1.2084125000000001,
        "max": 10.644202,
        "p(90)": 1.5290877,
        "p(99.99)": 10.270615362399736,
        "p(50)": 1.2084125000000001,
        "p(95)": 1.6778943499999999,
        "p(99)": 5.299584780000169,
        "count": 10000
      }
    },
    "vus_max": {
      "values": {
        "value": 1,
        "min": 1,
        "max": 1
      },
      "type": "gauge",
      "contains": "default"
    },
    "http_req_sending": {
      "type": "trend",
      "contains": "time",
      "values": {
        "med": 0.0165715,
        "p(90)": 0.0217831,
        "p(99)": 0.05816379000000021,
        "min": 0.005695,
        "max": 0.310282,
        "p(50)": 0.0165715,
        "p(95)": 0.02604254999999999,
        "p(99.99)": 0.2326397649999451,
        "count": 10000,
        "avg": 0.01768555330000007
      }
    },
    "http_req_duration": {
      "values": {
        "avg": 1.3996745708000038,
        "p(50)": 1.290333,
        "max": 10.806731,
        "p(90)": 1.6282261000000002,
        "p(95)": 1.8072295999999999,
        "p(99)": 5.388343120000179,
        "p(99.99)": 10.391581519099708,
        "count": 10000,
        "min": 0.660265,
        "med": 1.290333
      },
      "type": "trend",
      "contains": "time"
    },
    "response_size": {
      "type": "trend",
      "contains": "default",
      "values": {
        "avg": 510.48,
        "max": 511,
        "p(90)": 511,
        "p(95)": 511,
        "p(99)": 511,
        "p(99.99)": 511,
        "count": 10000,
        "min": 459,
        "med": 511,
        "p(50)": 511
      }
    },
    "response_time": {
      "type": "trend",
      "contains": "default",
      "values": {
        "count": 10000,
        "min": 0.660265,
        "max": 10.806731,
        "p(50)": 1.290333,
        "p(90)": 1.6282261000000002,
        "p(99.99)": 10.391581519099708,
        "avg": 1.3996745708000038,
        "med": 1.290333,
        "p(95)": 1.8072295999999999,
        "p(99)": 5.388343120000179
      }
    },
    "http_req_tls_handshaking": {
      "contains": "time",
      "values": {
        "min": 0,
        "p(99)": 0,
        "count": 10000,
        "avg": 0,
        "med": 0,
        "max": 0,
        "p(50)": 0,
        "p(90)": 0,
        "p(95)": 0,
        "p(99.99)": 0
      },
      "type": "trend"
    }
  },
  "root_group": {
    "name": "",
    "path": "",
    "id": "d41d8cd98f00b204e9800998ecf8427e",
    "groups": [],
    "checks": [
        {
          "fails": 0,
          "name": "is status 200",
          "path": "::is status 200",
          "id": "548d37ca5f33793206f7832e7cea54fb",
          "passes": 10000
        }
      ]
  }
}