{
  "root_group": {
    "path": "",
    "id": "d41d8cd98f00b204e9800998ecf8427e",
    "groups": [],
    "checks": [
        {
          "id": "548d37ca5f33793206f7832e7cea54fb",
          "passes": 10000,
          "fails": 0,
          "name": "is status 200",
          "path": "::is status 200"
        }
      ],
    "name": ""
  },
  "options": {
    "summaryTrendStats": [
      "avg",
      "min",
      "med",
      "max",
      "p(50)",
      "p(90)",
      "p(95)",
      "p(99)",
      "p(99.99)",
      "count"
    ],
    "summaryTimeUnit": "ms",
    "noColor": false
  },
  "state": {
    "isStdOutTTY": false,
    "isStdErrTTY": false,
    "testRunDurationMs": 16561.802782
  },
  "metrics": {
    "http_req_waiting": {
      "values": {
        "avg": 1.3692838623000028,
        "min": 0.640252,
        "p(90)": 1.5683756,
        "p(95)": 1.7045640999999994,
        "count": 10000,
        "med": 1.273406,
        "max": 29.234603,
        "p(50)": 1.273406,
        "p(99)": 6.476032060000009,
        "p(99.99)": 15.327874811890165
      },
      "type": "trend",
      "contains": "time"
    },
    "http_req_failed": {
      "type": "rate",
      "contains": "default",
      "values": {
        "rate": 0,
        "passes": 0,
        "fails": 10000
      }
    },
    "iteration_duration": {
      "type": "trend",
      "contains": "time",
      "values": {
        "avg": 1.6402465648000033,
        "min": 0.794001,
        "med": 1.537747,
        "max": 29.593445,
        "p(50)": 1.537747,
        "p(90)": 1.8737294,
        "p(95)": 2.0319173,
        "p(99)": 6.968682180000021,
        "p(99.99)": 15.65015246869014,
        "count": 10000
      }
    },
    "data_received": {
      "type": "counter",
      "contains": "data",
      "values": {
        "count": 5587100,
        "rate": 337348.5407079158
      }
    },
    "http_req_blocked": {
      "type": "trend",
      "contains": "time",
      "values": {
        "p(90)": 0.005433100000000001,
        "p(99)": 0.0807466000000158,
        "avg": 0.006986145499999983,
        "med": 0.004276,
        "p(50)": 0.004276,
        "p(99.99)": 0.3471117531999664,
        "count": 10000,
        "min": 0.001513,
        "max": 0.394639,
        "p(95)": 0.006329049999999999
      }
    },
    "http_req_connecting": {
      "contains": "time",
      "values": {
        "min": 0,
        "p(90)": 0,
        "p(95)": 0,
        "avg": 0.0016543220999999996,
        "med": 0,
        "max": 0.288229,
        "p(50)": 0,
        "p(99)": 0.0010072300000219857,
        "p(99.99)": 0.27177664539998836,
        "count": 10000
      },
      "type": "trend"
    },
    "response_time": {
      "values": {
        "count": 10000,
        "med": 1.3553425,
        "p(90)": 1.6701222,
        "p(95)": 1.8181676999999998,
        "p(99)": 6.626419120000009,
        "p(99.99)": 15.425926085690154,
        "avg": 1.4536291493000038,
        "min": 0.688973,
        "max": 29.345391,
        "p(50)": 1.3553425
      },
      "type": "trend",
      "contains": "default"
    },
    "iterations": {
      "values": {
        "count": 10000,
        "rate": 603.7990025378385
      },
      "type": "counter",
      "contains": "default"
    },
    "http_req_duration": {
      "type": "trend",
      "contains": "time",
      "values": {
        "min": 0.688973,
        "med": 1.3553425,
        "p(50)": 1.3553425,
        "p(99)": 6.626419120000009,
        "count": 10000,
        "avg": 1.4536291493000038,
        "max": 29.345391,
        "p(90)": 1.6701222,
        "p(95)": 1.8181676999999998,
        "p(99.99)": 15.425926085690154
      }
    },
    "http_req_sending": {
      "values": {
        "p(99.99)": 0.29160978129998033,
        "avg": 0.017703273300000027,
        "p(90)": 0.020798900000000002,
        "p(95)": 0.023558349999999995,
        "p(50)": 0.0169465,
        "p(99)": 0.05322940000000003,
        "count": 10000,
        "min": 0.006182,
        "med": 0.0169465,
        "max": 0.31942
      },
      "type": "trend",
      "contains": "time"
    },
    "data_sent": {
      "contains": "data",
      "values": {
        "count": 3720000,
        "rate": 224613.22894407593
      },
      "type": "counter"
    },
    "http_req_tls_handshaking": {
      "values": {
        "med": 0,
        "p(95)": 0,
        "count": 10000,
        "min": 0,
        "max": 0,
        "p(50)": 0,
        "p(90)": 0,
        "p(99)": 0,
        "p(99.99)": 0,
        "avg": 0
      },
      "type": "trend",
      "contains": "time"
    },
    "http_req_receiving": {
      "type": "trend",
      "contains": "time",
      "values": {
        "p(99.99)": 1.9837190505997946,
        "count": 10000,
        "min": 0.025003,
        "med": 0.058404,
        "max": 2.274196,
        "p(99)": 0.24485832000000002,
        "avg": 0.06664201369999984,
        "p(50)": 0.058404,
        "p(90)": 0.0793312,
        "p(95)": 0.09727669999999998
      }
    },
    "reponse_size_body": {
      "contains": "default",
      "values": {
        "max": 150,
        "p(90)": 150,
        "p(99)": 150,
        "avg": 150,
        "med": 150,
        "p(95)": 150,
        "p(99.99)": 150,
        "count": 10000,
        "min": 150,
        "p(50)": 150
      },
      "type": "trend"
    },
    "http_req_duration{expected_response:true}": {
      "type": "trend",
      "contains": "time",
      "values": {
        "avg": 1.4536291493000038,
        "med": 1.3553425,
        "p(50)": 1.3553425,
        "p(90)": 1.6701222,
        "min": 0.688973,
        "max": 29.345391,
        "p(95)": 1.8181676999999998,
        "p(99)": 6.626419120000009,
        "p(99.99)": 15.425926085690154,
        "count": 10000
      }
    },
    "checks": {
      "values": {
        "rate": 1,
        "passes": 10000,
        "fails": 0
      },
      "type": "rate",
      "contains": "default"
    },
    "vus": {
      "values": {
        "value": 1,
        "min": 1,
        "max": 1
      },
      "type": "gauge",
      "contains": "default"
    },
    "vus_max": {
      "type": "gauge",
      "contains": "default",
      "values": {
        "value": 1,
        "min": 1,
        "max": 1
      }
    },
    "http_reqs": {
      "type": "counter",
      "contains": "default",
      "values": {
        "count": 10000,
        "rate": 603.7990025378385
      }
    },
    "response_size": {
      "contains": "default",
      "values": {
        "p(50)": 512,
        "p(95)": 512,
        "p(99.99)": 512,
        "avg": 511.48,
        "min": 460,
        "med": 512,
        "max": 512,
        "p(90)": 512,
        "p(99)": 512,
        "count": 10000
      },
      "type": "trend"
    }
  }
}