{
  "state": {
    "isStdErrTTY": false,
    "testRunDurationMs": 923629.900156,
    "isStdOutTTY": false
  },
  "metrics": {
    "data_received": {
      "type": "counter",
      "contains": "data",
      "values": {
        "rate": 7198.96573170375,
        "count": 6649180
      }
    },
    "http_req_blocked": {
      "type": "trend",
      "contains": "time",
      "values": {
        "med": 0.0049635,
        "p(50)": 0.0049635,
        "p(90)": 0.0086412,
        "p(95)": 0.011644149999999997,
        "p(99)": 0.029677020000000044,
        "p(99.99)": 0.2928468194999942,
        "avg": 0.0064300821,
        "min": 0.00248,
        "max": 0.301041,
        "count": 10000
      }
    },
    "http_req_receiving": {
      "type": "trend",
      "contains": "time",
      "values": {
        "p(95)": 0.2298681499999999,
        "p(99)": 0.41541791000000194,
        "count": 10000,
        "med": 0.102714,
        "min": 0.044353,
        "max": 28.762158,
        "p(50)": 0.102714,
        "p(90)": 0.15281830000000002,
        "p(99.99)": 27.875594665199376,
        "avg": 0.16930966050000038
      }
    },
    "data_sent": {
      "values": {
        "count": 5300000,
        "rate": 5738.229131716975
      },
      "type": "counter",
      "contains": "data"
    },
    "iterations": {
      "values": {
        "count": 10000,
        "rate": 10.826847418333916
      },
      "type": "counter",
      "contains": "default"
    },
    "response_time": {
      "type": "trend",
      "contains": "default",
      "values": {
        "min": 59.342126,
        "med": 92.578136,
        "max": 272.522314,
        "p(50)": 92.578136,
        "p(90)": 100.3127369,
        "avg": 91.9832641157999,
        "p(99)": 120.71057886000003,
        "p(99.99)": 224.63542016826614,
        "count": 10000,
        "p(95)": 103.76193435
      }
    },
    "http_req_tls_handshaking": {
      "type": "trend",
      "contains": "time",
      "values": {
        "max": 0,
        "p(50)": 0,
        "p(95)": 0,
        "p(99.99)": 0,
        "med": 0,
        "min": 0,
        "p(90)": 0,
        "p(99)": 0,
        "count": 10000,
        "avg": 0
      }
    },
    "reponse_size": {
      "values": {
        "avg": 212.3204,
        "min": 208,
        "p(50)": 212,
        "p(95)": 213,
        "p(99)": 213,
        "med": 212,
        "max": 213,
        "p(90)": 213,
        "p(99.99)": 213,
        "count": 10000
      },
      "type": "trend",
      "contains": "default"
    },
    "vus_max": {
      "type": "gauge",
      "contains": "default",
      "values": {
        "value": 1,
        "min": 1,
        "max": 1
      }
    },
    "http_req_duration": {
      "type": "trend",
      "contains": "time",
      "values": {
        "max": 272.522314,
        "count": 10000,
        "avg": 91.9832641157999,
        "med": 92.578136,
        "p(50)": 92.578136,
        "p(90)": 100.3127369,
        "p(95)": 103.76193435,
        "p(99)": 120.71057886000003,
        "p(99.99)": 224.63542016826614,
        "min": 59.342126
      }
    },
    "http_req_connecting": {
      "type": "trend",
      "contains": "time",
      "values": {
        "count": 10000,
        "med": 0,
        "max": 0.201253,
        "p(99.99)": 0.00002012529985766923,
        "p(90)": 0,
        "p(95)": 0,
        "p(99)": 0,
        "avg": 0.0000201253,
        "min": 0,
        "p(50)": 0
      }
    },
    "http_req_sending": {
      "values": {
        "p(99)": 0.1407746600000005,
        "p(99.99)": 0.5157198267997749,
        "count": 10000,
        "min": 0.011582,
        "med": 0.0254095,
        "p(50)": 0.0254095,
        "p(95)": 0.05319539999999996,
        "avg": 0.030195483699999994,
        "max": 0.833956,
        "p(90)": 0.039341400000000006
      },
      "type": "trend",
      "contains": "time"
    },
    "http_reqs": {
      "type": "counter",
      "contains": "default",
      "values": {
        "count": 10000,
        "rate": 10.826847418333916
      }
    },
    "http_req_duration{expected_response:true}": {
      "type": "trend",
      "contains": "time",
      "values": {
        "p(90)": 100.3127369,
        "p(95)": 103.76193435,
        "p(99)": 120.71057886000003,
        "p(99.99)": 224.63542016826614,
        "p(50)": 92.578136,
        "min": 59.342126,
        "med": 92.578136,
        "max": 272.522314,
        "count": 10000,
        "avg": 91.9832641157999
      }
    },
    "http_req_waiting": {
      "type": "trend",
      "contains": "time",
      "values": {
        "p(90)": 100.147987,
        "p(99)": 120.03354617,
        "count": 10000,
        "avg": 91.78375897160001,
        "max": 272.406665,
        "p(50)": 92.419403,
        "p(99.99)": 224.4891862270661,
        "min": 59.216788,
        "med": 92.419403,
        "p(95)": 103.54429334999999
      }
    },
    "checks": {
      "type": "rate",
      "contains": "default",
      "values": {
        "rate": 1,
        "passes": 10000,
        "fails": 0
      }
    },
    "http_req_failed": {
      "type": "rate",
      "contains": "default",
      "values": {
        "rate": 0,
        "passes": 0,
        "fails": 10000
      }
    },
    "iteration_duration": {
      "contains": "time",
      "values": {
        "max": 272.789367,
        "p(50)": 92.92392050000001,
        "p(90)": 100.6564983,
        "p(99)": 121.11478066000002,
        "avg": 92.33866418660004,
        "min": 59.724909,
        "med": 92.92392050000001,
        "p(95)": 104.0776745,
        "p(99.99)": 225.05659175486625,
        "count": 10000
      },
      "type": "trend"
    },
    "vus": {
      "values": {
        "value": 1,
        "min": 1,
        "max": 1
      },
      "type": "gauge",
      "contains": "default"
    }
  },
  "root_group": {
    "name": "",
    "path": "",
    "id": "d41d8cd98f00b204e9800998ecf8427e",
    "groups": [],
    "checks": [
        {
          "name": "is status 200",
          "path": "::is status 200",
          "id": "548d37ca5f33793206f7832e7cea54fb",
          "passes": 10000,
          "fails": 0
        }
      ]
  },
  "options": {
    "summaryTrendStats": [
      "avg",
      "min",
      "med",
      "max",
      "p(50)",
      "p(90)",
      "p(95)",
      "p(99)",
      "p(99.99)",
      "count"
    ],
    "summaryTimeUnit": "ms",
    "noColor": false
  }
}