{
  "state": {
    "isStdOutTTY": false,
    "isStdErrTTY": false,
    "testRunDurationMs": 912516.700622
  },
  "metrics": {
    "data_sent": {
      "type": "counter",
      "contains": "data",
      "values": {
        "rate": 5808.112877701146,
        "count": 5300000
      }
    },
    "http_req_duration{expected_response:true}": {
      "values": {
        "min": 60.141143,
        "med": 92.266234,
        "p(95)": 99.85204004999999,
        "avg": 90.8803518848998,
        "max": 282.626476,
        "p(50)": 92.266234,
        "p(90)": 97.5805102,
        "p(99)": 108.90191417000003,
        "p(99.99)": 216.6079225155533,
        "count": 10000
      },
      "type": "trend",
      "contains": "time"
    },
    "http_req_tls_handshaking": {
      "type": "trend",
      "contains": "time",
      "values": {
        "min": 0,
        "med": 0,
        "p(90)": 0,
        "p(95)": 0,
        "p(99.99)": 0,
        "count": 10000,
        "avg": 0,
        "p(50)": 0,
        "p(99)": 0,
        "max": 0
      }
    },
    "http_req_waiting": {
      "type": "trend",
      "contains": "time",
      "values": {
        "p(50)": 92.121523,
        "p(99)": 108.22403523,
        "p(99.99)": 216.45700079085327,
        "p(95)": 99.73046505,
        "count": 10000,
        "avg": 90.69332774630006,
        "min": 60.060901,
        "med": 92.121523,
        "max": 282.518303,
        "p(90)": 97.4078221
      }
    },
    "iterations": {
      "type": "counter",
      "contains": "default",
      "values": {
        "count": 10000,
        "rate": 10.958703542832351
      }
    },
    "reponse_size": {
      "values": {
        "min": 209,
        "p(90)": 213,
        "p(99)": 213,
        "p(99.99)": 213,
        "count": 10000,
        "avg": 212.7775,
        "med": 213,
        "max": 213,
        "p(50)": 213,
        "p(95)": 213
      },
      "type": "trend",
      "contains": "default"
    },
    "data_received": {
      "type": "counter",
      "contains": "data",
      "values": {
        "count": 6653859,
        "rate": 7291.766819680693
      }
    },
    "http_req_receiving": {
      "type": "trend",
      "contains": "time",
      "values": {
        "p(95)": 0.20553219999999925,
        "p(99.99)": 20.59563322759963,
        "med": 0.100088,
        "p(50)": 0.100088,
        "max": 21.117857,
        "p(90)": 0.14004710000000004,
        "p(99)": 0.3739055100000007,
        "count": 10000,
        "avg": 0.15842441530000007,
        "min": 0.043773
      }
    },
    "http_req_sending": {
      "type": "trend",
      "contains": "time",
      "values": {
        "min": 0.011708,
        "p(99)": 0.13532972000000043,
        "p(99.99)": 0.42792728049994144,
        "p(95)": 0.047709999999999836,
        "count": 10000,
        "avg": 0.028599723300000015,
        "med": 0.0243825,
        "max": 0.510724,
        "p(50)": 0.0243825,
        "p(90)": 0.03571130000000001
      }
    },
    "http_req_failed": {
      "type": "rate",
      "contains": "default",
      "values": {
        "passes": 0,
        "fails": 10000,
        "rate": 0
      }
    },
    "http_req_blocked": {
      "contains": "time",
      "values": {
        "avg": 0.0060851077000000095,
        "p(50)": 0.004693,
        "p(99.99)": 0.3138720245999786,
        "min": 0.002258,
        "med": 0.004693,
        "max": 0.344115,
        "p(90)": 0.007949200000000007,
        "p(95)": 0.011148149999999997,
        "p(99)": 0.029000220000000094,
        "count": 10000
      },
      "type": "trend"
    },
    "http_reqs": {
      "type": "counter",
      "contains": "default",
      "values": {
        "count": 10000,
        "rate": 10.958703542832351
      }
    },
    "iteration_duration": {
      "type": "trend",
      "contains": "time",
      "values": {
        "avg": 91.22723068599956,
        "max": 282.937771,
        "p(50)": 92.61660599999999,
        "p(95)": 100.1937353,
        "p(99)": 109.20515276,
        "min": 60.381292,
        "med": 92.61660599999999,
        "p(90)": 97.9044797,
        "p(99.99)": 217.22704472975352,
        "count": 10000
      }
    },
    "vus_max": {
      "type": "gauge",
      "contains": "default",
      "values": {
        "min": 1,
        "max": 1,
        "value": 1
      }
    },
    "response_time": {
      "type": "trend",
      "contains": "default",
      "values": {
        "p(95)": 99.85204004999999,
        "p(99)": 108.90191417000003,
        "min": 60.141143,
        "p(50)": 92.266234,
        "p(90)": 97.5805102,
        "p(99.99)": 216.6079225155533,
        "count": 10000,
        "avg": 90.8803518848998,
        "med": 92.266234,
        "max": 282.626476
      }
    },
    "checks": {
      "values": {
        "fails": 0,
        "rate": 1,
        "passes": 10000
      },
      "type": "rate",
      "contains": "default"
    },
    "vus": {
      "type": "gauge",
      "contains": "default",
      "values": {
        "value": 1,
        "min": 1,
        "max": 1
      }
    },
    "http_req_duration": {
      "values": {
        "p(95)": 99.85204004999999,
        "p(99)": 108.90191417000003,
        "p(99.99)": 216.6079225155533,
        "avg": 90.8803518848998,
        "min": 60.141143,
        "med": 92.266234,
        "count": 10000,
        "max": 282.626476,
        "p(50)": 92.266234,
        "p(90)": 97.5805102
      },
      "type": "trend",
      "contains": "time"
    },
    "http_req_connecting": {
      "type": "trend",
      "contains": "time",
      "values": {
        "med": 0,
        "p(50)": 0,
        "p(90)": 0,
        "p(99)": 0,
        "p(99.99)": 0.000023656899832692945,
        "avg": 0.0000236569,
        "min": 0,
        "max": 0.236569,
        "p(95)": 0,
        "count": 10000
      }
    }
  },
  "root_group": {
    "name": "",
    "path": "",
    "id": "d41d8cd98f00b204e9800998ecf8427e",
    "groups": [],
    "checks": [
        {
          "passes": 10000,
          "fails": 0,
          "name": "is status 200",
          "path": "::is status 200",
          "id": "548d37ca5f33793206f7832e7cea54fb"
        }
      ]
  },
  "options": {
    "summaryTrendStats": [
      "avg",
      "min",
      "med",
      "max",
      "p(50)",
      "p(90)",
      "p(95)",
      "p(99)",
      "p(99.99)",
      "count"
    ],
    "summaryTimeUnit": "ms",
    "noColor": false
  }
}