{
  "state": {
    "isStdOutTTY": false,
    "isStdErrTTY": false,
    "testRunDurationMs": 909248.235738
  },
  "metrics": {
    "http_req_waiting": {
      "type": "trend",
      "contains": "time",
      "values": {
        "med": 92.0927995,
        "p(95)": 98.95073605,
        "p(99.99)": 214.57364133226324,
        "count": 10000,
        "avg": 90.35069101719985,
        "min": 59.959213,
        "max": 266.581763,
        "p(50)": 92.0927995,
        "p(90)": 97.10960060000001,
        "p(99)": 105.10741003000001
      }
    },
    "http_req_duration": {
      "contains": "time",
      "values": {
        "avg": 90.5567581313,
        "max": 266.705202,
        "p(50)": 92.248997,
        "p(95)": 99.1112221,
        "min": 60.072799,
        "med": 92.248997,
        "p(90)": 97.2706755,
        "p(99)": 105.28371717,
        "p(99.99)": 214.6748845520632,
        "count": 10000
      },
      "type": "trend"
    },
    "http_reqs": {
      "type": "counter",
      "contains": "default",
      "values": {
        "count": 10000,
        "rate": 10.998096676957976
      }
    },
    "data_sent": {
      "type": "counter",
      "contains": "data",
      "values": {
        "count": 5300000,
        "rate": 5828.9912387877275
      }
    },
    "http_req_connecting": {
      "type": "trend",
      "contains": "time",
      "values": {
        "med": 0,
        "p(90)": 0,
        "p(95)": 0,
        "p(99)": 0,
        "p(99.99)": 0.00003347989976322242,
        "count": 10000,
        "avg": 0.000033479900000000004,
        "min": 0,
        "max": 0.334799,
        "p(50)": 0
      }
    },
    "reponse_size": {
      "type": "trend",
      "contains": "default",
      "values": {
        "p(99.99)": 213,
        "count": 10000,
        "min": 209,
        "max": 213,
        "p(90)": 213,
        "p(99)": 213,
        "avg": 212.7839,
        "med": 213,
        "p(50)": 213,
        "p(95)": 213
      }
    },
    "iterations": {
      "values": {
        "count": 10000,
        "rate": 10.998096676957976
      },
      "type": "counter",
      "contains": "default"
    },
    "http_req_blocked": {
      "type": "trend",
      "contains": "time",
      "values": {
        "count": 10000,
        "avg": 0.005909773099999985,
        "min": 0.002214,
        "p(99.99)": 0.2159706795998184,
        "p(90)": 0.007838,
        "p(95)": 0.011215299999999982,
        "p(99)": 0.027211130000000004,
        "med": 0.004592,
        "max": 0.472741,
        "p(50)": 0.004592
      }
    },
    "vus_max": {
      "type": "gauge",
      "contains": "default",
      "values": {
        "min": 1,
        "max": 1,
        "value": 1
      }
    },
    "http_req_duration{expected_response:true}": {
      "type": "trend",
      "contains": "time",
      "values": {
        "p(50)": 92.248997,
        "p(90)": 97.2706755,
        "p(95)": 99.1112221,
        "p(99)": 105.28371717,
        "avg": 90.5567581313,
        "min": 60.072799,
        "med": 92.248997,
        "max": 266.705202,
        "p(99.99)": 214.6748845520632,
        "count": 10000
      }
    },
    "iteration_duration": {
      "type": "trend",
      "contains": "time",
      "values": {
        "p(99)": 105.71746979000001,
        "avg": 90.90126973999985,
        "min": 60.330238,
        "med": 92.6000105,
        "max": 267.033636,
        "p(90)": 97.6267715,
        "p(95)": 99.49700594999999,
        "p(50)": 92.6000105,
        "p(99.99)": 214.9785820259632,
        "count": 10000
      }
    },
    "http_req_sending": {
      "values": {
        "med": 0.024123,
        "max": 0.532045,
        "p(90)": 0.037488600000000025,
        "p(95)": 0.055743049999999954,
        "p(99.99)": 0.5032338813999796,
        "count": 10000,
        "avg": 0.029594749700000044,
        "min": 0.011816,
        "p(50)": 0.024123,
        "p(99)": 0.14586645000000004
      },
      "type": "trend",
      "contains": "time"
    },
    "vus": {
      "values": {
        "value": 1,
        "min": 1,
        "max": 1
      },
      "type": "gauge",
      "contains": "default"
    },
    "data_received": {
      "type": "counter",
      "contains": "data",
      "values": {
        "count": 6653473,
        "rate": 7317.553929152962
      }
    },
    "http_req_receiving": {
      "type": "trend",
      "contains": "time",
      "values": {
        "min": 0.042602,
        "max": 27.947619,
        "p(90)": 0.14671540000000002,
        "avg": 0.17647236439999942,
        "med": 0.100636,
        "p(50)": 0.100636,
        "p(95)": 0.22486644999999994,
        "p(99)": 0.43527053000000077,
        "p(99.99)": 26.562007574999022,
        "count": 10000
      }
    },
    "response_time": {
      "type": "trend",
      "contains": "default",
      "values": {
        "p(99.99)": 214.6748845520632,
        "count": 10000,
        "min": 60.072799,
        "p(50)": 92.248997,
        "p(95)": 99.1112221,
        "p(99)": 105.28371717,
        "avg": 90.5567581313,
        "med": 92.248997,
        "max": 266.705202,
        "p(90)": 97.2706755
      }
    },
    "http_req_tls_handshaking": {
      "type": "trend",
      "contains": "time",
      "values": {
        "p(99)": 0,
        "p(99.99)": 0,
        "count": 10000,
        "med": 0,
        "p(90)": 0,
        "p(95)": 0,
        "p(50)": 0,
        "avg": 0,
        "min": 0,
        "max": 0
      }
    },
    "http_req_failed": {
      "values": {
        "rate": 0,
        "passes": 0,
        "fails": 10000
      },
      "type": "rate",
      "contains": "default"
    },
    "checks": {
      "values": {
        "rate": 1,
        "passes": 10000,
        "fails": 0
      },
      "type": "rate",
      "contains": "default"
    }
  },
  "root_group": {
    "name": "",
    "path": "",
    "id": "d41d8cd98f00b204e9800998ecf8427e",
    "groups": [],
    "checks": [
        {
          "name": "is status 200",
          "path": "::is status 200",
          "id": "548d37ca5f33793206f7832e7cea54fb",
          "passes": 10000,
          "fails": 0
        }
      ]
  },
  "options": {
    "summaryTimeUnit": "ms",
    "noColor": false,
    "summaryTrendStats": [
      "avg",
      "min",
      "med",
      "max",
      "p(50)",
      "p(90)",
      "p(95)",
      "p(99)",
      "p(99.99)",
      "count"
    ]
  }
}