{
  "state": {
    "isStdOutTTY": false,
    "isStdErrTTY": false,
    "testRunDurationMs": 23180.80025
  },
  "metrics": {
    "http_req_blocked": {
      "type": "trend",
      "contains": "time",
      "values": {
        "min": 0.001925,
        "p(50)": 0.0048325,
        "p(90)": 0.006364,
        "p(95)": 0.007325499999999993,
        "p(99.99)": 0.537886747299924,
        "count": 10000,
        "avg": 0.007790735600000017,
        "med": 0.0048325,
        "max": 0.645349,
        "p(99)": 0.17908191000000018
      }
    },
    "response_size": {
      "type": "trend",
      "contains": "default",
      "values": {
        "min": 21299,
        "max": 21351,
        "p(99)": 21351,
        "count": 10000,
        "avg": 21350.48,
        "med": 21351,
        "p(50)": 21351,
        "p(90)": 21351,
        "p(95)": 21351,
        "p(99.99)": 21351
      }
    },
    "iterations": {
      "type": "counter",
      "contains": "default",
      "values": {
        "count": 10000,
        "rate": 431.39149175835723
      }
    },
    "http_reqs": {
      "type": "counter",
      "contains": "default",
      "values": {
        "count": 10000,
        "rate": 431.39149175835723
      }
    },
    "vus": {
      "type": "gauge",
      "contains": "default",
      "values": {
        "value": 1,
        "min": 1,
        "max": 1
      }
    },
    "data_sent": {
      "type": "counter",
      "contains": "data",
      "values": {
        "count": 3970000,
        "rate": 171262.42222806782
      }
    },
    "http_req_waiting": {
      "contains": "time",
      "values": {
        "p(90)": 2.1418890000000004,
        "p(95)": 2.3743995,
        "med": 1.75389,
        "max": 10.997433,
        "p(50)": 1.75389,
        "p(99)": 6.255233900000019,
        "p(99.99)": 10.466606087999624,
        "count": 10000,
        "avg": 1.8597719938000092,
        "min": 0.974054
      },
      "type": "trend"
    },
    "http_req_connecting": {
      "values": {
        "med": 0,
        "p(99)": 0.0011714300000255698,
        "count": 10000,
        "p(99.99)": 0.4442838689999302,
        "avg": 0.0017395458000000002,
        "min": 0,
        "max": 0.542964,
        "p(50)": 0,
        "p(90)": 0,
        "p(95)": 0
      },
      "type": "trend",
      "contains": "time"
    },
    "http_req_duration": {
      "contains": "time",
      "values": {
        "p(99)": 6.418724660000019,
        "count": 10000,
        "avg": 1.9896042895999988,
        "min": 1.032794,
        "p(90)": 2.2988208,
        "p(95)": 2.5452614999999996,
        "p(99.99)": 10.719707876199674,
        "med": 1.880056,
        "max": 11.178424,
        "p(50)": 1.880056
      },
      "type": "trend"
    },
    "http_req_failed": {
      "type": "rate",
      "contains": "default",
      "values": {
        "rate": 0,
        "passes": 0,
        "fails": 10000
      }
    },
    "iteration_duration": {
      "type": "trend",
      "contains": "time",
      "values": {
        "p(99)": 6.84508542000003,
        "count": 10000,
        "p(50)": 2.189639,
        "p(90)": 2.6455977,
        "p(95)": 2.9208653499999997,
        "max": 12.242297,
        "p(99.99)": 11.871864046999738,
        "avg": 2.3007056587999917,
        "min": 1.184412,
        "med": 2.189639
      }
    },
    "http_req_sending": {
      "type": "trend",
      "contains": "time",
      "values": {
        "min": 0.006802,
        "med": 0.018686,
        "max": 0.400665,
        "p(50)": 0.018686,
        "p(95)": 0.0286871,
        "p(99.99)": 0.32397466979994577,
        "avg": 0.01993683909999996,
        "p(90)": 0.022759500000000002,
        "p(99)": 0.05740432000000007,
        "count": 10000
      }
    },
    "http_req_receiving": {
      "type": "trend",
      "contains": "time",
      "values": {
        "avg": 0.10989545670000005,
        "p(90)": 0.14855330000000003,
        "count": 10000,
        "p(50)": 0.0994115,
        "p(95)": 0.17755009999999996,
        "p(99)": 0.2918219400000007,
        "p(99.99)": 1.8212136787995497,
        "min": 0.035797,
        "med": 0.0994115,
        "max": 2.457938
      }
    },
    "http_req_tls_handshaking": {
      "type": "trend",
      "contains": "time",
      "values": {
        "p(99.99)": 0,
        "count": 10000,
        "med": 0,
        "max": 0,
        "p(90)": 0,
        "p(95)": 0,
        "p(99)": 0,
        "avg": 0,
        "min": 0,
        "p(50)": 0
      }
    },
    "response_time": {
      "type": "trend",
      "contains": "default",
      "values": {
        "max": 11.178424,
        "p(90)": 2.2988208,
        "p(99)": 6.418724660000019,
        "p(99.99)": 10.719707876199674,
        "avg": 1.9896042895999988,
        "med": 1.880056,
        "p(95)": 2.5452614999999996,
        "count": 10000,
        "min": 1.032794,
        "p(50)": 1.880056
      }
    },
    "reponse_size_body": {
      "values": {
        "avg": 20847,
        "max": 20847,
        "p(50)": 20847,
        "p(95)": 20847,
        "p(99)": 20847,
        "p(99.99)": 20847,
        "count": 10000,
        "min": 20847,
        "med": 20847,
        "p(90)": 20847
      },
      "type": "trend",
      "contains": "default"
    },
    "data_received": {
      "type": "counter",
      "contains": "data",
      "values": {
        "count": 214117100,
        "rate": 9236829.517997334
      }
    },
    "checks": {
      "contains": "default",
      "values": {
        "fails": 0,
        "rate": 1,
        "passes": 10000
      },
      "type": "rate"
    },
    "http_req_duration{expected_response:true}": {
      "type": "trend",
      "contains": "time",
      "values": {
        "p(99)": 6.418724660000019,
        "p(99.99)": 10.719707876199674,
        "count": 10000,
        "avg": 1.9896042895999988,
        "max": 11.178424,
        "p(50)": 1.880056,
        "p(90)": 2.2988208,
        "p(95)": 2.5452614999999996,
        "min": 1.032794,
        "med": 1.880056
      }
    },
    "vus_max": {
      "contains": "default",
      "values": {
        "max": 1,
        "value": 1,
        "min": 1
      },
      "type": "gauge"
    }
  },
  "root_group": {
    "name": "",
    "path": "",
    "id": "d41d8cd98f00b204e9800998ecf8427e",
    "groups": [],
    "checks": [
        {
          "name": "is status 200",
          "path": "::is status 200",
          "id": "548d37ca5f33793206f7832e7cea54fb",
          "passes": 10000,
          "fails": 0
        }
      ]
  },
  "options": {
    "summaryTrendStats": [
      "avg",
      "min",
      "med",
      "max",
      "p(50)",
      "p(90)",
      "p(95)",
      "p(99)",
      "p(99.99)",
      "count"
    ],
    "summaryTimeUnit": "ms",
    "noColor": false
  }
}