{
  "options": {
    "summaryTrendStats": [
      "avg",
      "min",
      "med",
      "max",
      "p(50)",
      "p(90)",
      "p(95)",
      "p(99)",
      "p(99.99)",
      "count"
    ],
    "summaryTimeUnit": "ms",
    "noColor": false
  },
  "state": {
    "isStdOutTTY": false,
    "isStdErrTTY": false,
    "testRunDurationMs": 29793.087609
  },
  "metrics": {
    "http_req_sending": {
      "values": {
        "min": 0.007434,
        "p(50)": 0.0228755,
        "p(99.99)": 0.21270483629997286,
        "avg": 0.023028958100000062,
        "med": 0.0228755,
        "max": 0.251064,
        "p(90)": 0.027217,
        "p(95)": 0.02948039999999998,
        "p(99)": 0.04916124000000007,
        "count": 10000
      },
      "type": "trend",
      "contains": "time"
    },
    "data_sent": {
      "values": {
        "count": 3720000,
        "rate": 124861.17749260232
      },
      "type": "counter",
      "contains": "data"
    },
    "http_reqs": {
      "type": "counter",
      "contains": "default",
      "values": {
        "count": 10000,
        "rate": 335.648326593017
      }
    },
    "http_req_blocked": {
      "contains": "time",
      "values": {
        "p(50)": 0.005549,
        "p(99)": 0.015911140000000004,
        "p(99.99)": 0.14823520889989242,
        "count": 10000,
        "min": 0.00208,
        "med": 0.005549,
        "max": 0.300309,
        "p(90)": 0.0069601,
        "p(95)": 0.008217149999999998,
        "avg": 0.005820080800000004
      },
      "type": "trend"
    },
    "iterations": {
      "type": "counter",
      "contains": "default",
      "values": {
        "count": 10000,
        "rate": 335.648326593017
      }
    },
    "http_req_tls_handshaking": {
      "contains": "time",
      "values": {
        "min": 0,
        "med": 0,
        "p(90)": 0,
        "p(95)": 0,
        "count": 10000,
        "avg": 0,
        "p(50)": 0,
        "p(99)": 0,
        "p(99.99)": 0,
        "max": 0
      },
      "type": "trend"
    },
    "iteration_duration": {
      "type": "trend",
      "contains": "time",
      "values": {
        "p(99)": 4.62498183,
        "p(99.99)": 24.04374508539998,
        "avg": 2.9589369638999945,
        "min": 1.687214,
        "max": 24.074596,
        "p(50)": 2.946556,
        "p(90)": 3.3901154000000004,
        "med": 2.946556,
        "p(95)": 3.5895523999999988,
        "count": 10000
      }
    },
    "http_req_duration": {
      "contains": "time",
      "values": {
        "avg": 2.7287447661000184,
        "max": 23.821302,
        "p(50)": 2.7136015,
        "p(99)": 4.35671149,
        "p(99.99)": 23.738946236399944,
        "min": 1.548523,
        "med": 2.7136015,
        "p(90)": 3.1370954,
        "p(95)": 3.334035749999998,
        "count": 10000
      },
      "type": "trend"
    },
    "vus": {
      "type": "gauge",
      "contains": "default",
      "values": {
        "value": 1,
        "min": 1,
        "max": 1
      }
    },
    "response_time": {
      "contains": "default",
      "values": {
        "med": 2.7136015,
        "p(50)": 2.7136015,
        "p(95)": 3.334035749999998,
        "count": 10000,
        "avg": 2.7287447661000184,
        "max": 23.821302,
        "p(90)": 3.1370954,
        "p(99)": 4.35671149,
        "p(99.99)": 23.738946236399944,
        "min": 1.548523
      },
      "type": "trend"
    },
    "reponse_size_body": {
      "type": "trend",
      "contains": "default",
      "values": {
        "p(50)": 150,
        "p(90)": 150,
        "p(99.99)": 150,
        "count": 10000,
        "min": 150,
        "max": 150,
        "p(95)": 150,
        "p(99)": 150,
        "avg": 150,
        "med": 150
      }
    },
    "http_req_duration{expected_response:true}": {
      "type": "trend",
      "contains": "time",
      "values": {
        "avg": 2.7287447661000184,
        "p(90)": 3.1370954,
        "p(95)": 3.334035749999998,
        "count": 10000,
        "min": 1.548523,
        "med": 2.7136015,
        "max": 23.821302,
        "p(50)": 2.7136015,
        "p(99)": 4.35671149,
        "p(99.99)": 23.738946236399944
      }
    },
    "http_req_failed": {
      "type": "rate",
      "contains": "default",
      "values": {
        "rate": 0,
        "passes": 0,
        "fails": 10000
      }
    },
    "response_size": {
      "type": "trend",
      "contains": "default",
      "values": {
        "p(95)": 531,
        "p(99.99)": 531,
        "count": 10000,
        "avg": 531,
        "min": 531,
        "med": 531,
        "max": 531,
        "p(90)": 531,
        "p(50)": 531,
        "p(99)": 531
      }
    },
    "data_received": {
      "type": "counter",
      "contains": "data",
      "values": {
        "count": 6029560,
        "rate": 202381.17240921914
      }
    },
    "http_req_connecting": {
      "values": {
        "avg": 0.000017843300000000002,
        "min": 0,
        "p(50)": 0,
        "p(90)": 0,
        "p(95)": 0,
        "med": 0,
        "max": 0.178433,
        "p(99)": 0,
        "p(99.99)": 0.000017843299873808065,
        "count": 10000
      },
      "type": "trend",
      "contains": "time"
    },
    "checks": {
      "type": "rate",
      "contains": "default",
      "values": {
        "passes": 10000,
        "fails": 0,
        "rate": 1
      }
    },
    "vus_max": {
      "type": "gauge",
      "contains": "default",
      "values": {
        "value": 1,
        "min": 1,
        "max": 1
      }
    },
    "http_req_waiting": {
      "type": "trend",
      "contains": "time",
      "values": {
        "min": 1.46505,
        "med": 2.5644795,
        "p(99)": 4.2257967800000005,
        "count": 10000,
        "avg": 2.5831815991000027,
        "max": 23.708732,
        "p(50)": 2.5644795,
        "p(90)": 2.9726285,
        "p(95)": 3.1630898,
        "p(99.99)": 23.602407633499926
      }
    },
    "http_req_receiving": {
      "type": "trend",
      "contains": "time",
      "values": {
        "avg": 0.12253420890000052,
        "med": 0.0936775,
        "max": 1.63523,
        "p(99)": 0.31804683000000006,
        "p(99.99)": 1.55018950489994,
        "count": 10000,
        "min": 0.041757,
        "p(50)": 0.0936775,
        "p(90)": 0.21037620000000004,
        "p(95)": 0.2419478499999999
      }
    }
  },
  "root_group": {
    "path": "",
    "id": "d41d8cd98f00b204e9800998ecf8427e",
    "groups": [],
    "checks": [
        {
          "name": "is status 200",
          "path": "::is status 200",
          "id": "548d37ca5f33793206f7832e7cea54fb",
          "passes": 10000,
          "fails": 0
        }
      ],
    "name": ""
  }
}