{
  "options": {
    "noColor": false,
    "summaryTrendStats": [
      "avg",
      "min",
      "med",
      "max",
      "p(50)",
      "p(90)",
      "p(95)",
      "p(99)",
      "p(99.99)",
      "count"
    ],
    "summaryTimeUnit": "ms"
  },
  "state": {
    "isStdOutTTY": false,
    "isStdErrTTY": false,
    "testRunDurationMs": 153379.499718
  },
  "metrics": {
    "http_req_duration{expected_response:true}": {
      "type": "trend",
      "contains": "time",
      "values": {
        "p(50)": 13.448134,
        "p(90)": 21.5060692,
        "p(99.99)": 34.136297775795455,
        "count": 10000,
        "min": 10.626828,
        "max": 40.553414,
        "p(95)": 23.1172225,
        "p(99)": 25.81821265,
        "avg": 15.11626174110003,
        "med": 13.448134
      }
    },
    "http_req_connecting": {
      "type": "trend",
      "contains": "time",
      "values": {
        "max": 0.35315,
        "p(90)": 0,
        "p(95)": 0,
        "p(99.99)": 0.00003531499975024417,
        "avg": 0.000035315,
        "min": 0,
        "med": 0,
        "p(50)": 0,
        "p(99)": 0,
        "count": 10000
      }
    },
    "response_time": {
      "type": "trend",
      "contains": "default",
      "values": {
        "avg": 15.11626174110003,
        "min": 10.626828,
        "max": 40.553414,
        "p(90)": 21.5060692,
        "p(99.99)": 34.136297775795455,
        "med": 13.448134,
        "p(50)": 13.448134,
        "p(95)": 23.1172225,
        "p(99)": 25.81821265,
        "count": 10000
      }
    },
    "http_req_sending": {
      "values": {
        "p(50)": 0.0155725,
        "p(90)": 0.022370200000000003,
        "p(99)": 0.03844590000000002,
        "avg": 0.017394300699999986,
        "min": 0.009759,
        "med": 0.0155725,
        "max": 0.45859,
        "p(95)": 0.02612854999999999,
        "p(99.99)": 0.28246061469987543,
        "count": 10000
      },
      "type": "trend",
      "contains": "time"
    },
    "iterations": {
      "values": {
        "count": 10000,
        "rate": 65.19776122875462
      },
      "type": "counter",
      "contains": "default"
    },
    "http_reqs": {
      "values": {
        "count": 10000,
        "rate": 65.19776122875462
      },
      "type": "counter",
      "contains": "default"
    },
    "http_req_blocked": {
      "type": "trend",
      "contains": "time",
      "values": {
        "max": 0.454561,
        "p(50)": 0.004158,
        "p(90)": 0.005726200000000001,
        "p(95)": 0.009126149999999998,
        "count": 10000,
        "avg": 0.0047862613999999975,
        "min": 0.002342,
        "med": 0.004158,
        "p(99)": 0.01618393000000002,
        "p(99.99)": 0.19433602509981596
      }
    },
    "checks": {
      "type": "rate",
      "contains": "default",
      "values": {
        "rate": 1,
        "passes": 10000,
        "fails": 0
      }
    },
    "http_req_receiving": {
      "type": "trend",
      "contains": "time",
      "values": {
        "med": 0.08086499999999999,
        "max": 13.91936,
        "p(50)": 0.08086499999999999,
        "p(95)": 0.2618237499999999,
        "p(99)": 0.4892858000000001,
        "p(99.99)": 12.613634585599078,
        "avg": 0.12723493579999998,
        "min": 0.045951,
        "p(90)": 0.11832940000000008,
        "count": 10000
      }
    },
    "http_req_duration": {
      "contains": "time",
      "values": {
        "min": 10.626828,
        "med": 13.448134,
        "p(50)": 13.448134,
        "p(95)": 23.1172225,
        "avg": 15.11626174110003,
        "max": 40.553414,
        "p(90)": 21.5060692,
        "p(99)": 25.81821265,
        "p(99.99)": 34.136297775795455,
        "count": 10000
      },
      "type": "trend"
    },
    "http_req_failed": {
      "type": "rate",
      "contains": "default",
      "values": {
        "rate": 0,
        "passes": 0,
        "fails": 10000
      }
    },
    "reponse_size": {
      "type": "trend",
      "contains": "default",
      "values": {
        "p(95)": 98,
        "p(99)": 98,
        "p(99.99)": 98,
        "count": 10000,
        "p(50)": 98,
        "min": 97,
        "med": 98,
        "max": 98,
        "p(90)": 98,
        "avg": 97.901
      }
    },
    "data_received": {
      "values": {
        "rate": 44619.163659958496,
        "count": 6843665
      },
      "type": "counter",
      "contains": "data"
    },
    "vus": {
      "contains": "default",
      "values": {
        "value": 1,
        "min": 1,
        "max": 1
      },
      "type": "gauge"
    },
    "data_sent": {
      "type": "counter",
      "contains": "data",
      "values": {
        "count": 3850000,
        "rate": 25101.138073070528
      }
    },
    "iteration_duration": {
      "type": "trend",
      "contains": "time",
      "values": {
        "min": 10.81206,
        "max": 40.794368,
        "p(95)": 23.3078576,
        "p(99.99)": 34.38122337859546,
        "count": 10000,
        "avg": 15.319124250199954,
        "med": 13.651383,
        "p(50)": 13.651383,
        "p(90)": 21.714691900000002,
        "p(99)": 26.041978460000006
      }
    },
    "http_req_tls_handshaking": {
      "type": "trend",
      "contains": "time",
      "values": {
        "avg": 0,
        "med": 0,
        "p(99.99)": 0,
        "count": 10000,
        "p(99)": 0,
        "min": 0,
        "max": 0,
        "p(50)": 0,
        "p(90)": 0,
        "p(95)": 0
      }
    },
    "http_req_waiting": {
      "type": "trend",
      "contains": "time",
      "values": {
        "p(50)": 13.3243215,
        "p(90)": 21.364334200000002,
        "avg": 14.971632504600105,
        "med": 13.3243215,
        "max": 40.398177,
        "p(99.99)": 34.017555125995486,
        "count": 10000,
        "min": 10.511729,
        "p(95)": 22.929405099999997,
        "p(99)": 25.694977050000006
      }
    },
    "vus_max": {
      "type": "gauge",
      "contains": "default",
      "values": {
        "value": 1,
        "min": 1,
        "max": 1
      }
    }
  },
  "root_group": {
    "name": "",
    "path": "",
    "id": "d41d8cd98f00b204e9800998ecf8427e",
    "groups": [],
    "checks": [
        {
          "name": "is status 200",
          "path": "::is status 200",
          "id": "548d37ca5f33793206f7832e7cea54fb",
          "passes": 10000,
          "fails": 0
        }
      ]
  }
}