{
  "state": {
    "isStdOutTTY": false,
    "isStdErrTTY": false,
    "testRunDurationMs": 89151.517194
  },
  "metrics": {
    "http_req_connecting": {
      "type": "trend",
      "contains": "time",
      "values": {
        "p(95)": 0,
        "p(99)": 0,
        "avg": 0.000306396,
        "max": 0.306396,
        "p(50)": 0,
        "p(99.99)": 0.27578703959998535,
        "count": 1000,
        "min": 0,
        "med": 0,
        "p(90)": 0
      }
    },
    "http_req_tls_handshaking": {
      "type": "trend",
      "contains": "time",
      "values": {
        "p(99.99)": 0,
        "count": 1000,
        "min": 0,
        "med": 0,
        "max": 0,
        "p(50)": 0,
        "p(90)": 0,
        "avg": 0,
        "p(95)": 0,
        "p(99)": 0
      }
    },
    "http_req_receiving": {
      "type": "trend",
      "contains": "time",
      "values": {
        "min": 0.053132,
        "med": 0.101349,
        "max": 23.658238,
        "p(90)": 0.1443971,
        "p(99)": 0.3832143099999999,
        "count": 1000,
        "avg": 0.140640308,
        "p(50)": 0.101349,
        "p(95)": 0.2132684,
        "p(99.99)": 21.852850194999135
      }
    },
    "http_req_blocked": {
      "type": "trend",
      "contains": "time",
      "values": {
        "avg": 0.006410631000000006,
        "min": 0.002357,
        "med": 0.004524,
        "p(50)": 0.004524,
        "p(95)": 0.015012549999999967,
        "p(99.99)": 0.4004096629999868,
        "max": 0.428045,
        "p(90)": 0.008348700000000004,
        "p(99)": 0.02946991999999997,
        "count": 1000
      }
    },
    "http_req_sending": {
      "type": "trend",
      "contains": "time",
      "values": {
        "max": 0.33911,
        "p(90)": 0.0378439,
        "p(99.99)": 0.33285606019999703,
        "avg": 0.029299449000000023,
        "min": 0.01269,
        "med": 0.023708,
        "p(50)": 0.023708,
        "p(95)": 0.05781209999999996,
        "p(99)": 0.12129967999999992,
        "count": 1000
      }
    },
    "http_req_failed": {
      "contains": "default",
      "values": {
        "rate": 0,
        "passes": 0,
        "fails": 1000
      },
      "type": "rate"
    },
    "vus_max": {
      "type": "gauge",
      "contains": "default",
      "values": {
        "max": 1,
        "value": 1,
        "min": 1
      }
    },
    "http_req_duration{expected_response:true}": {
      "type": "trend",
      "contains": "time",
      "values": {
        "avg": 88.77887603799998,
        "max": 268.426954,
        "p(50)": 90.109722,
        "p(90)": 95.39897610000001,
        "p(99)": 121.24369836999995,
        "min": 59.362983,
        "med": 90.109722,
        "p(95)": 98.07477,
        "p(99.99)": 264.7646823375983,
        "count": 1000
      }
    },
    "data_sent": {
      "type": "counter",
      "contains": "data",
      "values": {
        "count": 530000,
        "rate": 5944.935281882894
      }
    },
    "http_req_waiting": {
      "values": {
        "min": 59.237597,
        "max": 268.283764,
        "p(90)": 95.3285608,
        "p(99)": 121.10250020999995,
        "p(99.99)": 264.62426266449825,
        "avg": 88.60893628099994,
        "med": 89.9678215,
        "p(50)": 89.9678215,
        "p(95)": 97.93300314999999,
        "count": 1000
      },
      "type": "trend",
      "contains": "time"
    },
    "vus": {
      "values": {
        "value": 1,
        "min": 1,
        "max": 1
      },
      "type": "gauge",
      "contains": "default"
    },
    "http_req_duration": {
      "type": "trend",
      "contains": "time",
      "values": {
        "count": 1000,
        "avg": 88.77887603799998,
        "med": 90.109722,
        "max": 268.426954,
        "p(90)": 95.39897610000001,
        "p(99)": 121.24369836999995,
        "min": 59.362983,
        "p(50)": 90.109722,
        "p(95)": 98.07477,
        "p(99.99)": 264.7646823375983
      }
    },
    "iteration_duration": {
      "type": "trend",
      "contains": "time",
      "values": {
        "med": 90.436272,
        "max": 268.765852,
        "p(50)": 90.436272,
        "avg": 89.12535362599999,
        "p(90)": 95.77676989999999,
        "p(95)": 98.35760259999999,
        "p(99)": 121.54527534999994,
        "p(99.99)": 265.11046544559827,
        "count": 1000,
        "min": 59.780196
      }
    },
    "response_time": {
      "values": {
        "max": 268.426954,
        "p(50)": 90.109722,
        "p(90)": 95.39897610000001,
        "p(99)": 121.24369836999995,
        "p(99.99)": 264.7646823375983,
        "avg": 88.77887603799998,
        "min": 59.362983,
        "med": 90.109722,
        "p(95)": 98.07477,
        "count": 1000
      },
      "type": "trend",
      "contains": "default"
    },
    "reponse_size": {
      "type": "trend",
      "contains": "default",
      "values": {
        "min": 209,
        "med": 212,
        "p(95)": 212,
        "count": 1000,
        "p(99.99)": 212,
        "avg": 211.771,
        "max": 212,
        "p(50)": 212,
        "p(90)": 212,
        "p(99)": 212
      }
    },
    "iterations": {
      "values": {
        "count": 1000,
        "rate": 11.216859022420554
      },
      "type": "counter",
      "contains": "default"
    },
    "checks": {
      "type": "rate",
      "contains": "default",
      "values": {
        "rate": 1,
        "passes": 1000,
        "fails": 0
      }
    },
    "data_received": {
      "type": "counter",
      "contains": "data",
      "values": {
        "count": 664431,
        "rate": 7452.828857125911
      }
    },
    "http_reqs": {
      "type": "counter",
      "contains": "default",
      "values": {
        "count": 1000,
        "rate": 11.216859022420554
      }
    }
  },
  "root_group": {
    "groups": [],
    "checks": [
        {
          "name": "is status 200",
          "path": "::is status 200",
          "id": "548d37ca5f33793206f7832e7cea54fb",
          "passes": 1000,
          "fails": 0
        }
      ],
    "name": "",
    "path": "",
    "id": "d41d8cd98f00b204e9800998ecf8427e"
  },
  "options": {
    "summaryTrendStats": [
      "avg",
      "min",
      "med",
      "max",
      "p(50)",
      "p(90)",
      "p(95)",
      "p(99)",
      "p(99.99)",
      "count"
    ],
    "summaryTimeUnit": "ms",
    "noColor": false
  }
}