{
  "root_group": {
    "checks": [
      {
        "passes": 1000,
        "fails": 0,
        "name": "is status 200",
        "path": "::is status 200",
        "id": "548d37ca5f33793206f7832e7cea54fb"
      }
    ],
    "name": "",
    "path": "",
    "id": "d41d8cd98f00b204e9800998ecf8427e",
    "groups": []
  },
  "options": {
    "summaryTrendStats": [
      "avg",
      "min",
      "med",
      "max",
      "p(50)",
      "p(90)",
      "p(95)",
      "p(99)",
      "p(99.99)",
      "count"
    ],
    "summaryTimeUnit": "ms",
    "noColor": false
  },
  "state": {
    "testRunDurationMs": 7652.082895,
    "isStdOutTTY": false,
    "isStdErrTTY": false
  },
  "metrics": {
    "response_size": {
      "type": "trend",
      "contains": "default",
      "values": {
        "p(99.99)": 1111,
        "count": 1000,
        "avg": 1110.48,
        "med": 1111,
        "max": 1111,
        "p(50)": 1111,
        "min": 1059,
        "p(90)": 1111,
        "p(95)": 1111,
        "p(99)": 1111
      }
    },
    "response_time": {
      "type": "trend",
      "contains": "default",
      "values": {
        "avg": 7.385787466999991,
        "p(95)": 49.93498859999994,
        "count": 1000,
        "p(90)": 10.3627755,
        "p(99)": 64.87277814,
        "p(99.99)": 74.33534103519995,
        "min": 1.89617,
        "med": 3.2749189999999997,
        "max": 74.455456,
        "p(50)": 3.2749189999999997
      }
    },
    "iterations": {
      "type": "counter",
      "contains": "default",
      "values": {
        "count": 1000,
        "rate": 130.68337258257054
      }
    },
    "vus": {
      "type": "gauge",
      "contains": "default",
      "values": {
        "value": 1,
        "min": 1,
        "max": 1
      }
    },
    "http_reqs": {
      "type": "counter",
      "contains": "default",
      "values": {
        "count": 1000,
        "rate": 130.68337258257054
      }
    },
    "http_req_failed": {
      "type": "rate",
      "contains": "default",
      "values": {
        "rate": 0,
        "passes": 0,
        "fails": 1000
      }
    },
    "http_req_receiving": {
      "type": "trend",
      "contains": "time",
      "values": {
        "max": 53.494103,
        "p(90)": 0.1977915,
        "p(99)": 0.7537910099999998,
        "count": 1000,
        "avg": 0.4082529469999997,
        "min": 0.032167,
        "med": 0.085501,
        "p(50)": 0.085501,
        "p(95)": 0.34526064999999967,
        "p(99.99)": 53.26144778809989
      }
    },
    "checks": {
      "type": "rate",
      "contains": "default",
      "values": {
        "rate": 1,
        "passes": 1000,
        "fails": 0
      }
    },
    "data_received": {
      "type": "counter",
      "contains": "data",
      "values": {
        "count": 1154710,
        "rate": 150901.39715482
      }
    },
    "vus_max": {
      "contains": "default",
      "values": {
        "value": 1,
        "min": 1,
        "max": 1
      },
      "type": "gauge"
    },
    "iteration_duration": {
      "type": "trend",
      "contains": "time",
      "values": {
        "p(99.99)": 74.92140895239993,
        "avg": 7.632205564999989,
        "min": 2.049398,
        "max": 75.068614,
        "p(50)": 3.5128205,
        "p(95)": 50.23332579999994,
        "p(99)": 65.13215918999998,
        "med": 3.5128205,
        "p(90)": 10.6201269,
        "count": 1000
      }
    },
    "data_sent": {
      "type": "counter",
      "contains": "data",
      "values": {
        "count": 409000,
        "rate": 53449.499386271345
      }
    },
    "http_req_duration": {
      "values": {
        "max": 74.455456,
        "p(50)": 3.2749189999999997,
        "p(90)": 10.3627755,
        "p(95)": 49.93498859999994,
        "avg": 7.385787466999991,
        "min": 1.89617,
        "med": 3.2749189999999997,
        "p(99)": 64.87277814,
        "p(99.99)": 74.33534103519995,
        "count": 1000
      },
      "type": "trend",
      "contains": "time"
    },
    "http_req_sending": {
      "type": "trend",
      "contains": "time",
      "values": {
        "avg": 0.02227483900000003,
        "max": 0.213728,
        "p(95)": 0.03561225,
        "count": 1000,
        "p(99)": 0.07739648999999998,
        "p(99.99)": 0.21280512379999955,
        "min": 0.007955,
        "med": 0.0193295,
        "p(50)": 0.0193295,
        "p(90)": 0.0303765
      }
    },
    "reponse_size_body": {
      "contains": "default",
      "values": {
        "p(50)": 609,
        "p(95)": 609,
        "p(99.99)": 609,
        "min": 609,
        "med": 609,
        "max": 609,
        "p(90)": 609,
        "p(99)": 609,
        "count": 1000,
        "avg": 609
      },
      "type": "trend"
    },
    "http_req_duration{expected_response:true}": {
      "type": "trend",
      "contains": "time",
      "values": {
        "max": 74.455456,
        "p(50)": 3.2749189999999997,
        "p(99)": 64.87277814,
        "p(99.99)": 74.33534103519995,
        "count": 1000,
        "avg": 7.385787466999991,
        "min": 1.89617,
        "med": 3.2749189999999997,
        "p(90)": 10.3627755,
        "p(95)": 49.93498859999994
      }
    },
    "http_req_waiting": {
      "type": "trend",
      "contains": "time",
      "values": {
        "avg": 6.955259680999998,
        "max": 74.219265,
        "p(99.99)": 74.10121986329993,
        "count": 1000,
        "min": 1.819049,
        "med": 3.1197084999999998,
        "p(50)": 3.1197084999999998,
        "p(90)": 8.888761400000005,
        "p(95)": 47.86446184999997,
        "p(99)": 64.75647097999999
      }
    },
    "http_req_tls_handshaking": {
      "type": "trend",
      "contains": "time",
      "values": {
        "min": 0,
        "med": 0,
        "max": 0,
        "p(50)": 0,
        "avg": 0,
        "p(90)": 0,
        "p(95)": 0,
        "p(99)": 0,
        "p(99.99)": 0,
        "count": 1000
      }
    },
    "http_req_blocked": {
      "type": "trend",
      "contains": "time",
      "values": {
        "count": 1000,
        "avg": 0.00820197399999999,
        "min": 0.002115,
        "med": 0.004834,
        "max": 0.330975,
        "p(90)": 0.007876600000000001,
        "p(95)": 0.009673699999999999,
        "p(99)": 0.14969514999999955,
        "p(50)": 0.004834,
        "p(99.99)": 0.3301282475999996
      }
    },
    "http_req_connecting": {
      "type": "trend",
      "contains": "time",
      "values": {
        "p(50)": 0,
        "count": 1000,
        "p(95)": 0,
        "p(99)": 0.00125352999999886,
        "p(99.99)": 0.23547369969999932,
        "avg": 0.0017318670000000002,
        "min": 0,
        "med": 0,
        "max": 0.236872,
        "p(90)": 0
      }
    }
  }
}