{
  "root_group": {
    "id": "d41d8cd98f00b204e9800998ecf8427e",
    "groups": [],
    "checks": [
        {
          "name": "is status 200",
          "path": "::is status 200",
          "id": "548d37ca5f33793206f7832e7cea54fb",
          "passes": 10000,
          "fails": 0
        }
      ],
    "name": "",
    "path": ""
  },
  "options": {
    "summaryTrendStats": [
      "avg",
      "min",
      "med",
      "max",
      "p(50)",
      "p(90)",
      "p(95)",
      "p(99)",
      "p(99.99)",
      "count"
    ],
    "summaryTimeUnit": "ms",
    "noColor": false
  },
  "state": {
    "isStdOutTTY": false,
    "isStdErrTTY": false,
    "testRunDurationMs": 205040.224829
  },
  "metrics": {
    "iteration_duration": {
      "type": "trend",
      "contains": "time",
      "values": {
        "avg": 20.485252474999985,
        "min": 14.496768,
        "med": 17.555037,
        "p(90)": 31.079210200000002,
        "p(95)": 33.02022765,
        "p(99)": 36.071092080000014,
        "max": 197.67233,
        "p(50)": 17.555037,
        "p(99.99)": 86.42070127542132,
        "count": 10000
      }
    },
    "http_req_failed": {
      "type": "rate",
      "contains": "default",
      "values": {
        "rate": 0,
        "passes": 0,
        "fails": 10000
      }
    },
    "data_received": {
      "type": "counter",
      "contains": "data",
      "values": {
        "count": 6592312,
        "rate": 32151.310824487606
      }
    },
    "http_reqs": {
      "type": "counter",
      "contains": "default",
      "values": {
        "count": 10000,
        "rate": 48.77091803981305
      }
    },
    "http_req_sending": {
      "type": "trend",
      "contains": "time",
      "values": {
        "med": 0.020763999999999998,
        "max": 0.463415,
        "p(50)": 0.020763999999999998,
        "p(90)": 0.028054600000000002,
        "p(95)": 0.032414399999999996,
        "count": 10000,
        "avg": 0.022668176299999957,
        "min": 0.011286,
        "p(99)": 0.04977397000000002,
        "p(99.99)": 0.37412992939993683
      }
    },
    "http_req_receiving": {
      "values": {
        "avg": 0.13103421839999968,
        "med": 0.0772625,
        "p(50)": 0.0772625,
        "p(99.99)": 17.164952936299457,
        "count": 10000,
        "min": 0.043545,
        "max": 17.934239,
        "p(90)": 0.1117771,
        "p(95)": 0.24306639999999993,
        "p(99)": 0.48497820000000025
      },
      "type": "trend",
      "contains": "time"
    },
    "checks": {
      "type": "rate",
      "contains": "default",
      "values": {
        "rate": 1,
        "passes": 10000,
        "fails": 0
      }
    },
    "http_req_duration": {
      "type": "trend",
      "contains": "time",
      "values": {
        "max": 197.323029,
        "p(50)": 17.2606075,
        "p(90)": 30.784257600000004,
        "p(95)": 32.74075865,
        "avg": 20.193655721799942,
        "min": 14.228557,
        "med": 17.2606075,
        "p(99)": 35.75997289,
        "p(99.99)": 86.10040837432133,
        "count": 10000
      }
    },
    "http_req_connecting": {
      "type": "trend",
      "contains": "time",
      "values": {
        "p(90)": 0,
        "p(95)": 0,
        "p(99)": 0,
        "p(99.99)": 0.00002457069982623034,
        "avg": 0.000024570700000000002,
        "min": 0,
        "med": 0,
        "max": 0.245707,
        "count": 10000,
        "p(50)": 0
      }
    },
    "vus_max": {
      "type": "gauge",
      "contains": "default",
      "values": {
        "min": 1,
        "max": 1,
        "value": 1
      }
    },
    "iterations": {
      "type": "counter",
      "contains": "default",
      "values": {
        "count": 10000,
        "rate": 48.77091803981305
      }
    },
    "vus": {
      "type": "gauge",
      "contains": "default",
      "values": {
        "min": 1,
        "max": 1,
        "value": 1
      }
    },
    "http_req_waiting": {
      "values": {
        "min": 14.139665,
        "med": 17.1219545,
        "max": 197.220999,
        "p(50)": 17.1219545,
        "p(99.99)": 85.9599262199213,
        "count": 10000,
        "avg": 20.03995332709995,
        "p(90)": 30.616141400000004,
        "p(95)": 32.612648549999996,
        "p(99)": 35.615112550000006
      },
      "type": "trend",
      "contains": "time"
    },
    "http_req_duration{expected_response:true}": {
      "type": "trend",
      "contains": "time",
      "values": {
        "count": 10000,
        "avg": 20.193655721799942,
        "min": 14.228557,
        "max": 197.323029,
        "p(95)": 32.74075865,
        "p(99)": 35.75997289,
        "p(99.99)": 86.10040837432133,
        "med": 17.2606075,
        "p(50)": 17.2606075,
        "p(90)": 30.784257600000004
      }
    },
    "http_req_blocked": {
      "type": "trend",
      "contains": "time",
      "values": {
        "p(90)": 0.0057501,
        "p(99)": 0.01676334000000001,
        "count": 10000,
        "avg": 0.004776849900000009,
        "min": 0.002308,
        "med": 0.004133,
        "max": 0.346912,
        "p(50)": 0.004133,
        "p(95)": 0.009025149999999997,
        "p(99.99)": 0.20957873469990287
      }
    },
    "http_req_tls_handshaking": {
      "type": "trend",
      "contains": "time",
      "values": {
        "p(95)": 0,
        "avg": 0,
        "p(90)": 0,
        "max": 0,
        "p(50)": 0,
        "p(99)": 0,
        "p(99.99)": 0,
        "count": 10000,
        "min": 0,
        "med": 0
      }
    },
    "response_time": {
      "type": "trend",
      "contains": "default",
      "values": {
        "p(99.99)": 86.10040837432133,
        "count": 10000,
        "avg": 20.193655721799942,
        "med": 17.2606075,
        "max": 197.323029,
        "p(50)": 17.2606075,
        "p(99)": 35.75997289,
        "min": 14.228557,
        "p(90)": 30.784257600000004,
        "p(95)": 32.74075865
      }
    },
    "data_sent": {
      "contains": "data",
      "values": {
        "count": 4920401,
        "rate": 23997.24738940142
      },
      "type": "counter"
    },
    "reponse_size": {
      "contains": "default",
      "values": {
        "p(90)": 207,
        "p(99.99)": 208,
        "count": 10000,
        "avg": 206.8232,
        "med": 207,
        "p(50)": 207,
        "p(95)": 207,
        "p(99)": 208,
        "min": 203,
        "max": 208
      },
      "type": "trend"
    }
  }
}