{
  "options": {
    "summaryTimeUnit": "ms",
    "noColor": false,
    "summaryTrendStats": [
      "avg",
      "min",
      "med",
      "max",
      "p(50)",
      "p(90)",
      "p(95)",
      "p(99)",
      "p(99.99)",
      "count"
    ]
  },
  "state": {
    "isStdOutTTY": false,
    "isStdErrTTY": false,
    "testRunDurationMs": 3305.951881
  },
  "metrics": {
    "response_size": {
      "type": "trend",
      "contains": "default",
      "values": {
        "p(50)": 63944,
        "p(95)": 63944,
        "p(99)": 63944,
        "p(99.99)": 63944,
        "avg": 63943.48,
        "min": 63892,
        "med": 63944,
        "max": 63944,
        "count": 1000,
        "p(90)": 63944
      }
    },
    "http_req_blocked": {
      "type": "trend",
      "contains": "time",
      "values": {
        "avg": 0.007832534,
        "min": 0.002487,
        "p(99)": 0.0846041999999994,
        "p(99.99)": 0.4206442947999918,
        "count": 1000,
        "med": 0.004988,
        "max": 0.437722,
        "p(50)": 0.004988,
        "p(90)": 0.0073419,
        "p(95)": 0.0092526
      }
    },
    "http_req_waiting": {
      "type": "trend",
      "contains": "time",
      "values": {
        "min": 1.133455,
        "p(50)": 1.768622,
        "p(90)": 2.5023307000000004,
        "p(95)": 3.1018841999999998,
        "count": 1000,
        "avg": 2.1977176530000007,
        "med": 1.768622,
        "max": 40.964916,
        "p(99)": 9.90144757,
        "p(99.99)": 40.734326520299895
      }
    },
    "checks": {
      "type": "rate",
      "contains": "default",
      "values": {
        "rate": 1,
        "passes": 1000,
        "fails": 0
      }
    },
    "http_reqs": {
      "type": "counter",
      "contains": "default",
      "values": {
        "count": 1000,
        "rate": 302.4847414589456
      }
    },
    "http_req_receiving": {
      "contains": "time",
      "values": {
        "p(99.99)": 37.295062025099874,
        "med": 0.47635550000000004,
        "p(90)": 0.7544633000000002,
        "p(95)": 0.9396683999999997,
        "p(50)": 0.47635550000000004,
        "p(99)": 3.1348468099999995,
        "count": 1000,
        "avg": 0.7732848270000002,
        "min": 0.1138,
        "max": 37.550931
      },
      "type": "trend"
    },
    "http_req_sending": {
      "type": "trend",
      "contains": "time",
      "values": {
        "count": 1000,
        "min": 0.009045,
        "max": 0.277817,
        "p(95)": 0.03251675,
        "p(90)": 0.028530700000000003,
        "p(99)": 0.06457990999999998,
        "p(99.99)": 0.2661807478999944,
        "avg": 0.02257446799999999,
        "med": 0.0205365,
        "p(50)": 0.0205365
      }
    },
    "http_req_failed": {
      "contains": "default",
      "values": {
        "rate": 0,
        "passes": 0,
        "fails": 1000
      },
      "type": "rate"
    },
    "http_req_connecting": {
      "type": "trend",
      "contains": "time",
      "values": {
        "med": 0,
        "max": 0.296122,
        "p(50)": 0,
        "p(99)": 0.0009791199999991094,
        "p(99.99)": 0.2845566768999945,
        "avg": 0.0015319889999999999,
        "min": 0,
        "p(90)": 0,
        "p(95)": 0,
        "count": 1000
      }
    },
    "data_received": {
      "values": {
        "count": 64048710,
        "rate": 19373757.485128988
      },
      "type": "counter",
      "contains": "data"
    },
    "response_time": {
      "type": "trend",
      "contains": "default",
      "values": {
        "med": 2.284252,
        "max": 41.435369,
        "p(50)": 2.284252,
        "p(95)": 4.083147999999997,
        "avg": 2.9935769479999985,
        "min": 1.711166,
        "p(99.99)": 41.2240436368999,
        "count": 1000,
        "p(90)": 3.4516045,
        "p(99)": 28.738607399999996
      }
    },
    "http_req_duration{expected_response:true}": {
      "type": "trend",
      "contains": "time",
      "values": {
        "max": 41.435369,
        "p(90)": 3.4516045,
        "p(95)": 4.083147999999997,
        "p(99.99)": 41.2240436368999,
        "p(99)": 28.738607399999996,
        "count": 1000,
        "avg": 2.9935769479999985,
        "min": 1.711166,
        "med": 2.284252,
        "p(50)": 2.284252
      }
    },
    "http_req_tls_handshaking": {
      "type": "trend",
      "contains": "time",
      "values": {
        "p(90)": 0,
        "avg": 0,
        "min": 0,
        "max": 0,
        "p(50)": 0,
        "count": 1000,
        "med": 0,
        "p(95)": 0,
        "p(99)": 0,
        "p(99.99)": 0
      }
    },
    "reponse_size_body": {
      "values": {
        "avg": 63582,
        "med": 63582,
        "max": 63582,
        "p(99)": 63582,
        "p(99.99)": 63582,
        "count": 1000,
        "min": 63582,
        "p(50)": 63582,
        "p(90)": 63582,
        "p(95)": 63582
      },
      "type": "trend",
      "contains": "default"
    },
    "vus_max": {
      "contains": "default",
      "values": {
        "value": 1,
        "min": 1,
        "max": 1
      },
      "type": "gauge"
    },
    "iteration_duration": {
      "type": "trend",
      "contains": "time",
      "values": {
        "avg": 3.286358201999997,
        "min": 1.904056,
        "max": 41.826991,
        "p(50)": 2.5735795,
        "p(99.99)": 41.6233834113999,
        "count": 1000,
        "med": 2.5735795,
        "p(90)": 3.7781925,
        "p(95)": 4.3696626,
        "p(99)": 29.138282289999996
      }
    },
    "http_req_duration": {
      "contains": "time",
      "values": {
        "p(99.99)": 41.2240436368999,
        "count": 1000,
        "p(99)": 28.738607399999996,
        "min": 1.711166,
        "med": 2.284252,
        "max": 41.435369,
        "p(50)": 2.284252,
        "p(90)": 3.4516045,
        "p(95)": 4.083147999999997,
        "avg": 2.9935769479999985
      },
      "type": "trend"
    },
    "vus": {
      "type": "gauge",
      "contains": "default",
      "values": {
        "value": 1,
        "min": 1,
        "max": 1
      }
    },
    "data_sent": {
      "type": "counter",
      "contains": "data",
      "values": {
        "rate": 118271.53391044775,
        "count": 391000
      }
    },
    "iterations": {
      "values": {
        "count": 1000,
        "rate": 302.4847414589456
      },
      "type": "counter",
      "contains": "default"
    }
  },
  "root_group": {
    "checks": [
      {
        "id": "548d37ca5f33793206f7832e7cea54fb",
        "passes": 1000,
        "fails": 0,
        "name": "is status 200",
        "path": "::is status 200"
      }
    ],
    "name": "",
    "path": "",
    "id": "d41d8cd98f00b204e9800998ecf8427e",
    "groups": []
  }
}