{
  "root_group": {
    "checks": [
      {
        "id": "548d37ca5f33793206f7832e7cea54fb",
        "passes": 1000,
        "fails": 0,
        "name": "is status 200",
        "path": "::is status 200"
      }
    ],
    "name": "",
    "path": "",
    "id": "d41d8cd98f00b204e9800998ecf8427e",
    "groups": []
  },
  "options": {
    "summaryTrendStats": [
      "avg",
      "min",
      "med",
      "max",
      "p(50)",
      "p(90)",
      "p(95)",
      "p(99)",
      "p(99.99)",
      "count"
    ],
    "summaryTimeUnit": "ms",
    "noColor": false
  },
  "state": {
    "isStdOutTTY": false,
    "isStdErrTTY": false,
    "testRunDurationMs": 88307.962245
  },
  "metrics": {
    "http_req_connecting": {
      "contains": "time",
      "values": {
        "p(95)": 0,
        "p(99)": 0.0013069999999988115,
        "p(99.99)": 0.32068604109999943,
        "avg": 0.002039009,
        "med": 0,
        "max": 0.321826,
        "p(50)": 0,
        "p(90)": 0,
        "count": 1000,
        "min": 0
      },
      "type": "trend"
    },
    "data_received": {
      "type": "counter",
      "contains": "data",
      "values": {
        "rate": 7026.546465634618,
        "count": 620500
      }
    },
    "iteration_duration": {
      "type": "trend",
      "contains": "time",
      "values": {
        "min": 58.735063,
        "med": 90.4687135,
        "max": 180.729423,
        "p(90)": 96.0431103,
        "p(99.99)": 177.70023152369853,
        "count": 1000,
        "avg": 88.28224800699978,
        "p(95)": 97.86033934999999,
        "p(99)": 106.60961397999998,
        "p(50)": 90.4687135
      }
    },
    "iterations": {
      "type": "counter",
      "contains": "default",
      "values": {
        "count": 1000,
        "rate": 11.324007196832582
      }
    },
    "http_req_waiting": {
      "type": "trend",
      "contains": "time",
      "values": {
        "avg": 87.73635376099986,
        "med": 89.937681,
        "p(50)": 89.937681,
        "p(99)": 106.23362084999998,
        "min": 58.385495,
        "max": 180.135514,
        "p(90)": 95.52371339999999,
        "p(95)": 97.39787549999998,
        "p(99.99)": 177.12035277939856,
        "count": 1000
      }
    },
    "vus": {
      "type": "gauge",
      "contains": "default",
      "values": {
        "value": 1,
        "min": 1,
        "max": 1
      }
    },
    "http_req_failed": {
      "contains": "default",
      "values": {
        "passes": 0,
        "fails": 1000,
        "rate": 0
      },
      "type": "rate"
    },
    "vus_max": {
      "type": "gauge",
      "contains": "default",
      "values": {
        "min": 1,
        "max": 1,
        "value": 1
      }
    },
    "http_req_tls_handshaking": {
      "values": {
        "p(99)": 0,
        "p(99.99)": 0,
        "count": 1000,
        "min": 0,
        "p(90)": 0,
        "p(95)": 0,
        "p(50)": 0,
        "avg": 0,
        "med": 0,
        "max": 0
      },
      "type": "trend",
      "contains": "time"
    },
    "checks": {
      "type": "rate",
      "contains": "default",
      "values": {
        "fails": 0,
        "rate": 1,
        "passes": 1000
      }
    },
    "http_req_duration{expected_response:true}": {
      "type": "trend",
      "contains": "time",
      "values": {
        "p(95)": 97.53012284999998,
        "avg": 87.932342217,
        "min": 58.491232,
        "p(50)": 90.09581,
        "p(90)": 95.66179070000001,
        "p(99)": 106.33970287999998,
        "p(99.99)": 177.40574567219855,
        "count": 1000,
        "med": 90.09581,
        "max": 180.435585
      }
    },
    "http_req_blocked": {
      "type": "trend",
      "contains": "time",
      "values": {
        "p(99)": 0.14576330999999942,
        "count": 1000,
        "avg": 0.008692433000000015,
        "med": 0.0048319999999999995,
        "p(50)": 0.0048319999999999995,
        "p(90)": 0.007470300000000002,
        "min": 0.00231,
        "max": 0.409714,
        "p(95)": 0.010791849999999999,
        "p(99.99)": 0.40871330169999953
      }
    },
    "reponse_size": {
      "type": "trend",
      "contains": "default",
      "values": {
        "p(95)": 212,
        "p(99)": 212,
        "avg": 211.79,
        "min": 209,
        "p(50)": 212,
        "p(90)": 212,
        "med": 212,
        "max": 212,
        "p(99.99)": 212,
        "count": 1000
      }
    },
    "http_req_duration": {
      "type": "trend",
      "contains": "time",
      "values": {
        "min": 58.491232,
        "med": 90.09581,
        "p(50)": 90.09581,
        "p(90)": 95.66179070000001,
        "p(95)": 97.53012284999998,
        "p(99)": 106.33970287999998,
        "count": 1000,
        "avg": 87.932342217,
        "max": 180.435585,
        "p(99.99)": 177.40574567219855
      }
    },
    "http_req_receiving": {
      "type": "trend",
      "contains": "time",
      "values": {
        "avg": 0.16639122100000014,
        "min": 0.044246,
        "med": 0.10074849999999999,
        "p(50)": 0.10074849999999999,
        "p(90)": 0.1365642,
        "p(99.99)": 27.048402715999867,
        "count": 1000,
        "max": 27.327839,
        "p(95)": 0.16054919999999998,
        "p(99)": 0.32296544999999993
      }
    },
    "data_sent": {
      "type": "counter",
      "contains": "data",
      "values": {
        "count": 530000,
        "rate": 6001.723814321269
      }
    },
    "http_req_sending": {
      "type": "trend",
      "contains": "time",
      "values": {
        "p(99)": 0.13505664999999992,
        "min": 0.011973,
        "max": 0.661187,
        "p(90)": 0.03503,
        "p(95)": 0.043681399999999954,
        "p(99.99)": 0.6602402476999996,
        "count": 1000,
        "avg": 0.02959723499999996,
        "med": 0.025011,
        "p(50)": 0.025011
      }
    },
    "response_time": {
      "type": "trend",
      "contains": "default",
      "values": {
        "p(99)": 106.33970287999998,
        "p(99.99)": 177.40574567219855,
        "count": 1000,
        "med": 90.09581,
        "max": 180.435585,
        "p(50)": 90.09581,
        "p(95)": 97.53012284999998,
        "avg": 87.932342217,
        "min": 58.491232,
        "p(90)": 95.66179070000001
      }
    },
    "http_reqs": {
      "contains": "default",
      "values": {
        "rate": 11.324007196832582,
        "count": 1000
      },
      "type": "counter"
    }
  }
}