{
  "options": {
    "summaryTrendStats": [
      "avg",
      "min",
      "med",
      "max",
      "p(50)",
      "p(90)",
      "p(95)",
      "p(99)",
      "p(99.99)",
      "count"
    ],
    "summaryTimeUnit": "ms",
    "noColor": false
  },
  "state": {
    "isStdOutTTY": false,
    "isStdErrTTY": false,
    "testRunDurationMs": 2878.245581
  },
  "metrics": {
    "http_req_failed": {
      "type": "rate",
      "contains": "default",
      "values": {
        "rate": 0,
        "passes": 0,
        "fails": 1000
      }
    },
    "http_req_connecting": {
      "type": "trend",
      "contains": "time",
      "values": {
        "p(50)": 0,
        "med": 0,
        "max": 0.182676,
        "p(90)": 0,
        "p(95)": 0,
        "p(99)": 0.0008423099999992339,
        "p(99.99)": 0.18180347339999958,
        "avg": 0.00147598,
        "min": 0,
        "count": 1000
      }
    },
    "vus": {
      "type": "gauge",
      "contains": "default",
      "values": {
        "value": 1,
        "min": 1,
        "max": 1
      }
    },
    "response_time": {
      "type": "trend",
      "contains": "default",
      "values": {
        "med": 1.883315,
        "p(50)": 1.883315,
        "p(90)": 2.5754785,
        "p(99)": 48.95528390999999,
        "p(99.99)": 58.693800642299834,
        "avg": 2.663382228000003,
        "max": 59.040396,
        "p(95)": 3.2426765499999974,
        "count": 1000,
        "min": 1.208057
      }
    },
    "iteration_duration": {
      "type": "trend",
      "contains": "time",
      "values": {
        "med": 2.071653,
        "max": 59.504804,
        "p(50)": 2.071653,
        "p(95)": 3.4252495499999966,
        "p(99.99)": 59.14268108539983,
        "avg": 2.862556487000001,
        "min": 1.309,
        "count": 1000,
        "p(90)": 2.8205199,
        "p(99)": 49.23586134999999
      }
    },
    "http_req_duration": {
      "type": "trend",
      "contains": "time",
      "values": {
        "p(99.99)": 58.693800642299834,
        "count": 1000,
        "max": 59.040396,
        "p(50)": 1.883315,
        "p(90)": 2.5754785,
        "p(95)": 3.2426765499999974,
        "p(99)": 48.95528390999999,
        "avg": 2.663382228000003,
        "min": 1.208057,
        "med": 1.883315
      }
    },
    "reponse_size_body": {
      "type": "trend",
      "contains": "default",
      "values": {
        "min": 7135,
        "med": 7135,
        "p(50)": 7135,
        "count": 1000,
        "avg": 7135,
        "max": 7135,
        "p(90)": 7135,
        "p(95)": 7135,
        "p(99)": 7135,
        "p(99.99)": 7135
      }
    },
    "data_received": {
      "type": "counter",
      "contains": "data",
      "values": {
        "count": 7545710,
        "rate": 2621635.224530898
      }
    },
    "http_req_sending": {
      "type": "trend",
      "contains": "time",
      "values": {
        "min": 0.008059,
        "med": 0.0172935,
        "max": 0.08033,
        "p(90)": 0.022972500000000003,
        "p(99)": 0.049631089999999975,
        "p(99.99)": 0.07868244919999921,
        "count": 1000,
        "avg": 0.018246112999999994,
        "p(95)": 0.027444749999999993,
        "p(50)": 0.0172935
      }
    },
    "http_req_waiting": {
      "type": "trend",
      "contains": "time",
      "values": {
        "avg": 2.4953265259999977,
        "min": 1.113497,
        "med": 1.777065,
        "max": 55.426101,
        "p(90)": 2.4294382,
        "p(95)": 2.956072199999995,
        "p(99)": 27.844178429999808,
        "count": 1000,
        "p(50)": 1.777065,
        "p(99.99)": 55.365597663899976
      }
    },
    "response_size": {
      "type": "trend",
      "contains": "default",
      "values": {
        "min": 7445,
        "p(50)": 7497,
        "p(95)": 7497,
        "p(99.99)": 7497,
        "count": 1000,
        "avg": 7496.48,
        "med": 7497,
        "max": 7497,
        "p(90)": 7497,
        "p(99)": 7497
      }
    },
    "iterations": {
      "type": "counter",
      "contains": "default",
      "values": {
        "count": 1000,
        "rate": 347.4338696465804
      }
    },
    "http_req_blocked": {
      "type": "trend",
      "contains": "time",
      "values": {
        "count": 1000,
        "min": 0.002023,
        "med": 0.0043685,
        "max": 0.268941,
        "p(90)": 0.0059068,
        "p(99)": 0.16345206999999967,
        "avg": 0.007181866000000003,
        "p(50)": 0.0043685,
        "p(95)": 0.007208399999999998,
        "p(99.99)": 0.26884749359999993
      }
    },
    "vus_max": {
      "contains": "default",
      "values": {
        "max": 1,
        "value": 1,
        "min": 1
      },
      "type": "gauge"
    },
    "http_req_duration{expected_response:true}": {
      "values": {
        "p(99.99)": 58.693800642299834,
        "count": 1000,
        "min": 1.208057,
        "max": 59.040396,
        "p(95)": 3.2426765499999974,
        "p(90)": 2.5754785,
        "p(99)": 48.95528390999999,
        "avg": 2.663382228000003,
        "med": 1.883315,
        "p(50)": 1.883315
      },
      "type": "trend",
      "contains": "time"
    },
    "http_req_tls_handshaking": {
      "type": "trend",
      "contains": "time",
      "values": {
        "p(95)": 0,
        "p(99)": 0,
        "min": 0,
        "p(90)": 0,
        "max": 0,
        "p(50)": 0,
        "p(99.99)": 0,
        "count": 1000,
        "avg": 0,
        "med": 0
      }
    },
    "checks": {
      "type": "rate",
      "contains": "default",
      "values": {
        "rate": 1,
        "passes": 1000,
        "fails": 0
      }
    },
    "http_req_receiving": {
      "type": "trend",
      "contains": "time",
      "values": {
        "p(99)": 0.3373790299999999,
        "p(99.99)": 51.975650721297384,
        "count": 1000,
        "med": 0.07832900000000001,
        "max": 57.43221,
        "p(50)": 0.07832900000000001,
        "p(95)": 0.13271884999999997,
        "avg": 0.1498095889999999,
        "min": 0.039293,
        "p(90)": 0.11111710000000001
      }
    },
    "data_sent": {
      "type": "counter",
      "contains": "data",
      "values": {
        "count": 403000,
        "rate": 140015.8494675719
      }
    },
    "http_reqs": {
      "type": "counter",
      "contains": "default",
      "values": {
        "count": 1000,
        "rate": 347.4338696465804
      }
    }
  },
  "root_group": {
    "checks": [
      {
        "name": "is status 200",
        "path": "::is status 200",
        "id": "548d37ca5f33793206f7832e7cea54fb",
        "passes": 1000,
        "fails": 0
      }
    ],
    "name": "",
    "path": "",
    "id": "d41d8cd98f00b204e9800998ecf8427e",
    "groups": []
  }
}