{
  "root_group": {
    "checks": [
      {
        "name": "is status 200",
        "path": "::is status 200",
        "id": "548d37ca5f33793206f7832e7cea54fb",
        "passes": 1000,
        "fails": 0
      }
    ],
    "name": "",
    "path": "",
    "id": "d41d8cd98f00b204e9800998ecf8427e",
    "groups": []
  },
  "options": {
    "summaryTrendStats": [
      "avg",
      "min",
      "med",
      "max",
      "p(50)",
      "p(90)",
      "p(95)",
      "p(99)",
      "p(99.99)",
      "count"
    ],
    "summaryTimeUnit": "ms",
    "noColor": false
  },
  "state": {
    "isStdOutTTY": false,
    "isStdErrTTY": false,
    "testRunDurationMs": 4281.50146
  },
  "metrics": {
    "http_req_failed": {
      "type": "rate",
      "contains": "default",
      "values": {
        "rate": 0,
        "passes": 0,
        "fails": 1000
      }
    },
    "http_req_receiving": {
      "type": "trend",
      "contains": "time",
      "values": {
        "max": 51.137744,
        "p(50)": 0.071357,
        "p(99)": 4.524053919999999,
        "p(99.99)": 51.1307980529,
        "count": 1000,
        "min": 0.025257,
        "med": 0.071357,
        "p(95)": 0.24229764999999973,
        "avg": 0.39592897299999924,
        "p(90)": 0.11239030000000001
      }
    },
    "vus": {
      "contains": "default",
      "values": {
        "value": 1,
        "min": 1,
        "max": 1
      },
      "type": "gauge"
    },
    "http_req_waiting": {
      "type": "trend",
      "contains": "time",
      "values": {
        "p(90)": 3.123721900000001,
        "p(99)": 46.96213347999999,
        "count": 1000,
        "avg": 3.6434455719999943,
        "med": 1.723512,
        "max": 56.534046,
        "p(50)": 1.723512,
        "p(95)": 14.53865374999997,
        "p(99.99)": 56.25069523439986,
        "min": 0.871983
      }
    },
    "http_req_tls_handshaking": {
      "type": "trend",
      "contains": "time",
      "values": {
        "p(99.99)": 0,
        "avg": 0,
        "max": 0,
        "p(50)": 0,
        "p(90)": 0,
        "p(95)": 0,
        "p(99)": 0,
        "count": 1000,
        "min": 0,
        "med": 0
      }
    },
    "http_req_duration": {
      "type": "trend",
      "contains": "time",
      "values": {
        "p(90)": 3.625321600000001,
        "p(99.99)": 56.37414768939986,
        "count": 1000,
        "max": 56.656954,
        "min": 0.930663,
        "med": 1.8584425,
        "p(50)": 1.8584425,
        "p(95)": 15.781173799999994,
        "p(99)": 51.45668703999999,
        "avg": 4.058854042000003
      }
    },
    "data_sent": {
      "type": "counter",
      "contains": "data",
      "values": {
        "count": 372000,
        "rate": 86885.40771862774
      }
    },
    "response_time": {
      "type": "trend",
      "contains": "default",
      "values": {
        "count": 1000,
        "avg": 4.058854042000003,
        "min": 0.930663,
        "med": 1.8584425,
        "p(90)": 3.625321600000001,
        "p(99.99)": 56.37414768939986,
        "max": 56.656954,
        "p(50)": 1.8584425,
        "p(95)": 15.781173799999994,
        "p(99)": 51.45668703999999
      }
    },
    "http_reqs": {
      "type": "counter",
      "contains": "default",
      "values": {
        "count": 1000,
        "rate": 233.56292397480578
      }
    },
    "reponse_size_body": {
      "type": "trend",
      "contains": "default",
      "values": {
        "med": 148,
        "max": 148,
        "p(50)": 148,
        "p(99)": 148,
        "avg": 148,
        "min": 148,
        "p(90)": 148,
        "p(95)": 148,
        "p(99.99)": 148,
        "count": 1000
      }
    },
    "http_req_duration{expected_response:true}": {
      "type": "trend",
      "contains": "time",
      "values": {
        "min": 0.930663,
        "p(99)": 51.45668703999999,
        "count": 1000,
        "p(50)": 1.8584425,
        "p(90)": 3.625321600000001,
        "p(95)": 15.781173799999994,
        "p(99.99)": 56.37414768939986,
        "avg": 4.058854042000003,
        "med": 1.8584425,
        "max": 56.656954
      }
    },
    "checks": {
      "type": "rate",
      "contains": "default",
      "values": {
        "rate": 1,
        "passes": 1000,
        "fails": 0
      }
    },
    "iteration_duration": {
      "type": "trend",
      "contains": "time",
      "values": {
        "avg": 4.263914783999999,
        "max": 56.933113,
        "p(95)": 15.958730749999996,
        "p(99)": 51.731535109999996,
        "count": 1000,
        "min": 1.037146,
        "med": 2.050572,
        "p(50)": 2.050572,
        "p(90)": 3.8927256000000003,
        "p(99.99)": 56.651813381199865
      }
    },
    "http_req_blocked": {
      "type": "trend",
      "contains": "time",
      "values": {
        "p(90)": 0.007238199999999999,
        "p(95)": 0.009068599999999993,
        "p(99)": 0.04101346999999846,
        "min": 0.00189,
        "max": 0.445381,
        "p(50)": 0.004346,
        "p(99.99)": 0.43105913619999314,
        "count": 1000,
        "avg": 0.007542757999999999,
        "med": 0.004346
      }
    },
    "data_received": {
      "type": "counter",
      "contains": "data",
      "values": {
        "count": 556710,
        "rate": 130026.81540601412
      }
    },
    "vus_max": {
      "type": "gauge",
      "contains": "default",
      "values": {
        "value": 1,
        "min": 1,
        "max": 1
      }
    },
    "response_size": {
      "type": "trend",
      "contains": "default",
      "values": {
        "p(99.99)": 510,
        "count": 1000,
        "avg": 509.48,
        "min": 458,
        "med": 510,
        "p(50)": 510,
        "p(90)": 510,
        "max": 510,
        "p(95)": 510,
        "p(99)": 510
      }
    },
    "iterations": {
      "type": "counter",
      "contains": "default",
      "values": {
        "count": 1000,
        "rate": 233.56292397480578
      }
    },
    "http_req_connecting": {
      "type": "trend",
      "contains": "time",
      "values": {
        "p(99.99)": 0.20823481749999936,
        "count": 1000,
        "med": 0,
        "max": 0.209551,
        "p(90)": 0,
        "p(99)": 0.0013203199999987992,
        "avg": 0.0016144150000000001,
        "min": 0,
        "p(50)": 0,
        "p(95)": 0
      }
    },
    "http_req_sending": {
      "type": "trend",
      "contains": "time",
      "values": {
        "max": 0.292758,
        "p(50)": 0.017093999999999998,
        "p(95)": 0.0296171,
        "p(99)": 0.05166278999999994,
        "p(99.99)": 0.2875487144999975,
        "count": 1000,
        "avg": 0.01947949699999999,
        "med": 0.017093999999999998,
        "p(90)": 0.024900000000000002,
        "min": 0.008206
      }
    }
  }
}