{
  "state": {
    "isStdOutTTY": false,
    "isStdErrTTY": false,
    "testRunDurationMs": 39268.869535
  },
  "metrics": {
    "http_req_duration": {
      "contains": "time",
      "values": {
        "min": 1.666008,
        "med": 3.456388,
        "p(90)": 4.7739813,
        "p(95)": 5.4421152999999975,
        "count": 10000,
        "avg": 3.700807630899993,
        "max": 44.271728,
        "p(50)": 3.456388,
        "p(99)": 9.394192980000003,
        "p(99.99)": 43.51799538079946
      },
      "type": "trend"
    },
    "checks": {
      "values": {
        "rate": 1,
        "passes": 10000,
        "fails": 0
      },
      "type": "rate",
      "contains": "default"
    },
    "reponse_size": {
      "contains": "default",
      "values": {
        "p(99.99)": 207,
        "max": 207,
        "p(50)": 207,
        "p(90)": 207,
        "p(95)": 207,
        "p(99)": 207,
        "avg": 206.7805,
        "min": 201,
        "med": 207,
        "count": 10000
      },
      "type": "trend"
    },
    "vus": {
      "type": "gauge",
      "contains": "default",
      "values": {
        "value": 1,
        "min": 1,
        "max": 1
      }
    },
    "http_req_duration{expected_response:true}": {
      "type": "trend",
      "contains": "time",
      "values": {
        "avg": 3.700807630899993,
        "med": 3.456388,
        "p(50)": 3.456388,
        "p(90)": 4.7739813,
        "p(95)": 5.4421152999999975,
        "count": 10000,
        "min": 1.666008,
        "max": 44.271728,
        "p(99)": 9.394192980000003,
        "p(99.99)": 43.51799538079946
      }
    },
    "http_req_blocked": {
      "values": {
        "avg": 0.0077605187,
        "min": 0.001612,
        "p(90)": 0.006939300000000001,
        "count": 10000,
        "med": 0.004643,
        "max": 0.448581,
        "p(50)": 0.004643,
        "p(95)": 0.0093181,
        "p(99)": 0.16127396000000108,
        "p(99.99)": 0.44151470669999504
      },
      "type": "trend",
      "contains": "time"
    },
    "data_received": {
      "type": "counter",
      "contains": "data",
      "values": {
        "count": 6154905,
        "rate": 156737.51429269405
      }
    },
    "iteration_duration": {
      "type": "trend",
      "contains": "time",
      "values": {
        "count": 10000,
        "med": 3.6586225,
        "max": 44.586995,
        "p(99.99)": 43.80216449089945,
        "p(90)": 5.025889800000001,
        "p(95)": 5.69038155,
        "p(99)": 9.858626560000001,
        "avg": 3.908407493300004,
        "min": 1.824546,
        "p(50)": 3.6586225
      }
    },
    "iterations": {
      "type": "counter",
      "contains": "default",
      "values": {
        "rate": 254.65464421090826,
        "count": 10000
      }
    },
    "data_sent": {
      "type": "counter",
      "contains": "data",
      "values": {
        "count": 3790000,
        "rate": 96514.11015593424
      }
    },
    "response_time": {
      "type": "trend",
      "contains": "default",
      "values": {
        "min": 1.666008,
        "med": 3.456388,
        "p(95)": 5.4421152999999975,
        "p(99)": 9.394192980000003,
        "count": 10000,
        "avg": 3.700807630899993,
        "max": 44.271728,
        "p(50)": 3.456388,
        "p(90)": 4.7739813,
        "p(99.99)": 43.51799538079946
      }
    },
    "vus_max": {
      "type": "gauge",
      "contains": "default",
      "values": {
        "value": 1,
        "min": 1,
        "max": 1
      }
    },
    "http_req_receiving": {
      "values": {
        "avg": 0.08147094899999936,
        "med": 0.0732105,
        "max": 5.688837,
        "p(50)": 0.0732105,
        "p(90)": 0.09998,
        "p(95)": 0.11652245,
        "p(99.99)": 4.319416955699031,
        "min": 0.025584,
        "p(99)": 0.22583704000000002,
        "count": 10000
      },
      "type": "trend",
      "contains": "time"
    },
    "http_req_connecting": {
      "type": "trend",
      "contains": "time",
      "values": {
        "count": 10000,
        "med": 0,
        "max": 0.336232,
        "p(50)": 0,
        "p(90)": 0,
        "p(95)": 0,
        "p(99)": 0.0009032300000197155,
        "p(99.99)": 0.31160646279998255,
        "avg": 0.0017099796000000006,
        "min": 0
      }
    },
    "http_req_waiting": {
      "type": "trend",
      "contains": "time",
      "values": {
        "max": 44.122186,
        "p(95)": 5.302899149999993,
        "p(99)": 9.20097832000001,
        "count": 10000,
        "avg": 3.599770043899993,
        "min": 1.600046,
        "med": 3.359578,
        "p(50)": 3.359578,
        "p(90)": 4.6568887000000005,
        "p(99.99)": 43.36578064809947
      }
    },
    "http_req_failed": {
      "type": "rate",
      "contains": "default",
      "values": {
        "rate": 0,
        "passes": 0,
        "fails": 10000
      }
    },
    "http_reqs": {
      "type": "counter",
      "contains": "default",
      "values": {
        "rate": 254.65464421090826,
        "count": 10000
      }
    },
    "http_req_tls_handshaking": {
      "values": {
        "p(50)": 0,
        "p(99.99)": 0,
        "avg": 0,
        "min": 0,
        "med": 0,
        "max": 0,
        "p(90)": 0,
        "p(95)": 0,
        "p(99)": 0,
        "count": 10000
      },
      "type": "trend",
      "contains": "time"
    },
    "http_req_sending": {
      "type": "trend",
      "contains": "time",
      "values": {
        "p(90)": 0.025139100000000004,
        "p(99)": 0.059656660000000014,
        "count": 10000,
        "avg": 0.01956663799999999,
        "min": 0.00572,
        "max": 0.902484,
        "p(50)": 0.0178905,
        "med": 0.0178905,
        "p(95)": 0.02961359999999999,
        "p(99.99)": 0.2794373108995593
      }
    }
  },
  "root_group": {
    "groups": [],
    "checks": [
        {
          "passes": 10000,
          "fails": 0,
          "name": "is status 200",
          "path": "::is status 200",
          "id": "548d37ca5f33793206f7832e7cea54fb"
        }
      ],
    "name": "",
    "path": "",
    "id": "d41d8cd98f00b204e9800998ecf8427e"
  },
  "options": {
    "summaryTimeUnit": "ms",
    "noColor": false,
    "summaryTrendStats": [
      "avg",
      "min",
      "med",
      "max",
      "p(50)",
      "p(90)",
      "p(95)",
      "p(99)",
      "p(99.99)",
      "count"
    ]
  }
}