{
  "root_group": {
    "name": "",
    "path": "",
    "id": "d41d8cd98f00b204e9800998ecf8427e",
    "groups": [],
    "checks": [
        {
          "name": "is status 200",
          "path": "::is status 200",
          "id": "548d37ca5f33793206f7832e7cea54fb",
          "passes": 1000,
          "fails": 0
        }
      ]
  },
  "options": {
    "summaryTrendStats": [
      "avg",
      "min",
      "med",
      "max",
      "p(50)",
      "p(90)",
      "p(95)",
      "p(99)",
      "p(99.99)",
      "count"
    ],
    "summaryTimeUnit": "ms",
    "noColor": false
  },
  "state": {
    "isStdOutTTY": false,
    "isStdErrTTY": false,
    "testRunDurationMs": 20987.779383
  },
  "metrics": {
    "reponse_size_body": {
      "values": {
        "min": 7136,
        "med": 7136,
        "max": 7136,
        "p(50)": 7136,
        "p(90)": 7136,
        "p(95)": 7136,
        "p(99)": 7136,
        "avg": 7136,
        "count": 1000,
        "p(99.99)": 7136
      },
      "type": "trend",
      "contains": "default"
    },
    "http_req_connecting": {
      "type": "trend",
      "contains": "time",
      "values": {
        "min": 0,
        "med": 0,
        "p(90)": 0,
        "p(99.99)": 0.25721617639998634,
        "avg": 0.00028576400000000004,
        "max": 0.285764,
        "p(50)": 0,
        "p(95)": 0,
        "p(99)": 0,
        "count": 1000
      }
    },
    "data_sent": {
      "type": "counter",
      "contains": "data",
      "values": {
        "count": 403000,
        "rate": 19201.650286377037
      }
    },
    "http_req_duration{expected_response:true}": {
      "values": {
        "p(99)": 85.86506731,
        "p(99.99)": 586.6946951970739,
        "count": 1000,
        "min": 4.683072,
        "max": 641.155477,
        "p(90)": 61.77033590000001,
        "p(95)": 70.30188699999998,
        "avg": 20.706819763000034,
        "med": 9.613168,
        "p(50)": 9.613168
      },
      "type": "trend",
      "contains": "time"
    },
    "http_req_tls_handshaking": {
      "contains": "time",
      "values": {
        "min": 0,
        "med": 0,
        "p(50)": 0,
        "p(99)": 0,
        "count": 1000,
        "avg": 0,
        "p(90)": 0,
        "p(95)": 0,
        "p(99.99)": 0,
        "max": 0
      },
      "type": "trend"
    },
    "data_received": {
      "type": "counter",
      "contains": "data",
      "values": {
        "count": 7591228,
        "rate": 361697.5317621672
      }
    },
    "http_req_failed": {
      "type": "rate",
      "contains": "default",
      "values": {
        "rate": 0,
        "passes": 0,
        "fails": 1000
      }
    },
    "vus_max": {
      "type": "gauge",
      "contains": "default",
      "values": {
        "value": 1,
        "min": 1,
        "max": 1
      }
    },
    "vus": {
      "type": "gauge",
      "contains": "default",
      "values": {
        "value": 1,
        "min": 1,
        "max": 1
      }
    },
    "checks": {
      "type": "rate",
      "contains": "default",
      "values": {
        "passes": 1000,
        "fails": 0,
        "rate": 1
      }
    },
    "response_time": {
      "type": "trend",
      "contains": "default",
      "values": {
        "med": 9.613168,
        "max": 641.155477,
        "p(90)": 61.77033590000001,
        "p(99.99)": 586.6946951970739,
        "count": 1000,
        "avg": 20.706819763000034,
        "min": 4.683072,
        "p(50)": 9.613168,
        "p(95)": 70.30188699999998,
        "p(99)": 85.86506731
      }
    },
    "iteration_duration": {
      "type": "trend",
      "contains": "time",
      "values": {
        "p(99)": 86.11406093,
        "p(99.99)": 587.7081022935739,
        "count": 1000,
        "avg": 20.96465196800002,
        "max": 642.246403,
        "p(50)": 9.858798,
        "p(90)": 62.09204350000001,
        "min": 4.908011,
        "med": 9.858798,
        "p(95)": 70.62061025
      }
    },
    "http_req_blocked": {
      "type": "trend",
      "contains": "time",
      "values": {
        "max": 0.407951,
        "p(50)": 0.0052555,
        "p(95)": 0.009804799999999994,
        "p(99)": 0.018410569999999998,
        "p(99.99)": 0.37108999789998237,
        "count": 1000,
        "med": 0.0052555,
        "min": 0.00288,
        "p(90)": 0.0080138,
        "avg": 0.006361999000000002
      }
    },
    "http_req_waiting": {
      "contains": "time",
      "values": {
        "p(99)": 84.42484406,
        "p(50)": 9.127217,
        "p(95)": 68.79668444999999,
        "med": 9.127217,
        "max": 572.814536,
        "p(90)": 59.81441320000001,
        "p(99.99)": 525.0982817182771,
        "count": 1000,
        "avg": 19.659237139000034,
        "min": 4.534304
      },
      "type": "trend"
    },
    "http_req_receiving": {
      "type": "trend",
      "contains": "time",
      "values": {
        "avg": 1.0232919409999985,
        "p(50)": 0.32079349999999995,
        "p(90)": 0.8365795,
        "p(99.99)": 67.03839542899944,
        "count": 1000,
        "min": 0.069851,
        "med": 0.32079349999999995,
        "max": 68.220641,
        "p(95)": 1.1437905999999995,
        "p(99)": 17.91777235999996
      }
    },
    "response_size": {
      "contains": "default",
      "values": {
        "p(95)": 7517,
        "p(99)": 7517,
        "p(99.99)": 7517,
        "min": 7517,
        "p(50)": 7517,
        "max": 7517,
        "p(90)": 7517,
        "count": 1000,
        "avg": 7517,
        "med": 7517
      },
      "type": "trend"
    },
    "http_req_duration": {
      "contains": "time",
      "values": {
        "p(95)": 70.30188699999998,
        "p(99)": 85.86506731,
        "p(99.99)": 586.6946951970739,
        "count": 1000,
        "avg": 20.706819763000034,
        "med": 9.613168,
        "p(90)": 61.77033590000001,
        "min": 4.683072,
        "max": 641.155477,
        "p(50)": 9.613168
      },
      "type": "trend"
    },
    "http_req_sending": {
      "type": "trend",
      "contains": "time",
      "values": {
        "count": 1000,
        "avg": 0.024290682999999993,
        "med": 0.0218965,
        "p(50)": 0.0218965,
        "p(90)": 0.032125600000000004,
        "p(99.99)": 0.2103167506999993,
        "min": 0.011231,
        "max": 0.211766,
        "p(95)": 0.03546305,
        "p(99)": 0.06496183999999997
      }
    },
    "http_reqs": {
      "type": "counter",
      "contains": "default",
      "values": {
        "count": 1000,
        "rate": 47.64677490416138
      }
    },
    "iterations": {
      "type": "counter",
      "contains": "default",
      "values": {
        "count": 1000,
        "rate": 47.64677490416138
      }
    }
  }
}