{
  "root_group": {
    "name": "",
    "path": "",
    "id": "d41d8cd98f00b204e9800998ecf8427e",
    "groups": [],
    "checks": [
        {
          "name": "is status 200",
          "path": "::is status 200",
          "id": "548d37ca5f33793206f7832e7cea54fb",
          "passes": 1000,
          "fails": 0
        }
      ]
  },
  "options": {
    "summaryTrendStats": [
      "avg",
      "min",
      "med",
      "max",
      "p(50)",
      "p(90)",
      "p(95)",
      "p(99)",
      "p(99.99)",
      "count"
    ],
    "summaryTimeUnit": "ms",
    "noColor": false
  },
  "state": {
    "isStdOutTTY": false,
    "isStdErrTTY": false,
    "testRunDurationMs": 5883.868073
  },
  "metrics": {
    "vus": {
      "type": "gauge",
      "contains": "default",
      "values": {
        "value": 1,
        "min": 1,
        "max": 1
      }
    },
    "http_req_connecting": {
      "type": "trend",
      "contains": "time",
      "values": {
        "max": 0.209976,
        "p(50)": 0,
        "count": 1000,
        "min": 0,
        "med": 0,
        "p(90)": 0,
        "p(95)": 0,
        "p(99)": 0,
        "p(99.99)": 0.18899939759998996,
        "avg": 0.00020997599999999998
      }
    },
    "reponse_size_body": {
      "type": "trend",
      "contains": "default",
      "values": {
        "p(99)": 1569,
        "count": 1000,
        "avg": 1569,
        "p(50)": 1569,
        "p(95)": 1569,
        "p(90)": 1569,
        "p(99.99)": 1569,
        "min": 1569,
        "med": 1569,
        "max": 1569
      }
    },
    "response_size": {
      "type": "trend",
      "contains": "default",
      "values": {
        "min": 2090,
        "p(95)": 2090,
        "p(50)": 2090,
        "p(90)": 2090,
        "p(99)": 2090,
        "p(99.99)": 2090,
        "count": 1000,
        "avg": 2090,
        "med": 2090,
        "max": 2090
      }
    },
    "vus_max": {
      "type": "gauge",
      "contains": "default",
      "values": {
        "min": 1,
        "max": 1,
        "value": 1
      }
    },
    "http_req_duration{expected_response:true}": {
      "type": "trend",
      "contains": "time",
      "values": {
        "p(95)": 16.20200449999999,
        "p(99)": 42.46699995,
        "p(99.99)": 51.20978110919993,
        "avg": 5.603742104000003,
        "med": 4.0655269999999994,
        "p(90)": 5.614701999999999,
        "count": 1000,
        "min": 2.838382,
        "max": 51.348951,
        "p(50)": 4.0655269999999994
      }
    },
    "response_time": {
      "values": {
        "p(90)": 5.614701999999999,
        "p(99)": 42.46699995,
        "avg": 5.603742104000003,
        "min": 2.838382,
        "p(50)": 4.0655269999999994,
        "p(95)": 16.20200449999999,
        "p(99.99)": 51.20978110919993,
        "count": 1000,
        "med": 4.0655269999999994,
        "max": 51.348951
      },
      "type": "trend",
      "contains": "default"
    },
    "http_req_duration": {
      "type": "trend",
      "contains": "time",
      "values": {
        "p(99)": 42.46699995,
        "count": 1000,
        "p(99.99)": 51.20978110919993,
        "avg": 5.603742104000003,
        "min": 2.838382,
        "med": 4.0655269999999994,
        "max": 51.348951,
        "p(50)": 4.0655269999999994,
        "p(90)": 5.614701999999999,
        "p(95)": 16.20200449999999
      }
    },
    "data_sent": {
      "type": "counter",
      "contains": "data",
      "values": {
        "count": 409000,
        "rate": 69512.09560201163
      }
    },
    "http_req_sending": {
      "type": "trend",
      "contains": "time",
      "values": {
        "p(95)": 0.03171994999999999,
        "p(99.99)": 0.2512741965999968,
        "count": 1000,
        "max": 0.258064,
        "p(50)": 0.0216925,
        "med": 0.0216925,
        "p(90)": 0.0284373,
        "p(99)": 0.04722122999999998,
        "avg": 0.023112031000000016,
        "min": 0.009982
      }
    },
    "iteration_duration": {
      "type": "trend",
      "contains": "time",
      "values": {
        "p(90)": 5.9053942,
        "p(95)": 16.450167049999987,
        "count": 1000,
        "avg": 5.862962924000002,
        "min": 3.035974,
        "med": 4.323232,
        "p(99.99)": 51.492478915299934,
        "max": 51.624562,
        "p(50)": 4.323232,
        "p(99)": 42.78681316
      }
    },
    "iterations": {
      "type": "counter",
      "contains": "default",
      "values": {
        "count": 1000,
        "rate": 169.9562239657986
      }
    },
    "http_req_blocked": {
      "type": "trend",
      "contains": "time",
      "values": {
        "p(99)": 0.014134219999999994,
        "p(99.99)": 0.2953227974999874,
        "avg": 0.006086377999999994,
        "min": 0.002409,
        "max": 0.321594,
        "p(50)": 0.0053005,
        "med": 0.0053005,
        "p(90)": 0.007518400000000001,
        "p(95)": 0.008824699999999998,
        "count": 1000
      }
    },
    "http_req_receiving": {
      "type": "trend",
      "contains": "time",
      "values": {
        "max": 44.409451,
        "p(50)": 0.0954575,
        "p(95)": 0.23173974999999997,
        "p(99.99)": 43.77533555019969,
        "med": 0.0954575,
        "min": 0.046634,
        "p(90)": 0.1375386,
        "p(99)": 11.735204199999998,
        "count": 1000,
        "avg": 0.4048663409999998
      }
    },
    "http_req_tls_handshaking": {
      "type": "trend",
      "contains": "time",
      "values": {
        "p(90)": 0,
        "p(99.99)": 0,
        "count": 1000,
        "avg": 0,
        "min": 0,
        "med": 0,
        "max": 0,
        "p(50)": 0,
        "p(95)": 0,
        "p(99)": 0
      }
    },
    "http_req_waiting": {
      "values": {
        "p(95)": 12.953363899999966,
        "p(99.99)": 51.075735880499934,
        "count": 1000,
        "min": 2.681117,
        "max": 51.213978,
        "p(50)": 3.9102895,
        "p(90)": 5.2391630000000005,
        "p(99)": 39.36971559999998,
        "avg": 5.175763731999996,
        "med": 3.9102895
      },
      "type": "trend",
      "contains": "time"
    },
    "http_req_failed": {
      "type": "rate",
      "contains": "default",
      "values": {
        "passes": 0,
        "fails": 1000,
        "rate": 0
      }
    },
    "data_received": {
      "type": "counter",
      "contains": "data",
      "values": {
        "count": 2158964,
        "rate": 366929.3691180964
      }
    },
    "checks": {
      "type": "rate",
      "contains": "default",
      "values": {
        "rate": 1,
        "passes": 1000,
        "fails": 0
      }
    },
    "http_reqs": {
      "type": "counter",
      "contains": "default",
      "values": {
        "count": 1000,
        "rate": 169.9562239657986
      }
    }
  }
}