{
  "root_group": {
    "id": "d41d8cd98f00b204e9800998ecf8427e",
    "groups": [],
    "checks": [
        {
          "name": "is status 200",
          "path": "::is status 200",
          "id": "548d37ca5f33793206f7832e7cea54fb",
          "passes": 10000,
          "fails": 0
        }
      ],
    "name": "",
    "path": ""
  },
  "options": {
    "summaryTrendStats": [
      "avg",
      "min",
      "med",
      "max",
      "p(50)",
      "p(90)",
      "p(95)",
      "p(99)",
      "p(99.99)",
      "count"
    ],
    "summaryTimeUnit": "ms",
    "noColor": false
  },
  "state": {
    "isStdOutTTY": false,
    "isStdErrTTY": false,
    "testRunDurationMs": 1182521.466348
  },
  "metrics": {
    "http_req_tls_handshaking": {
      "type": "trend",
      "contains": "time",
      "values": {
        "med": 0,
        "max": 0,
        "p(50)": 0,
        "p(99)": 0,
        "avg": 0,
        "min": 0,
        "p(90)": 0,
        "p(95)": 0,
        "p(99.99)": 0,
        "count": 10000
      }
    },
    "response_time": {
      "type": "trend",
      "contains": "default",
      "values": {
        "p(50)": 112.3152125,
        "p(99.99)": 228.5627839214768,
        "count": 10000,
        "avg": 117.87615397110069,
        "min": 102.609007,
        "med": 112.3152125,
        "max": 261.358719,
        "p(90)": 143.618629,
        "p(95)": 147.01573555000002,
        "p(99)": 152.76283228999998
      }
    },
    "iterations": {
      "contains": "default",
      "values": {
        "rate": 8.456506105452073,
        "count": 10000
      },
      "type": "counter"
    },
    "reponse_size": {
      "type": "trend",
      "contains": "default",
      "values": {
        "min": 209,
        "p(50)": 213,
        "p(95)": 213,
        "p(99)": 214,
        "count": 10000,
        "avg": 212.8209,
        "med": 213,
        "max": 214,
        "p(90)": 213,
        "p(99.99)": 214
      }
    },
    "vus_max": {
      "type": "gauge",
      "contains": "default",
      "values": {
        "value": 1,
        "min": 1,
        "max": 1
      }
    },
    "data_sent": {
      "type": "counter",
      "contains": "data",
      "values": {
        "count": 5300000,
        "rate": 4481.948235889598
      }
    },
    "iteration_duration": {
      "contains": "time",
      "values": {
        "p(99)": 153.08206683,
        "count": 10000,
        "avg": 118.22785727830012,
        "max": 261.863865,
        "p(50)": 112.649957,
        "p(95)": 147.3926214,
        "min": 102.878903,
        "med": 112.649957,
        "p(90)": 143.9282846,
        "p(99.99)": 228.88385133117666
      },
      "type": "trend"
    },
    "http_req_duration{expected_response:true}": {
      "type": "trend",
      "contains": "time",
      "values": {
        "max": 261.358719,
        "p(90)": 143.618629,
        "p(99)": 152.76283228999998,
        "p(99.99)": 228.5627839214768,
        "count": 10000,
        "avg": 117.87615397110069,
        "min": 102.609007,
        "p(95)": 147.01573555000002,
        "med": 112.3152125,
        "p(50)": 112.3152125
      }
    },
    "http_req_blocked": {
      "type": "trend",
      "contains": "time",
      "values": {
        "p(50)": 0.004689,
        "p(90)": 0.0082182,
        "p(99)": 0.02932216000000007,
        "avg": 0.006194361500000005,
        "med": 0.004689,
        "max": 0.46195,
        "count": 10000,
        "min": 0.002263,
        "p(95)": 0.011742699999999991,
        "p(99.99)": 0.23152504479983704
      }
    },
    "http_req_failed": {
      "type": "rate",
      "contains": "default",
      "values": {
        "rate": 0,
        "passes": 0,
        "fails": 10000
      }
    },
    "data_received": {
      "type": "counter",
      "contains": "data",
      "values": {
        "count": 6654245,
        "rate": 5627.166346967392
      }
    },
    "http_req_duration": {
      "type": "trend",
      "contains": "time",
      "values": {
        "min": 102.609007,
        "med": 112.3152125,
        "max": 261.358719,
        "p(99)": 152.76283228999998,
        "p(99.99)": 228.5627839214768,
        "count": 10000,
        "avg": 117.87615397110069,
        "p(50)": 112.3152125,
        "p(90)": 143.618629,
        "p(95)": 147.01573555000002
      }
    },
    "http_req_connecting": {
      "values": {
        "min": 0,
        "med": 0,
        "p(90)": 0,
        "p(95)": 0,
        "p(99)": 0,
        "avg": 0.0000328949,
        "p(50)": 0,
        "p(99.99)": 0.00003289489976735967,
        "count": 10000,
        "max": 0.328949
      },
      "type": "trend",
      "contains": "time"
    },
    "http_reqs": {
      "values": {
        "count": 10000,
        "rate": 8.456506105452073
      },
      "type": "counter",
      "contains": "default"
    },
    "checks": {
      "type": "rate",
      "contains": "default",
      "values": {
        "rate": 1,
        "passes": 10000,
        "fails": 0
      }
    },
    "http_req_receiving": {
      "type": "trend",
      "contains": "time",
      "values": {
        "min": 0.042789,
        "p(50)": 0.1032495,
        "p(90)": 0.1471889,
        "p(99)": 0.4008090700000011,
        "avg": 0.16232433210000008,
        "med": 0.1032495,
        "max": 29.47075,
        "p(95)": 0.21998109999999949,
        "p(99.99)": 29.394040671699948,
        "count": 10000
      }
    },
    "vus": {
      "type": "gauge",
      "contains": "default",
      "values": {
        "value": 1,
        "min": 1,
        "max": 1
      }
    },
    "http_req_waiting": {
      "type": "trend",
      "contains": "time",
      "values": {
        "med": 112.14675199999999,
        "max": 261.234733,
        "p(95)": 146.84612975000002,
        "count": 10000,
        "p(99.99)": 228.4217816232768,
        "avg": 117.68420519270026,
        "min": 102.530901,
        "p(50)": 112.14675199999999,
        "p(90)": 143.47385649999998,
        "p(99)": 152.58474573
      }
    },
    "http_req_sending": {
      "type": "trend",
      "contains": "time",
      "values": {
        "p(99.99)": 0.5502298834999584,
        "avg": 0.02962444630000001,
        "min": 0.0111,
        "p(50)": 0.024633000000000002,
        "p(95)": 0.05463814999999989,
        "p(99)": 0.14800665000000032,
        "med": 0.024633000000000002,
        "max": 0.609059,
        "p(90)": 0.036913400000000006,
        "count": 10000
      }
    }
  }
}