{
  "root_group": {
    "name": "",
    "path": "",
    "id": "d41d8cd98f00b204e9800998ecf8427e",
    "groups": [],
    "checks": [
        {
          "name": "is status 200",
          "path": "::is status 200",
          "id": "548d37ca5f33793206f7832e7cea54fb",
          "passes": 10000,
          "fails": 0
        }
      ]
  },
  "options": {
    "summaryTimeUnit": "ms",
    "noColor": false,
    "summaryTrendStats": [
      "avg",
      "min",
      "med",
      "max",
      "p(50)",
      "p(90)",
      "p(95)",
      "p(99)",
      "p(99.99)",
      "count"
    ]
  },
  "state": {
    "isStdOutTTY": false,
    "isStdErrTTY": false,
    "testRunDurationMs": 38914.527131
  },
  "metrics": {
    "http_req_blocked": {
      "type": "trend",
      "contains": "time",
      "values": {
        "p(90)": 0.008353,
        "p(95)": 0.009481549999999991,
        "p(99.99)": 0.21669137099970742,
        "count": 10000,
        "avg": 0.006511016700000014,
        "med": 0.005945499999999999,
        "p(50)": 0.005945499999999999,
        "min": 0.001946,
        "max": 0.63036,
        "p(99)": 0.017601200000000004
      }
    },
    "vus_max": {
      "type": "gauge",
      "contains": "default",
      "values": {
        "value": 1,
        "min": 1,
        "max": 1
      }
    },
    "http_req_duration": {
      "type": "trend",
      "contains": "time",
      "values": {
        "p(99)": 7.477028460000018,
        "p(99.99)": 59.5743415757944,
        "avg": 3.6184813598000045,
        "med": 3.276268,
        "max": 67.489308,
        "p(50)": 3.276268,
        "p(95)": 4.5457531,
        "min": 1.667644,
        "p(90)": 4.077122,
        "count": 10000
      }
    },
    "http_req_receiving": {
      "values": {
        "p(99)": 0.42371207000000005,
        "count": 10000,
        "avg": 0.18345613130000032,
        "med": 0.0967905,
        "max": 52.711729,
        "p(95)": 0.29485244999999993,
        "p(99.99)": 51.76130805159933,
        "min": 0.03238,
        "p(50)": 0.0967905,
        "p(90)": 0.2377225
      },
      "type": "trend",
      "contains": "time"
    },
    "data_received": {
      "type": "counter",
      "contains": "data",
      "values": {
        "rate": 308147.2880200421,
        "count": 11991406
      }
    },
    "http_req_failed": {
      "type": "rate",
      "contains": "default",
      "values": {
        "rate": 0,
        "passes": 0,
        "fails": 10000
      }
    },
    "checks": {
      "type": "rate",
      "contains": "default",
      "values": {
        "rate": 1,
        "passes": 10000,
        "fails": 0
      }
    },
    "http_reqs": {
      "values": {
        "count": 10000,
        "rate": 256.97344249710346
      },
      "type": "counter",
      "contains": "default"
    },
    "vus": {
      "type": "gauge",
      "contains": "default",
      "values": {
        "value": 1,
        "min": 1,
        "max": 1
      }
    },
    "http_req_tls_handshaking": {
      "type": "trend",
      "contains": "time",
      "values": {
        "min": 0,
        "med": 0,
        "max": 0,
        "p(50)": 0,
        "p(90)": 0,
        "p(99)": 0,
        "avg": 0,
        "p(95)": 0,
        "p(99.99)": 0,
        "count": 10000
      }
    },
    "reponse_size_body": {
      "type": "trend",
      "contains": "default",
      "values": {
        "max": 609,
        "p(50)": 609,
        "p(90)": 609,
        "p(99)": 609,
        "p(99.99)": 609,
        "count": 10000,
        "avg": 609,
        "min": 609,
        "med": 609,
        "p(95)": 609
      }
    },
    "response_size": {
      "type": "trend",
      "contains": "default",
      "values": {
        "avg": 1130,
        "med": 1130,
        "max": 1130,
        "min": 1130,
        "p(50)": 1130,
        "p(90)": 1130,
        "p(95)": 1130,
        "p(99)": 1130,
        "p(99.99)": 1130,
        "count": 10000
      }
    },
    "http_req_duration{expected_response:true}": {
      "type": "trend",
      "contains": "time",
      "values": {
        "p(50)": 3.276268,
        "p(95)": 4.5457531,
        "p(99)": 7.477028460000018,
        "p(99.99)": 59.5743415757944,
        "min": 1.667644,
        "med": 3.276268,
        "p(90)": 4.077122,
        "count": 10000,
        "avg": 3.6184813598000045,
        "max": 67.489308
      }
    },
    "http_req_connecting": {
      "type": "trend",
      "contains": "time",
      "values": {
        "min": 0,
        "max": 0.442218,
        "p(50)": 0,
        "p(90)": 0,
        "p(95)": 0,
        "count": 10000,
        "avg": 0.0000442218,
        "med": 0,
        "p(99)": 0,
        "p(99.99)": 0.00004422179968725322
      }
    },
    "http_req_sending": {
      "values": {
        "avg": 0.024480649799999997,
        "min": 0.00608,
        "med": 0.023412000000000002,
        "p(50)": 0.023412000000000002,
        "p(90)": 0.031558300000000004,
        "p(99.99)": 0.35288401829987964,
        "max": 0.52305,
        "p(95)": 0.03468004999999998,
        "p(99)": 0.05323891000000004,
        "count": 10000
      },
      "type": "trend",
      "contains": "time"
    },
    "response_time": {
      "type": "trend",
      "contains": "default",
      "values": {
        "p(90)": 4.077122,
        "count": 10000,
        "min": 1.667644,
        "med": 3.276268,
        "max": 67.489308,
        "p(50)": 3.276268,
        "avg": 3.6184813598000045,
        "p(95)": 4.5457531,
        "p(99)": 7.477028460000018,
        "p(99.99)": 59.5743415757944
      }
    },
    "iterations": {
      "type": "counter",
      "contains": "default",
      "values": {
        "count": 10000,
        "rate": 256.97344249710346
      }
    },
    "http_req_waiting": {
      "type": "trend",
      "contains": "time",
      "values": {
        "p(90)": 3.8874062000000005,
        "p(95)": 4.347793149999999,
        "p(99.99)": 59.440154359294404,
        "count": 10000,
        "max": 67.352956,
        "min": 1.599445,
        "med": 3.124673,
        "p(50)": 3.124673,
        "p(99)": 6.429191740000006,
        "avg": 3.4105445787000006
      }
    },
    "data_sent": {
      "contains": "data",
      "values": {
        "rate": 105102.1379813153,
        "count": 4090000
      },
      "type": "counter"
    },
    "iteration_duration": {
      "contains": "time",
      "values": {
        "p(50)": 3.5321085,
        "p(90)": 4.3669545,
        "p(99)": 7.714780400000013,
        "count": 10000,
        "avg": 3.870725290999998,
        "min": 1.820318,
        "med": 3.5321085,
        "max": 67.797276,
        "p(95)": 4.833826199999998,
        "p(99.99)": 59.86631517539439
      },
      "type": "trend"
    }
  }
}