{
  "root_group": {
    "name": "",
    "path": "",
    "id": "d41d8cd98f00b204e9800998ecf8427e",
    "groups": [],
    "checks": [
        {
          "id": "548d37ca5f33793206f7832e7cea54fb",
          "passes": 10000,
          "fails": 0,
          "name": "is status 200",
          "path": "::is status 200"
        }
      ]
  },
  "options": {
    "summaryTimeUnit": "ms",
    "noColor": false,
    "summaryTrendStats": [
      "avg",
      "min",
      "med",
      "max",
      "p(50)",
      "p(90)",
      "p(95)",
      "p(99)",
      "p(99.99)",
      "count"
    ]
  },
  "state": {
    "isStdOutTTY": false,
    "isStdErrTTY": false,
    "testRunDurationMs": 34149.682423
  },
  "metrics": {
    "iterations": {
      "values": {
        "rate": 292.8284918182707,
        "count": 10000
      },
      "type": "counter",
      "contains": "default"
    },
    "http_req_connecting": {
      "values": {
        "p(99.99)": 0.00002048319985513808,
        "count": 10000,
        "med": 0,
        "p(90)": 0,
        "p(95)": 0,
        "p(99)": 0,
        "avg": 0.000020483199999999997,
        "min": 0,
        "max": 0.204832,
        "p(50)": 0
      },
      "type": "trend",
      "contains": "time"
    },
    "http_req_sending": {
      "type": "trend",
      "contains": "time",
      "values": {
        "avg": 0.022732147399999954,
        "p(50)": 0.022224,
        "p(90)": 0.026512700000000004,
        "p(99)": 0.05355695000000002,
        "p(99.99)": 0.36673495249996496,
        "count": 10000,
        "min": 0.008374,
        "med": 0.022224,
        "max": 0.416255,
        "p(95)": 0.029393349999999995
      }
    },
    "http_req_tls_handshaking": {
      "type": "trend",
      "contains": "time",
      "values": {
        "p(90)": 0,
        "p(99)": 0,
        "med": 0,
        "max": 0,
        "p(50)": 0,
        "p(95)": 0,
        "p(99.99)": 0,
        "count": 10000,
        "avg": 0,
        "min": 0
      }
    },
    "http_req_blocked": {
      "type": "trend",
      "contains": "time",
      "values": {
        "p(99)": 0.015409220000000006,
        "avg": 0.005677341599999985,
        "min": 0.002003,
        "med": 0.0053925,
        "p(50)": 0.0053925,
        "p(90)": 0.0068891,
        "p(95)": 0.008035,
        "max": 0.296322,
        "p(99.99)": 0.07259137529984175,
        "count": 10000
      }
    },
    "http_req_waiting": {
      "type": "trend",
      "contains": "time",
      "values": {
        "p(95)": 3.760453049999999,
        "min": 1.466057,
        "max": 58.34977,
        "p(50)": 2.9534205,
        "p(90)": 3.4649555,
        "p(99)": 4.948404680000006,
        "p(99.99)": 54.51350166519728,
        "count": 10000,
        "avg": 3.0159271135999983,
        "med": 2.9534205
      }
    },
    "response_size": {
      "values": {
        "avg": 2090,
        "med": 2090,
        "p(90)": 2090,
        "p(95)": 2090,
        "p(99.99)": 2090,
        "min": 2090,
        "max": 2090,
        "p(50)": 2090,
        "p(99)": 2090,
        "count": 10000
      },
      "type": "trend",
      "contains": "default"
    },
    "checks": {
      "type": "rate",
      "contains": "default",
      "values": {
        "fails": 0,
        "rate": 1,
        "passes": 10000
      }
    },
    "http_req_failed": {
      "type": "rate",
      "contains": "default",
      "values": {
        "rate": 0,
        "passes": 0,
        "fails": 10000
      }
    },
    "reponse_size_body": {
      "contains": "default",
      "values": {
        "p(50)": 1569,
        "p(90)": 1569,
        "p(99)": 1569,
        "count": 10000,
        "avg": 1569,
        "min": 1569,
        "med": 1569,
        "max": 1569,
        "p(95)": 1569,
        "p(99.99)": 1569
      },
      "type": "trend"
    },
    "http_req_duration": {
      "contains": "time",
      "values": {
        "min": 1.536801,
        "med": 3.0800799999999997,
        "p(99.99)": 54.89210666749749,
        "count": 10000,
        "avg": 3.151277748899991,
        "max": 58.448426,
        "p(50)": 3.0800799999999997,
        "p(90)": 3.6030834,
        "p(95)": 3.91203215,
        "p(99)": 5.174255460000004
      },
      "type": "trend"
    },
    "http_reqs": {
      "type": "counter",
      "contains": "default",
      "values": {
        "count": 10000,
        "rate": 292.8284918182707
      }
    },
    "data_received": {
      "values": {
        "count": 21589847,
        "rate": 632212.2335597217
      },
      "type": "counter",
      "contains": "data"
    },
    "response_time": {
      "type": "trend",
      "contains": "default",
      "values": {
        "p(50)": 3.0800799999999997,
        "p(90)": 3.6030834,
        "p(95)": 3.91203215,
        "p(99.99)": 54.89210666749749,
        "count": 10000,
        "min": 1.536801,
        "max": 58.448426,
        "p(99)": 5.174255460000004,
        "avg": 3.151277748899991,
        "med": 3.0800799999999997
      }
    },
    "vus_max": {
      "type": "gauge",
      "contains": "default",
      "values": {
        "max": 1,
        "value": 1,
        "min": 1
      }
    },
    "data_sent": {
      "type": "counter",
      "contains": "data",
      "values": {
        "count": 4090000,
        "rate": 119766.85315367274
      }
    },
    "iteration_duration": {
      "contains": "time",
      "values": {
        "p(50)": 3.3267905000000004,
        "p(90)": 3.8763562,
        "p(99.99)": 55.178384135397515,
        "count": 10000,
        "min": 1.674357,
        "med": 3.3267905000000004,
        "max": 58.689387,
        "avg": 3.3955282675999836,
        "p(95)": 4.19976855,
        "p(99)": 5.4629611000000065
      },
      "type": "trend"
    },
    "http_req_receiving": {
      "type": "trend",
      "contains": "time",
      "values": {
        "max": 33.08214,
        "p(90)": 0.1473109,
        "p(95)": 0.19572139999999996,
        "p(99.99)": 25.17971532149441,
        "med": 0.0898895,
        "min": 0.036231,
        "p(50)": 0.0898895,
        "p(99)": 0.2933519300000001,
        "count": 10000,
        "avg": 0.11261848790000019
      }
    },
    "vus": {
      "values": {
        "value": 1,
        "min": 1,
        "max": 1
      },
      "type": "gauge",
      "contains": "default"
    },
    "http_req_duration{expected_response:true}": {
      "type": "trend",
      "contains": "time",
      "values": {
        "med": 3.0800799999999997,
        "max": 58.448426,
        "p(50)": 3.0800799999999997,
        "p(90)": 3.6030834,
        "p(95)": 3.91203215,
        "p(99.99)": 54.89210666749749,
        "count": 10000,
        "avg": 3.151277748899991,
        "p(99)": 5.174255460000004,
        "min": 1.536801
      }
    }
  }
}