{
  "root_group": {
    "id": "d41d8cd98f00b204e9800998ecf8427e",
    "groups": [],
    "checks": [
        {
          "name": "is status 200",
          "path": "::is status 200",
          "id": "548d37ca5f33793206f7832e7cea54fb",
          "passes": 1000,
          "fails": 0
        }
      ],
    "name": "",
    "path": ""
  },
  "options": {
    "summaryTrendStats": [
      "avg",
      "min",
      "med",
      "max",
      "p(50)",
      "p(90)",
      "p(95)",
      "p(99)",
      "p(99.99)",
      "count"
    ],
    "summaryTimeUnit": "ms",
    "noColor": false
  },
  "state": {
    "isStdOutTTY": false,
    "isStdErrTTY": false,
    "testRunDurationMs": 3706.498679
  },
  "metrics": {
    "reponse_size_body": {
      "type": "trend",
      "contains": "default",
      "values": {
        "avg": 20849,
        "min": 20849,
        "med": 20849,
        "p(50)": 20849,
        "count": 1000,
        "max": 20849,
        "p(90)": 20849,
        "p(95)": 20849,
        "p(99)": 20849,
        "p(99.99)": 20849
      }
    },
    "http_req_tls_handshaking": {
      "contains": "time",
      "values": {
        "min": 0,
        "med": 0,
        "p(50)": 0,
        "p(90)": 0,
        "p(95)": 0,
        "avg": 0,
        "max": 0,
        "p(99)": 0,
        "p(99.99)": 0,
        "count": 1000
      },
      "type": "trend"
    },
    "http_req_receiving": {
      "type": "trend",
      "contains": "time",
      "values": {
        "avg": 0.2306333740000001,
        "min": 0.062824,
        "max": 1.355945,
        "p(50)": 0.216349,
        "med": 0.216349,
        "p(90)": 0.3513813,
        "p(95)": 0.3941766999999999,
        "p(99)": 0.5235743199999998,
        "p(99.99)": 1.3482265261999962,
        "count": 1000
      }
    },
    "vus_max": {
      "type": "gauge",
      "contains": "default",
      "values": {
        "value": 1,
        "min": 1,
        "max": 1
      }
    },
    "http_reqs": {
      "values": {
        "count": 1000,
        "rate": 269.7963999463225
      },
      "type": "counter",
      "contains": "default"
    },
    "http_req_duration": {
      "type": "trend",
      "contains": "time",
      "values": {
        "med": 3.3210075000000003,
        "max": 11.494597,
        "p(90)": 3.822858,
        "p(95)": 4.071426849999999,
        "p(99.99)": 11.181934974999852,
        "avg": 3.3160714510000036,
        "min": 1.905897,
        "count": 1000,
        "p(50)": 3.3210075000000003,
        "p(99)": 5.659185979999999
      }
    },
    "data_sent": {
      "contains": "data",
      "values": {
        "count": 397000,
        "rate": 107109.17077869002
      },
      "type": "counter"
    },
    "vus": {
      "contains": "default",
      "values": {
        "value": 1,
        "min": 1,
        "max": 1
      },
      "type": "gauge"
    },
    "http_req_waiting": {
      "type": "trend",
      "contains": "time",
      "values": {
        "p(99)": 5.375835449999999,
        "count": 1000,
        "avg": 3.0596735770000016,
        "min": 1.809649,
        "med": 3.0524095,
        "max": 11.189315,
        "p(50)": 3.0524095,
        "p(90)": 3.532302,
        "p(95)": 3.7750239499999996,
        "p(99.99)": 10.890158256199857
      }
    },
    "data_received": {
      "values": {
        "count": 21465001,
        "rate": 5791179.994644213
      },
      "type": "counter",
      "contains": "data"
    },
    "http_req_blocked": {
      "contains": "time",
      "values": {
        "p(90)": 0.007725200000000001,
        "p(95)": 0.00851655,
        "p(99)": 0.01625960999999997,
        "p(99.99)": 0.3227074958999907,
        "count": 1000,
        "avg": 0.00658263900000001,
        "p(50)": 0.0057905000000000005,
        "max": 0.342084,
        "min": 0.002362,
        "med": 0.0057905000000000005
      },
      "type": "trend"
    },
    "checks": {
      "type": "rate",
      "contains": "default",
      "values": {
        "fails": 0,
        "rate": 1,
        "passes": 1000
      }
    },
    "response_size": {
      "contains": "default",
      "values": {
        "count": 1000,
        "max": 21372,
        "p(50)": 21372,
        "p(99.99)": 21372,
        "p(90)": 21372,
        "p(95)": 21372,
        "p(99)": 21372,
        "avg": 21372,
        "min": 21372,
        "med": 21372
      },
      "type": "trend"
    },
    "http_req_connecting": {
      "type": "trend",
      "contains": "time",
      "values": {
        "min": 0,
        "max": 0.221183,
        "p(90)": 0,
        "p(99)": 0,
        "count": 1000,
        "avg": 0.00022118299999999999,
        "p(50)": 0,
        "p(95)": 0,
        "p(99.99)": 0.19908681829998942,
        "med": 0
      }
    },
    "iterations": {
      "type": "counter",
      "contains": "default",
      "values": {
        "count": 1000,
        "rate": 269.7963999463225
      }
    },
    "response_time": {
      "type": "trend",
      "contains": "default",
      "values": {
        "p(50)": 3.3210075000000003,
        "p(90)": 3.822858,
        "p(95)": 4.071426849999999,
        "p(99.99)": 11.181934974999852,
        "count": 1000,
        "avg": 3.3160714510000036,
        "med": 3.3210075000000003,
        "max": 11.494597,
        "min": 1.905897,
        "p(99)": 5.659185979999999
      }
    },
    "http_req_duration{expected_response:true}": {
      "type": "trend",
      "contains": "time",
      "values": {
        "p(95)": 4.071426849999999,
        "p(99)": 5.659185979999999,
        "count": 1000,
        "avg": 3.3160714510000036,
        "med": 3.3210075000000003,
        "max": 11.494597,
        "p(99.99)": 11.181934974999852,
        "min": 1.905897,
        "p(50)": 3.3210075000000003,
        "p(90)": 3.822858
      }
    },
    "http_req_failed": {
      "type": "rate",
      "contains": "default",
      "values": {
        "rate": 0,
        "passes": 0,
        "fails": 1000
      }
    },
    "http_req_sending": {
      "type": "trend",
      "contains": "time",
      "values": {
        "min": 0.010336,
        "med": 0.024242,
        "p(99.99)": 0.28222285499999816,
        "avg": 0.025764500000000013,
        "max": 0.286074,
        "p(50)": 0.024242,
        "p(90)": 0.028592000000000003,
        "p(95)": 0.035079699999999985,
        "p(99)": 0.08615043999999995,
        "count": 1000
      }
    },
    "iteration_duration": {
      "type": "trend",
      "contains": "time",
      "values": {
        "count": 1000,
        "p(95)": 4.551833349999998,
        "min": 2.116138,
        "med": 3.6841175,
        "max": 12.585793,
        "p(50)": 3.6841175,
        "p(90)": 4.2450586999999995,
        "p(99)": 6.08821878,
        "p(99.99)": 12.195560223399813,
        "avg": 3.6844676690000013
      }
    }
  }
}