{
  "root_group": {
    "groups": [],
    "checks": [
        {
          "path": "::is status 200",
          "id": "548d37ca5f33793206f7832e7cea54fb",
          "passes": 1000,
          "fails": 0,
          "name": "is status 200"
        }
      ],
    "name": "",
    "path": "",
    "id": "d41d8cd98f00b204e9800998ecf8427e"
  },
  "options": {
    "summaryTrendStats": [
      "avg",
      "min",
      "med",
      "max",
      "p(50)",
      "p(90)",
      "p(95)",
      "p(99)",
      "p(99.99)",
      "count"
    ],
    "summaryTimeUnit": "ms",
    "noColor": false
  },
  "state": {
    "isStdOutTTY": false,
    "isStdErrTTY": false,
    "testRunDurationMs": 3536.384269
  },
  "metrics": {
    "http_req_duration{expected_response:true}": {
      "type": "trend",
      "contains": "time",
      "values": {
        "avg": 3.162770646000002,
        "med": 3.0956285,
        "max": 12.4467,
        "p(50)": 3.0956285,
        "p(90)": 3.7299566,
        "p(95)": 3.97499825,
        "p(99)": 5.39827861,
        "min": 1.934953,
        "p(99.99)": 11.955821469899764,
        "count": 1000
      }
    },
    "response_size": {
      "contains": "default",
      "values": {
        "count": 1000,
        "avg": 21370,
        "max": 21370,
        "p(50)": 21370,
        "p(90)": 21370,
        "p(99)": 21370,
        "p(99.99)": 21370,
        "min": 21370,
        "med": 21370,
        "p(95)": 21370
      },
      "type": "trend"
    },
    "checks": {
      "values": {
        "passes": 1000,
        "fails": 0,
        "rate": 1
      },
      "type": "rate",
      "contains": "default"
    },
    "iteration_duration": {
      "type": "trend",
      "contains": "time",
      "values": {
        "med": 3.448308,
        "p(95)": 4.414706399999999,
        "count": 1000,
        "avg": 3.515158601999998,
        "min": 2.233698,
        "max": 13.514139,
        "p(50)": 3.448308,
        "p(90)": 4.127695,
        "p(99)": 5.7170909199999995,
        "p(99.99)": 12.954544554599732
      }
    },
    "http_req_duration": {
      "type": "trend",
      "contains": "time",
      "values": {
        "avg": 3.162770646000002,
        "p(90)": 3.7299566,
        "p(99.99)": 11.955821469899764,
        "p(95)": 3.97499825,
        "p(99)": 5.39827861,
        "count": 1000,
        "min": 1.934953,
        "med": 3.0956285,
        "max": 12.4467,
        "p(50)": 3.0956285
      }
    },
    "http_req_sending": {
      "type": "trend",
      "contains": "time",
      "values": {
        "avg": 0.02336140800000001,
        "min": 0.010193,
        "max": 0.235699,
        "p(90)": 0.0274065,
        "p(99.99)": 0.2256972117999952,
        "med": 0.022366499999999997,
        "p(50)": 0.022366499999999997,
        "p(95)": 0.03138585,
        "p(99)": 0.060595369999999996,
        "count": 1000
      }
    },
    "http_req_tls_handshaking": {
      "type": "trend",
      "contains": "time",
      "values": {
        "p(95)": 0,
        "count": 1000,
        "p(50)": 0,
        "p(90)": 0,
        "p(99)": 0,
        "p(99.99)": 0,
        "avg": 0,
        "min": 0,
        "med": 0,
        "max": 0
      }
    },
    "iterations": {
      "type": "counter",
      "contains": "default",
      "values": {
        "count": 1000,
        "rate": 282.77469978758126
      }
    },
    "vus": {
      "type": "gauge",
      "contains": "default",
      "values": {
        "value": 1,
        "min": 1,
        "max": 1
      }
    },
    "http_reqs": {
      "type": "counter",
      "contains": "default",
      "values": {
        "count": 1000,
        "rate": 282.77469978758126
      }
    },
    "http_req_blocked": {
      "type": "trend",
      "contains": "time",
      "values": {
        "p(50)": 0.005528,
        "p(90)": 0.007088800000000001,
        "p(95)": 0.008424449999999998,
        "p(99)": 0.016582719999999995,
        "count": 1000,
        "avg": 0.006168716999999998,
        "min": 0.002665,
        "med": 0.005528,
        "max": 0.412085,
        "p(99.99)": 0.3747846376999821
      }
    },
    "http_req_waiting": {
      "type": "trend",
      "contains": "time",
      "values": {
        "count": 1000,
        "avg": 2.9331528910000024,
        "p(50)": 2.8715954999999997,
        "p(95)": 3.7526458,
        "p(99)": 5.2590144,
        "p(99.99)": 11.67074758239977,
        "min": 1.810479,
        "med": 2.8715954999999997,
        "max": 12.149251,
        "p(90)": 3.4303387
      }
    },
    "data_received": {
      "type": "counter",
      "contains": "data",
      "values": {
        "count": 21462791,
        "rate": 6069134.281628601
      }
    },
    "reponse_size_body": {
      "values": {
        "p(50)": 20847,
        "p(90)": 20847,
        "p(95)": 20847,
        "p(99)": 20847,
        "avg": 20847,
        "min": 20847,
        "med": 20847,
        "max": 20847,
        "p(99.99)": 20847,
        "count": 1000
      },
      "type": "trend",
      "contains": "default"
    },
    "data_sent": {
      "type": "counter",
      "contains": "data",
      "values": {
        "count": 397000,
        "rate": 112261.55581566975
      }
    },
    "response_time": {
      "values": {
        "p(99.99)": 11.955821469899764,
        "avg": 3.162770646000002,
        "p(50)": 3.0956285,
        "p(99)": 5.39827861,
        "p(90)": 3.7299566,
        "p(95)": 3.97499825,
        "count": 1000,
        "min": 1.934953,
        "med": 3.0956285,
        "max": 12.4467
      },
      "type": "trend",
      "contains": "default"
    },
    "http_req_connecting": {
      "type": "trend",
      "contains": "time",
      "values": {
        "avg": 0.000309105,
        "med": 0,
        "p(90)": 0,
        "p(95)": 0,
        "p(99)": 0,
        "count": 1000,
        "min": 0,
        "max": 0.309105,
        "p(50)": 0,
        "p(99.99)": 0.2782254104999852
      }
    },
    "http_req_receiving": {
      "type": "trend",
      "contains": "time",
      "values": {
        "p(95)": 0.34897485,
        "p(99)": 0.4275300999999999,
        "avg": 0.20625634699999995,
        "min": 0.069687,
        "med": 0.192018,
        "max": 0.561554,
        "p(50)": 0.192018,
        "p(90)": 0.3211272,
        "p(99.99)": 0.5593003558999989,
        "count": 1000
      }
    },
    "http_req_failed": {
      "type": "rate",
      "contains": "default",
      "values": {
        "passes": 0,
        "fails": 1000,
        "rate": 0
      }
    },
    "vus_max": {
      "type": "gauge",
      "contains": "default",
      "values": {
        "value": 1,
        "min": 1,
        "max": 1
      }
    }
  }
}