{
  "state": {
    "isStdErrTTY": false,
    "testRunDurationMs": 13499.778719,
    "isStdOutTTY": false
  },
  "metrics": {
    "http_reqs": {
      "values": {
        "count": 1000,
        "rate": 74.07528825584153
      },
      "type": "counter",
      "contains": "default"
    },
    "http_req_duration{expected_response:true}": {
      "contains": "time",
      "values": {
        "min": 7.707442,
        "p(99)": 48.31642448,
        "p(99.99)": 88.61676191309992,
        "count": 1000,
        "p(95)": 28.828959700000002,
        "avg": 13.170730401000004,
        "med": 9.8284315,
        "max": 88.779612,
        "p(50)": 9.8284315,
        "p(90)": 21.557083199999997
      },
      "type": "trend"
    },
    "response_time": {
      "type": "trend",
      "contains": "default",
      "values": {
        "min": 7.707442,
        "med": 9.8284315,
        "max": 88.779612,
        "p(50)": 9.8284315,
        "p(90)": 21.557083199999997,
        "p(95)": 28.828959700000002,
        "p(99.99)": 88.61676191309992,
        "avg": 13.170730401000004,
        "count": 1000,
        "p(99)": 48.31642448
      }
    },
    "data_received": {
      "type": "counter",
      "contains": "data",
      "values": {
        "count": 613882,
        "rate": 45473.4861050725
      }
    },
    "vus": {
      "contains": "default",
      "values": {
        "value": 1,
        "min": 1,
        "max": 1
      },
      "type": "gauge"
    },
    "http_req_duration": {
      "type": "trend",
      "contains": "time",
      "values": {
        "p(99.99)": 88.61676191309992,
        "avg": 13.170730401000004,
        "min": 7.707442,
        "med": 9.8284315,
        "max": 88.779612,
        "p(50)": 9.8284315,
        "p(90)": 21.557083199999997,
        "p(95)": 28.828959700000002,
        "p(99)": 48.31642448,
        "count": 1000
      }
    },
    "iterations": {
      "type": "counter",
      "contains": "default",
      "values": {
        "count": 1000,
        "rate": 74.07528825584153
      }
    },
    "http_req_receiving": {
      "type": "trend",
      "contains": "time",
      "values": {
        "max": 8.540011,
        "avg": 0.10875325999999991,
        "min": 0.045173,
        "med": 0.077014,
        "p(99)": 0.23039167,
        "p(99.99)": 8.368438544199918,
        "count": 1000,
        "p(50)": 0.077014,
        "p(90)": 0.1051335,
        "p(95)": 0.12091104999999998
      }
    },
    "data_sent": {
      "type": "counter",
      "contains": "data",
      "values": {
        "count": 490401,
        "rate": 36326.595435952935
      }
    },
    "http_req_tls_handshaking": {
      "type": "trend",
      "contains": "time",
      "values": {
        "p(95)": 0,
        "avg": 0,
        "min": 0,
        "med": 0,
        "p(50)": 0,
        "p(90)": 0,
        "max": 0,
        "p(99)": 0,
        "p(99.99)": 0,
        "count": 1000
      }
    },
    "http_req_sending": {
      "type": "trend",
      "contains": "time",
      "values": {
        "max": 0.489627,
        "p(99.99)": 0.4780366019999944,
        "count": 1000,
        "avg": 0.025279197000000007,
        "min": 0.012292,
        "med": 0.021243,
        "p(50)": 0.021243,
        "p(90)": 0.0323366,
        "p(95)": 0.03782865,
        "p(99)": 0.09391255999999991
      }
    },
    "http_req_blocked": {
      "type": "trend",
      "contains": "time",
      "values": {
        "p(95)": 0.009500649999999998,
        "min": 0.002432,
        "max": 0.485016,
        "p(50)": 0.0042535,
        "p(90)": 0.007509300000000002,
        "count": 1000,
        "avg": 0.008323048000000013,
        "med": 0.0042535,
        "p(99)": 0.17783296999999984,
        "p(99.99)": 0.47553928619999547
      }
    },
    "vus_max": {
      "type": "gauge",
      "contains": "default",
      "values": {
        "value": 1,
        "min": 1,
        "max": 1
      }
    },
    "checks": {
      "contains": "default",
      "values": {
        "rate": 1,
        "passes": 1000,
        "fails": 0
      },
      "type": "rate"
    },
    "reponse_size": {
      "type": "trend",
      "contains": "default",
      "values": {
        "max": 206,
        "p(90)": 206,
        "p(95)": 206,
        "p(99)": 206,
        "count": 1000,
        "avg": 205.172,
        "min": 201,
        "med": 205,
        "p(50)": 205,
        "p(99.99)": 206
      }
    },
    "http_req_connecting": {
      "contains": "time",
      "values": {
        "p(99)": 0.0011984999999989099,
        "min": 0,
        "max": 0.354368,
        "p(50)": 0,
        "p(90)": 0,
        "p(95)": 0,
        "p(99.99)": 0.34823144269999706,
        "count": 1000,
        "avg": 0.002119162,
        "med": 0
      },
      "type": "trend"
    },
    "http_req_waiting": {
      "type": "trend",
      "contains": "time",
      "values": {
        "avg": 13.036697943999991,
        "med": 9.7082235,
        "max": 88.619701,
        "p(99)": 48.20785336,
        "min": 7.621383,
        "p(50)": 9.7082235,
        "p(90)": 21.4473956,
        "p(95)": 28.671041849999998,
        "p(99.99)": 88.45396030659992,
        "count": 1000
      }
    },
    "http_req_failed": {
      "type": "rate",
      "contains": "default",
      "values": {
        "rate": 0,
        "passes": 0,
        "fails": 1000
      }
    },
    "iteration_duration": {
      "type": "trend",
      "contains": "time",
      "values": {
        "avg": 13.480562866000007,
        "med": 10.124303999999999,
        "p(50)": 10.124303999999999,
        "p(90)": 21.855052,
        "min": 8.021497,
        "max": 89.151089,
        "p(95)": 29.08509685,
        "p(99)": 48.774738310000004,
        "p(99.99)": 89.05449249319996,
        "count": 1000
      }
    }
  },
  "root_group": {
    "groups": [],
    "checks": [
        {
          "name": "is status 200",
          "path": "::is status 200",
          "id": "548d37ca5f33793206f7832e7cea54fb",
          "passes": 1000,
          "fails": 0
        }
      ],
    "name": "",
    "path": "",
    "id": "d41d8cd98f00b204e9800998ecf8427e"
  },
  "options": {
    "noColor": false,
    "summaryTrendStats": [
      "avg",
      "min",
      "med",
      "max",
      "p(50)",
      "p(90)",
      "p(95)",
      "p(99)",
      "p(99.99)",
      "count"
    ],
    "summaryTimeUnit": "ms"
  }
}