{
  "root_group": {
    "path": "",
    "id": "d41d8cd98f00b204e9800998ecf8427e",
    "groups": [],
    "checks": [
        {
          "path": "::is status 200",
          "id": "548d37ca5f33793206f7832e7cea54fb",
          "passes": 1000,
          "fails": 0,
          "name": "is status 200"
        }
      ],
    "name": ""
  },
  "options": {
    "summaryTrendStats": [
      "avg",
      "min",
      "med",
      "max",
      "p(50)",
      "p(90)",
      "p(95)",
      "p(99)",
      "p(99.99)",
      "count"
    ],
    "summaryTimeUnit": "ms",
    "noColor": false
  },
  "state": {
    "isStdOutTTY": false,
    "isStdErrTTY": false,
    "testRunDurationMs": 18500.99669
  },
  "metrics": {
    "response_time": {
      "values": {
        "max": 82.016065,
        "p(50)": 15.685096,
        "p(95)": 30.7030752,
        "p(99)": 34.47086650999999,
        "p(99.99)": 81.91795530789994,
        "avg": 18.278873121999997,
        "min": 12.833291,
        "med": 15.685096,
        "p(90)": 28.3865993,
        "count": 1000
      },
      "type": "trend",
      "contains": "default"
    },
    "iteration_duration": {
      "contains": "time",
      "values": {
        "avg": 18.482795012,
        "med": 15.876357500000001,
        "count": 1000,
        "p(90)": 28.6048405,
        "p(95)": 30.873084299999995,
        "p(99)": 34.68626687,
        "p(99.99)": 82.14959919609996,
        "min": 13.000378,
        "max": 82.239805,
        "p(50)": 15.876357500000001
      },
      "type": "trend"
    },
    "http_reqs": {
      "type": "counter",
      "contains": "default",
      "values": {
        "rate": 54.05114204147236,
        "count": 1000
      }
    },
    "http_req_failed": {
      "type": "rate",
      "contains": "default",
      "values": {
        "passes": 0,
        "fails": 1000,
        "rate": 0
      }
    },
    "reponse_size": {
      "type": "trend",
      "contains": "default",
      "values": {
        "p(99)": 97,
        "p(99.99)": 97,
        "count": 1000,
        "max": 97,
        "p(50)": 97,
        "p(95)": 97,
        "p(90)": 97,
        "avg": 97,
        "min": 97,
        "med": 97
      }
    },
    "http_req_sending": {
      "contains": "time",
      "values": {
        "med": 0.015300999999999999,
        "p(50)": 0.015300999999999999,
        "p(95)": 0.026361399999999993,
        "p(99.99)": 0.4447017412999971,
        "count": 1000,
        "avg": 0.01816061500000001,
        "min": 0.009758,
        "max": 0.450737,
        "p(90)": 0.022336500000000002,
        "p(99)": 0.043060009999999996
      },
      "type": "trend"
    },
    "http_req_connecting": {
      "type": "trend",
      "contains": "time",
      "values": {
        "count": 1000,
        "min": 0,
        "max": 0.174063,
        "p(95)": 0,
        "p(99)": 0,
        "p(99.99)": 0.15667410629999168,
        "avg": 0.000174063,
        "med": 0,
        "p(50)": 0,
        "p(90)": 0
      }
    },
    "vus_max": {
      "type": "gauge",
      "contains": "default",
      "values": {
        "value": 1,
        "min": 1,
        "max": 1
      }
    },
    "http_req_duration": {
      "type": "trend",
      "contains": "time",
      "values": {
        "p(50)": 15.685096,
        "p(99)": 34.47086650999999,
        "p(99.99)": 81.91795530789994,
        "count": 1000,
        "avg": 18.278873121999997,
        "min": 12.833291,
        "med": 15.685096,
        "max": 82.016065,
        "p(90)": 28.3865993,
        "p(95)": 30.7030752
      }
    },
    "vus": {
      "type": "gauge",
      "contains": "default",
      "values": {
        "max": 1,
        "value": 1,
        "min": 1
      }
    },
    "http_req_receiving": {
      "type": "trend",
      "contains": "time",
      "values": {
        "med": 0.07922850000000001,
        "p(50)": 0.07922850000000001,
        "p(90)": 0.1118886,
        "p(95)": 0.25621529999999976,
        "p(99)": 0.54417205,
        "p(99.99)": 7.1545729936998566,
        "avg": 0.11107162800000016,
        "max": 7.453967,
        "count": 1000,
        "min": 0.048494
      }
    },
    "checks": {
      "type": "rate",
      "contains": "default",
      "values": {
        "rate": 1,
        "passes": 1000,
        "fails": 0
      }
    },
    "data_received": {
      "type": "counter",
      "contains": "data",
      "values": {
        "count": 683414,
        "rate": 36939.30718713079
      }
    },
    "http_req_tls_handshaking": {
      "type": "trend",
      "contains": "time",
      "values": {
        "avg": 0,
        "p(90)": 0,
        "p(99.99)": 0,
        "count": 1000,
        "min": 0,
        "med": 0,
        "max": 0,
        "p(50)": 0,
        "p(95)": 0,
        "p(99)": 0
      }
    },
    "http_req_waiting": {
      "values": {
        "min": 12.732132,
        "max": 81.899592,
        "p(50)": 15.561391,
        "p(99)": 34.38026127,
        "count": 1000,
        "avg": 18.149640878999968,
        "med": 15.561391,
        "p(90)": 28.29422,
        "p(95)": 30.605105449999996,
        "p(99.99)": 81.78378482309994
      },
      "type": "trend",
      "contains": "time"
    },
    "http_req_duration{expected_response:true}": {
      "type": "trend",
      "contains": "time",
      "values": {
        "p(95)": 30.7030752,
        "p(99.99)": 81.91795530789994,
        "min": 12.833291,
        "p(50)": 15.685096,
        "p(90)": 28.3865993,
        "p(99)": 34.47086650999999,
        "count": 1000,
        "avg": 18.278873121999997,
        "med": 15.685096,
        "max": 82.016065
      }
    },
    "data_sent": {
      "contains": "data",
      "values": {
        "count": 384000,
        "rate": 20755.638543925386
      },
      "type": "counter"
    },
    "iterations": {
      "type": "counter",
      "contains": "default",
      "values": {
        "count": 1000,
        "rate": 54.05114204147236
      }
    },
    "http_req_blocked": {
      "type": "trend",
      "contains": "time",
      "values": {
        "max": 0.270511,
        "p(50)": 0.004099500000000001,
        "p(99)": 0.018308159999999993,
        "p(99.99)": 0.2521060233999912,
        "avg": 0.005150994000000002,
        "min": 0.002435,
        "med": 0.004099500000000001,
        "p(90)": 0.006458300000000002,
        "p(95)": 0.009555499999999998,
        "count": 1000
      }
    }
  }
}