{
  "options": {
    "summaryTrendStats": [
      "avg",
      "min",
      "med",
      "max",
      "p(50)",
      "p(90)",
      "p(95)",
      "p(99)",
      "p(99.99)",
      "count"
    ],
    "summaryTimeUnit": "ms",
    "noColor": false
  },
  "state": {
    "isStdOutTTY": false,
    "isStdErrTTY": false,
    "testRunDurationMs": 19459.631279
  },
  "metrics": {
    "response_time": {
      "values": {
        "min": 12.363399,
        "p(95)": 29.914983749999998,
        "p(99)": 33.35164498999999,
        "p(99.99)": 93.09631932819823,
        "avg": 19.147892126000027,
        "med": 15.4250145,
        "max": 96.759181,
        "p(50)": 15.4250145,
        "p(90)": 28.479422500000002,
        "count": 1000
      },
      "type": "trend",
      "contains": "default"
    },
    "vus": {
      "type": "gauge",
      "contains": "default",
      "values": {
        "value": 1,
        "min": 1,
        "max": 1
      }
    },
    "http_req_connecting": {
      "type": "trend",
      "contains": "time",
      "values": {
        "p(50)": 0,
        "p(90)": 0,
        "p(99.99)": 0.3390654990999964,
        "count": 1000,
        "avg": 0.001975873,
        "min": 0,
        "max": 0.346657,
        "med": 0,
        "p(95)": 0,
        "p(99)": 0.0011384799999989647
      }
    },
    "http_reqs": {
      "type": "counter",
      "contains": "default",
      "values": {
        "count": 1000,
        "rate": 51.3884351487768
      }
    },
    "http_req_sending": {
      "type": "trend",
      "contains": "time",
      "values": {
        "p(50)": 0.019827,
        "p(90)": 0.0300188,
        "p(99)": 0.08803859999999984,
        "p(99.99)": 0.24234821769999956,
        "count": 1000,
        "avg": 0.023618431999999995,
        "min": 0.011589,
        "p(95)": 0.03715929999999999,
        "med": 0.019827,
        "max": 0.243265
      }
    },
    "iterations": {
      "type": "counter",
      "contains": "default",
      "values": {
        "rate": 51.3884351487768,
        "count": 1000
      }
    },
    "vus_max": {
      "type": "gauge",
      "contains": "default",
      "values": {
        "value": 1,
        "min": 1,
        "max": 1
      }
    },
    "http_req_duration{expected_response:true}": {
      "values": {
        "max": 96.759181,
        "min": 12.363399,
        "med": 15.4250145,
        "p(90)": 28.479422500000002,
        "p(95)": 29.914983749999998,
        "p(99)": 33.35164498999999,
        "p(99.99)": 93.09631932819823,
        "count": 1000,
        "avg": 19.147892126000027,
        "p(50)": 15.4250145
      },
      "type": "trend",
      "contains": "time"
    },
    "http_req_blocked": {
      "type": "trend",
      "contains": "time",
      "values": {
        "p(50)": 0.0040275,
        "p(90)": 0.006323400000000001,
        "p(95)": 0.009642149999999999,
        "p(99.99)": 0.42786094619999465,
        "med": 0.0040275,
        "max": 0.438996,
        "p(99)": 0.1578481999999998,
        "count": 1000,
        "avg": 0.007489557000000012,
        "min": 0.002432
      }
    },
    "reponse_size": {
      "type": "trend",
      "contains": "default",
      "values": {
        "p(90)": 206,
        "p(99)": 206,
        "med": 206,
        "p(50)": 206,
        "max": 206,
        "p(95)": 206,
        "p(99.99)": 206,
        "count": 1000,
        "avg": 205.79,
        "min": 203
      }
    },
    "data_sent": {
      "contains": "data",
      "values": {
        "count": 491000,
        "rate": 25231.72165804941
      },
      "type": "counter"
    },
    "http_req_duration": {
      "values": {
        "min": 12.363399,
        "max": 96.759181,
        "p(95)": 29.914983749999998,
        "p(99)": 33.35164498999999,
        "p(99.99)": 93.09631932819823,
        "count": 1000,
        "avg": 19.147892126000027,
        "med": 15.4250145,
        "p(50)": 15.4250145,
        "p(90)": 28.479422500000002
      },
      "type": "trend",
      "contains": "time"
    },
    "iteration_duration": {
      "type": "trend",
      "contains": "time",
      "values": {
        "p(95)": 30.197455899999998,
        "count": 1000,
        "avg": 19.441283434999974,
        "min": 12.761141,
        "med": 15.711598,
        "p(50)": 15.711598,
        "max": 97.137797,
        "p(90)": 28.7835537,
        "p(99)": 33.608983089999995,
        "p(99.99)": 93.46885271689825
      }
    },
    "http_req_waiting": {
      "type": "trend",
      "contains": "time",
      "values": {
        "max": 96.650523,
        "p(95)": 29.831206299999998,
        "p(99.99)": 92.98720158839825,
        "p(90)": 28.372522099999998,
        "p(99)": 33.26684177999999,
        "count": 1000,
        "avg": 19.027002066999998,
        "min": 12.269626,
        "med": 15.302433,
        "p(50)": 15.302433
      }
    },
    "http_req_failed": {
      "type": "rate",
      "contains": "default",
      "values": {
        "passes": 0,
        "fails": 1000,
        "rate": 0
      }
    },
    "http_req_tls_handshaking": {
      "type": "trend",
      "contains": "time",
      "values": {
        "count": 1000,
        "avg": 0,
        "p(50)": 0,
        "p(90)": 0,
        "p(95)": 0,
        "p(99)": 0,
        "p(99.99)": 0,
        "min": 0,
        "med": 0,
        "max": 0
      }
    },
    "http_req_receiving": {
      "type": "trend",
      "contains": "time",
      "values": {
        "max": 9.745368,
        "p(90)": 0.1017007,
        "p(95)": 0.12048944999999987,
        "p(99.99)": 9.294828890099783,
        "min": 0.044576,
        "med": 0.07579849999999999,
        "p(50)": 0.07579849999999999,
        "p(99)": 0.26086977999999994,
        "count": 1000,
        "avg": 0.09727162700000008
      }
    },
    "checks": {
      "contains": "default",
      "values": {
        "rate": 1,
        "passes": 1000,
        "fails": 0
      },
      "type": "rate"
    },
    "data_received": {
      "type": "counter",
      "contains": "data",
      "values": {
        "count": 614500,
        "rate": 31578.193398923344
      }
    }
  },
  "root_group": {
    "id": "d41d8cd98f00b204e9800998ecf8427e",
    "groups": [],
    "checks": [
        {
          "name": "is status 200",
          "path": "::is status 200",
          "id": "548d37ca5f33793206f7832e7cea54fb",
          "passes": 1000,
          "fails": 0
        }
      ],
    "name": "",
    "path": ""
  }
}