{
  "root_group": {
    "path": "",
    "id": "d41d8cd98f00b204e9800998ecf8427e",
    "groups": [],
    "checks": [
        {
          "name": "is status 200",
          "path": "::is status 200",
          "id": "548d37ca5f33793206f7832e7cea54fb",
          "passes": 1000,
          "fails": 0
        }
      ],
    "name": ""
  },
  "options": {
    "summaryTrendStats": [
      "avg",
      "min",
      "med",
      "max",
      "p(50)",
      "p(90)",
      "p(95)",
      "p(99)",
      "p(99.99)",
      "count"
    ],
    "summaryTimeUnit": "ms",
    "noColor": false
  },
  "state": {
    "isStdOutTTY": false,
    "isStdErrTTY": false,
    "testRunDurationMs": 17533.478929
  },
  "metrics": {
    "data_sent": {
      "values": {
        "rate": 21558.756338697625,
        "count": 378000
      },
      "type": "counter",
      "contains": "data"
    },
    "http_req_duration{expected_response:true}": {
      "values": {
        "min": 12.495853,
        "med": 14.941462,
        "max": 36.808326,
        "p(95)": 28.530674599999987,
        "p(99)": 34.66751077,
        "p(99.99)": 36.8062802478,
        "count": 1000,
        "avg": 17.31822104300001,
        "p(50)": 14.941462,
        "p(90)": 25.6117411
      },
      "type": "trend",
      "contains": "time"
    },
    "http_req_waiting": {
      "contains": "time",
      "values": {
        "p(50)": 14.813369999999999,
        "p(90)": 25.430629,
        "p(99)": 34.55723854,
        "p(99.99)": 36.7144623101,
        "avg": 17.168396164999987,
        "min": 12.379574,
        "med": 14.813369999999999,
        "max": 36.718868,
        "p(95)": 28.365911099999998,
        "count": 1000
      },
      "type": "trend"
    },
    "checks": {
      "values": {
        "rate": 1,
        "passes": 1000,
        "fails": 0
      },
      "type": "rate",
      "contains": "default"
    },
    "http_req_connecting": {
      "type": "trend",
      "contains": "time",
      "values": {
        "avg": 0.000209192,
        "min": 0,
        "p(99.99)": 0.18829371919999,
        "count": 1000,
        "p(99)": 0,
        "med": 0,
        "max": 0.209192,
        "p(50)": 0,
        "p(90)": 0,
        "p(95)": 0
      }
    },
    "http_req_receiving": {
      "type": "trend",
      "contains": "time",
      "values": {
        "avg": 0.13214973199999988,
        "med": 0.0769895,
        "max": 10.524874,
        "p(50)": 0.0769895,
        "p(95)": 0.25011969999999983,
        "p(99)": 0.51264132,
        "min": 0.046218,
        "p(90)": 0.1153891,
        "p(99.99)": 10.510647340899993,
        "count": 1000
      }
    },
    "response_time": {
      "contains": "default",
      "values": {
        "p(99.99)": 36.8062802478,
        "count": 1000,
        "med": 14.941462,
        "max": 36.808326,
        "p(90)": 25.6117411,
        "p(99)": 34.66751077,
        "avg": 17.31822104300001,
        "min": 12.495853,
        "p(50)": 14.941462,
        "p(95)": 28.530674599999987
      },
      "type": "trend"
    },
    "http_reqs": {
      "type": "counter",
      "contains": "default",
      "values": {
        "count": 1000,
        "rate": 57.03374692777149
      }
    },
    "http_req_blocked": {
      "type": "trend",
      "contains": "time",
      "values": {
        "med": 0.004072,
        "max": 0.299316,
        "p(50)": 0.004072,
        "p(99)": 0.01754927,
        "p(99.99)": 0.2723227202999871,
        "count": 1000,
        "avg": 0.004806885000000001,
        "min": 0.002292,
        "p(90)": 0.005278199999999999,
        "p(95)": 0.00867285
      }
    },
    "http_req_failed": {
      "type": "rate",
      "contains": "default",
      "values": {
        "rate": 0,
        "passes": 0,
        "fails": 1000
      }
    },
    "http_req_tls_handshaking": {
      "type": "trend",
      "contains": "time",
      "values": {
        "p(99.99)": 0,
        "avg": 0,
        "p(50)": 0,
        "p(90)": 0,
        "p(99)": 0,
        "count": 1000,
        "min": 0,
        "med": 0,
        "max": 0,
        "p(95)": 0
      }
    },
    "vus": {
      "type": "gauge",
      "contains": "default",
      "values": {
        "min": 1,
        "max": 1,
        "value": 1
      }
    },
    "http_req_duration": {
      "type": "trend",
      "contains": "time",
      "values": {
        "count": 1000,
        "avg": 17.31822104300001,
        "p(99)": 34.66751077,
        "p(99.99)": 36.8062802478,
        "p(50)": 14.941462,
        "p(90)": 25.6117411,
        "p(95)": 28.530674599999987,
        "min": 12.495853,
        "med": 14.941462,
        "max": 36.808326
      }
    },
    "reponse_size": {
      "type": "trend",
      "contains": "default",
      "values": {
        "avg": 205.796,
        "max": 206,
        "p(99.99)": 206,
        "count": 1000,
        "min": 202,
        "med": 206,
        "p(50)": 206,
        "p(90)": 206,
        "p(95)": 206,
        "p(99)": 206
      }
    },
    "iterations": {
      "type": "counter",
      "contains": "default",
      "values": {
        "count": 1000,
        "rate": 57.03374692777149
      }
    },
    "http_req_sending": {
      "type": "trend",
      "contains": "time",
      "values": {
        "med": 0.015368,
        "p(95)": 0.02613995,
        "count": 1000,
        "avg": 0.01767514599999999,
        "min": 0.010276,
        "max": 0.435476,
        "p(50)": 0.015368,
        "p(90)": 0.0220089,
        "p(99)": 0.041258899999999994,
        "p(99.99)": 0.4101455557999878
      }
    },
    "iteration_duration": {
      "type": "trend",
      "contains": "time",
      "values": {
        "p(90)": 25.778807300000004,
        "p(99)": 34.853255989999994,
        "p(99.99)": 37.062414589899994,
        "avg": 17.515066821999998,
        "med": 15.131037,
        "p(50)": 15.131037,
        "p(95)": 28.740262399999988,
        "count": 1000,
        "min": 12.690846,
        "max": 37.067899
      }
    },
    "data_received": {
      "type": "counter",
      "contains": "data",
      "values": {
        "rate": 37538.12935043907,
        "count": 658174
      }
    },
    "vus_max": {
      "contains": "default",
      "values": {
        "value": 1,
        "min": 1,
        "max": 1
      },
      "type": "gauge"
    }
  }
}