{
  "options": {
    "noColor": false,
    "summaryTrendStats": [
      "avg",
      "min",
      "med",
      "max",
      "p(50)",
      "p(90)",
      "p(95)",
      "p(99)",
      "p(99.99)",
      "count"
    ],
    "summaryTimeUnit": "ms"
  },
  "state": {
    "isStdOutTTY": false,
    "isStdErrTTY": false,
    "testRunDurationMs": 3141.596349
  },
  "metrics": {
    "http_req_blocked": {
      "values": {
        "count": 1000,
        "avg": 0.006383645999999998,
        "min": 0.002194,
        "max": 0.464033,
        "p(90)": 0.0070365,
        "p(95)": 0.007965799999999999,
        "p(99)": 0.018634539999999998,
        "med": 0.005641,
        "p(50)": 0.005641,
        "p(99.99)": 0.42325082299998046
      },
      "type": "trend",
      "contains": "time"
    },
    "http_req_sending": {
      "type": "trend",
      "contains": "time",
      "values": {
        "p(99.99)": 0.2033851687999957,
        "avg": 0.023548691000000045,
        "p(95)": 0.032035699999999986,
        "max": 0.212345,
        "p(50)": 0.023219,
        "p(90)": 0.0281439,
        "p(99)": 0.053342989999999986,
        "count": 1000,
        "min": 0.008885,
        "med": 0.023219
      }
    },
    "response_size": {
      "type": "trend",
      "contains": "default",
      "values": {
        "p(95)": 531,
        "p(99)": 531,
        "p(99.99)": 531,
        "min": 531,
        "med": 531,
        "max": 531,
        "count": 1000,
        "avg": 531,
        "p(50)": 531,
        "p(90)": 531
      }
    },
    "response_time": {
      "values": {
        "p(50)": 2.865186,
        "p(90)": 3.3023549,
        "count": 1000,
        "p(99)": 4.53442758,
        "p(99.99)": 11.785886815299751,
        "avg": 2.878773370000002,
        "min": 1.825795,
        "med": 2.865186,
        "max": 12.303484,
        "p(95)": 3.49814255
      },
      "type": "trend",
      "contains": "default"
    },
    "reponse_size_body": {
      "type": "trend",
      "contains": "default",
      "values": {
        "avg": 150,
        "med": 150,
        "max": 150,
        "p(50)": 150,
        "p(99.99)": 150,
        "min": 150,
        "p(90)": 150,
        "p(95)": 150,
        "p(99)": 150,
        "count": 1000
      }
    },
    "data_received": {
      "type": "counter",
      "contains": "data",
      "values": {
        "count": 602941,
        "rate": 191921.85533062575
      }
    },
    "http_req_duration": {
      "type": "trend",
      "contains": "time",
      "values": {
        "p(95)": 3.49814255,
        "p(99)": 4.53442758,
        "avg": 2.878773370000002,
        "min": 1.825795,
        "med": 2.865186,
        "p(50)": 2.865186,
        "p(90)": 3.3023549,
        "max": 12.303484,
        "p(99.99)": 11.785886815299751,
        "count": 1000
      }
    },
    "http_reqs": {
      "type": "counter",
      "contains": "default",
      "values": {
        "count": 1000,
        "rate": 318.3095117608949
      }
    },
    "http_req_duration{expected_response:true}": {
      "contains": "time",
      "values": {
        "count": 1000,
        "med": 2.865186,
        "p(99)": 4.53442758,
        "max": 12.303484,
        "p(50)": 2.865186,
        "p(90)": 3.3023549,
        "p(95)": 3.49814255,
        "p(99.99)": 11.785886815299751,
        "avg": 2.878773370000002,
        "min": 1.825795
      },
      "type": "trend"
    },
    "iteration_duration": {
      "type": "trend",
      "contains": "time",
      "values": {
        "count": 1000,
        "avg": 3.1207567800000007,
        "min": 1.991593,
        "max": 13.312295,
        "p(50)": 3.1154965,
        "p(90)": 3.5679195,
        "med": 3.1154965,
        "p(95)": 3.8079158499999997,
        "p(99)": 4.787026099999999,
        "p(99.99)": 12.715704487699714
      }
    },
    "http_req_waiting": {
      "type": "trend",
      "contains": "time",
      "values": {
        "avg": 2.729140648000002,
        "min": 1.577575,
        "max": 12.069274,
        "p(50)": 2.725768,
        "p(90)": 3.1377285,
        "p(99)": 4.3880792699999995,
        "count": 1000,
        "med": 2.725768,
        "p(95)": 3.2949685999999994,
        "p(99.99)": 11.564849229699758
      }
    },
    "http_req_failed": {
      "type": "rate",
      "contains": "default",
      "values": {
        "rate": 0,
        "passes": 0,
        "fails": 1000
      }
    },
    "checks": {
      "values": {
        "fails": 0,
        "rate": 1,
        "passes": 1000
      },
      "type": "rate",
      "contains": "default"
    },
    "vus_max": {
      "type": "gauge",
      "contains": "default",
      "values": {
        "value": 1,
        "min": 1,
        "max": 1
      }
    },
    "iterations": {
      "type": "counter",
      "contains": "default",
      "values": {
        "count": 1000,
        "rate": 318.3095117608949
      }
    },
    "http_req_receiving": {
      "type": "trend",
      "contains": "time",
      "values": {
        "min": 0.042041,
        "max": 1.644288,
        "p(90)": 0.21960570000000001,
        "p(99)": 0.32536515999999993,
        "p(99.99)": 1.5996177149999786,
        "count": 1000,
        "avg": 0.12608403099999996,
        "med": 0.0954985,
        "p(50)": 0.0954985,
        "p(95)": 0.25090235
      }
    },
    "http_req_tls_handshaking": {
      "type": "trend",
      "contains": "time",
      "values": {
        "max": 0,
        "p(90)": 0,
        "avg": 0,
        "min": 0,
        "p(95)": 0,
        "p(99)": 0,
        "p(99.99)": 0,
        "count": 1000,
        "med": 0,
        "p(50)": 0
      }
    },
    "vus": {
      "type": "gauge",
      "contains": "default",
      "values": {
        "value": 1,
        "min": 1,
        "max": 1
      }
    },
    "data_sent": {
      "type": "counter",
      "contains": "data",
      "values": {
        "count": 372000,
        "rate": 118411.1383750529
      }
    },
    "http_req_connecting": {
      "values": {
        "p(90)": 0,
        "count": 1000,
        "avg": 0.000351195,
        "med": 0,
        "p(50)": 0,
        "p(95)": 0,
        "p(99)": 0,
        "p(99.99)": 0.3161106194999832,
        "min": 0,
        "max": 0.351195
      },
      "type": "trend",
      "contains": "time"
    }
  },
  "root_group": {
    "name": "",
    "path": "",
    "id": "d41d8cd98f00b204e9800998ecf8427e",
    "groups": [],
    "checks": [
        {
          "name": "is status 200",
          "path": "::is status 200",
          "id": "548d37ca5f33793206f7832e7cea54fb",
          "passes": 1000,
          "fails": 0
        }
      ]
  }
}