{
  "root_group": {
    "name": "",
    "path": "",
    "id": "d41d8cd98f00b204e9800998ecf8427e",
    "groups": [],
    "checks": [
        {
          "name": "is status 200",
          "path": "::is status 200",
          "id": "548d37ca5f33793206f7832e7cea54fb",
          "passes": 10000,
          "fails": 0
        }
      ]
  },
  "options": {
    "summaryTrendStats": [
      "avg",
      "min",
      "med",
      "max",
      "p(50)",
      "p(90)",
      "p(95)",
      "p(99)",
      "p(99.99)",
      "count"
    ],
    "summaryTimeUnit": "ms",
    "noColor": false
  },
  "state": {
    "isStdOutTTY": false,
    "isStdErrTTY": false,
    "testRunDurationMs": 118253.558365
  },
  "metrics": {
    "http_req_connecting": {
      "values": {
        "min": 0,
        "med": 0,
        "p(50)": 0,
        "p(95)": 0,
        "count": 10000,
        "avg": 0.0000196072,
        "max": 0.196072,
        "p(90)": 0,
        "p(99)": 0,
        "p(99.99)": 0.000019607199861333355
      },
      "type": "trend",
      "contains": "time"
    },
    "checks": {
      "type": "rate",
      "contains": "default",
      "values": {
        "rate": 1,
        "passes": 10000,
        "fails": 0
      }
    },
    "reponse_size": {
      "type": "trend",
      "contains": "default",
      "values": {
        "p(95)": 98,
        "med": 98,
        "min": 97,
        "max": 98,
        "p(50)": 98,
        "p(90)": 98,
        "p(99)": 98,
        "p(99.99)": 98,
        "count": 10000,
        "avg": 97.9565
      }
    },
    "response_time": {
      "type": "trend",
      "contains": "default",
      "values": {
        "min": 8.357091,
        "med": 10.7277335,
        "p(95)": 17.2488221,
        "p(99.99)": 35.51771638979936,
        "count": 10000,
        "avg": 11.602384495399962,
        "max": 36.421524,
        "p(50)": 10.7277335,
        "p(90)": 15.635505600000002,
        "p(99)": 19.984081300000003
      }
    },
    "vus": {
      "type": "gauge",
      "contains": "default",
      "values": {
        "value": 1,
        "min": 1,
        "max": 1
      }
    },
    "http_req_blocked": {
      "contains": "time",
      "values": {
        "p(90)": 0.006087300000000001,
        "p(99)": 0.017499750000000015,
        "max": 0.325264,
        "min": 0.002172,
        "med": 0.0043064999999999996,
        "p(50)": 0.0043064999999999996,
        "p(95)": 0.009382199999999997,
        "p(99.99)": 0.19391213649990707,
        "count": 10000,
        "avg": 0.0050463555000000195
      },
      "type": "trend"
    },
    "http_req_sending": {
      "type": "trend",
      "contains": "time",
      "values": {
        "avg": 0.01772481059999991,
        "med": 0.0162015,
        "p(50)": 0.0162015,
        "p(95)": 0.02612715,
        "count": 10000,
        "min": 0.007904,
        "max": 0.25933,
        "p(90)": 0.022882200000000002,
        "p(99)": 0.03839515,
        "p(99.99)": 0.21114981849996592
      }
    },
    "http_req_waiting": {
      "type": "trend",
      "contains": "time",
      "values": {
        "med": 10.598921,
        "p(99)": 19.804082900000008,
        "p(99.99)": 35.38434320639934,
        "count": 10000,
        "min": 8.282137,
        "max": 36.316314,
        "p(50)": 10.598921,
        "p(90)": 15.4688948,
        "p(95)": 17.10104705,
        "avg": 11.470715132899977
      }
    },
    "http_reqs": {
      "values": {
        "count": 10000,
        "rate": 84.56405150307715
      },
      "type": "counter",
      "contains": "default"
    },
    "http_req_duration{expected_response:true}": {
      "type": "trend",
      "contains": "time",
      "values": {
        "p(99)": 19.984081300000003,
        "avg": 11.602384495399962,
        "min": 8.357091,
        "med": 10.7277335,
        "p(90)": 15.635505600000002,
        "count": 10000,
        "max": 36.421524,
        "p(50)": 10.7277335,
        "p(95)": 17.2488221,
        "p(99.99)": 35.51771638979936
      }
    },
    "http_req_tls_handshaking": {
      "values": {
        "avg": 0,
        "max": 0,
        "p(50)": 0,
        "p(90)": 0,
        "p(95)": 0,
        "p(99)": 0,
        "p(99.99)": 0,
        "min": 0,
        "med": 0,
        "count": 10000
      },
      "type": "trend",
      "contains": "time"
    },
    "iterations": {
      "contains": "default",
      "values": {
        "count": 10000,
        "rate": 84.56405150307715
      },
      "type": "counter"
    },
    "vus_max": {
      "contains": "default",
      "values": {
        "max": 1,
        "value": 1,
        "min": 1
      },
      "type": "gauge"
    },
    "data_received": {
      "type": "counter",
      "contains": "data",
      "values": {
        "count": 6844505,
        "rate": 57879.90733330691
      }
    },
    "http_req_receiving": {
      "type": "trend",
      "contains": "time",
      "values": {
        "med": 0.081613,
        "max": 10.001252,
        "p(95)": 0.2669859,
        "p(99.99)": 8.071365007998637,
        "count": 10000,
        "avg": 0.11394455190000023,
        "min": 0.040777,
        "p(99)": 0.4820323500000005,
        "p(50)": 0.081613,
        "p(90)": 0.1281036
      }
    },
    "data_sent": {
      "type": "counter",
      "contains": "data",
      "values": {
        "count": 3850000,
        "rate": 32557.159828684704
      }
    },
    "http_req_duration": {
      "type": "trend",
      "contains": "time",
      "values": {
        "med": 10.7277335,
        "p(90)": 15.635505600000002,
        "p(95)": 17.2488221,
        "p(99.99)": 35.51771638979936,
        "min": 8.357091,
        "max": 36.421524,
        "p(50)": 10.7277335,
        "p(99)": 19.984081300000003,
        "count": 10000,
        "avg": 11.602384495399962
      }
    },
    "iteration_duration": {
      "type": "trend",
      "contains": "time",
      "values": {
        "med": 10.931486,
        "max": 36.604481,
        "p(90)": 15.840766400000001,
        "p(99)": 20.21285302000001,
        "count": 10000,
        "avg": 11.806553993900028,
        "min": 8.500788,
        "p(50)": 10.931486,
        "p(95)": 17.455370849999998,
        "p(99.99)": 35.79902955319943
      }
    },
    "http_req_failed": {
      "type": "rate",
      "contains": "default",
      "values": {
        "rate": 0,
        "passes": 0,
        "fails": 10000
      }
    }
  }
}