{
  "root_group": {
    "id": "d41d8cd98f00b204e9800998ecf8427e",
    "groups": [],
    "checks": [
        {
          "name": "is status 200",
          "path": "::is status 200",
          "id": "548d37ca5f33793206f7832e7cea54fb",
          "passes": 10000,
          "fails": 0
        }
      ],
    "name": "",
    "path": ""
  },
  "options": {
    "summaryTrendStats": [
      "avg",
      "min",
      "med",
      "max",
      "p(50)",
      "p(90)",
      "p(95)",
      "p(99)",
      "p(99.99)",
      "count"
    ],
    "summaryTimeUnit": "ms",
    "noColor": false
  },
  "state": {
    "isStdOutTTY": false,
    "isStdErrTTY": false,
    "testRunDurationMs": 120687.489211
  },
  "metrics": {
    "reponse_size": {
      "contains": "default",
      "values": {
        "avg": 97.9565,
        "p(95)": 98,
        "p(99)": 98,
        "count": 10000,
        "p(99.99)": 98,
        "min": 97,
        "med": 98,
        "max": 98,
        "p(50)": 98,
        "p(90)": 98
      },
      "type": "trend"
    },
    "iteration_duration": {
      "type": "trend",
      "contains": "time",
      "values": {
        "med": 11.077304999999999,
        "p(50)": 11.077304999999999,
        "p(95)": 17.692992599999997,
        "p(99)": 20.717636540000004,
        "p(99.99)": 34.04908431349932,
        "count": 10000,
        "avg": 12.049687954100008,
        "min": 8.749505,
        "max": 35.002124,
        "p(90)": 16.254529700000003
      }
    },
    "http_req_blocked": {
      "values": {
        "avg": 0.004884293400000009,
        "min": 0.002105,
        "p(50)": 0.004291,
        "p(95)": 0.009226149999999997,
        "count": 10000,
        "med": 0.004291,
        "max": 0.198838,
        "p(90)": 0.0059621000000000006,
        "p(99)": 0.015784970000000086,
        "p(99.99)": 0.19299758409999587
      },
      "type": "trend",
      "contains": "time"
    },
    "http_req_receiving": {
      "type": "trend",
      "contains": "time",
      "values": {
        "min": 0.04434,
        "med": 0.0814205,
        "max": 23.184809,
        "p(95)": 0.2724412499999997,
        "p(99)": 0.49421329000000086,
        "avg": 0.11701894759999963,
        "p(50)": 0.0814205,
        "p(90)": 0.12546520000000008,
        "p(99.99)": 10.499412666491027,
        "count": 10000
      }
    },
    "iterations": {
      "type": "counter",
      "contains": "default",
      "values": {
        "count": 10000,
        "rate": 82.85862988264533
      }
    },
    "http_req_duration{expected_response:true}": {
      "type": "trend",
      "contains": "time",
      "values": {
        "max": 34.767224,
        "p(50)": 10.8773795,
        "p(90)": 16.0455094,
        "p(99)": 20.48082740000001,
        "p(99.99)": 33.80880585139932,
        "count": 10000,
        "avg": 11.84604996710004,
        "med": 10.8773795,
        "p(95)": 17.48664215,
        "min": 8.566293
      }
    },
    "http_req_sending": {
      "type": "trend",
      "contains": "time",
      "values": {
        "min": 0.008343,
        "med": 0.0160775,
        "max": 0.421929,
        "p(99.99)": 0.4045967333999877,
        "avg": 0.017847873700000023,
        "p(90)": 0.0228992,
        "p(95)": 0.026305499999999992,
        "p(99)": 0.03880483000000002,
        "count": 10000,
        "p(50)": 0.0160775
      }
    },
    "http_reqs": {
      "type": "counter",
      "contains": "default",
      "values": {
        "rate": 82.85862988264533,
        "count": 10000
      }
    },
    "response_time": {
      "values": {
        "min": 8.566293,
        "max": 34.767224,
        "p(50)": 10.8773795,
        "p(90)": 16.0455094,
        "count": 10000,
        "avg": 11.84604996710004,
        "p(95)": 17.48664215,
        "p(99)": 20.48082740000001,
        "p(99.99)": 33.80880585139932,
        "med": 10.8773795
      },
      "type": "trend",
      "contains": "default"
    },
    "http_req_connecting": {
      "type": "trend",
      "contains": "time",
      "values": {
        "med": 0,
        "max": 0.135183,
        "p(99)": 0,
        "p(99.99)": 0.000013518299904395461,
        "count": 10000,
        "avg": 0.000013518299999999999,
        "min": 0,
        "p(50)": 0,
        "p(90)": 0,
        "p(95)": 0
      }
    },
    "http_req_tls_handshaking": {
      "contains": "time",
      "values": {
        "avg": 0,
        "min": 0,
        "p(90)": 0,
        "p(99)": 0,
        "p(99.99)": 0,
        "med": 0,
        "max": 0,
        "p(50)": 0,
        "p(95)": 0,
        "count": 10000
      },
      "type": "trend"
    },
    "checks": {
      "contains": "default",
      "values": {
        "fails": 0,
        "rate": 1,
        "passes": 10000
      },
      "type": "rate"
    },
    "http_req_duration": {
      "contains": "time",
      "values": {
        "min": 8.566293,
        "p(50)": 10.8773795,
        "p(90)": 16.0455094,
        "p(95)": 17.48664215,
        "p(99.99)": 33.80880585139932,
        "count": 10000,
        "avg": 11.84604996710004,
        "med": 10.8773795,
        "max": 34.767224,
        "p(99)": 20.48082740000001
      },
      "type": "trend"
    },
    "http_req_waiting": {
      "type": "trend",
      "contains": "time",
      "values": {
        "p(90)": 15.9105386,
        "p(95)": 17.317270349999994,
        "count": 10000,
        "med": 10.7511775,
        "p(50)": 10.7511775,
        "max": 34.647791,
        "p(99)": 20.341659090000004,
        "p(99.99)": 27.713382510195096,
        "avg": 11.711183145799966,
        "min": 8.475349
      }
    },
    "data_sent": {
      "type": "counter",
      "contains": "data",
      "values": {
        "count": 3850000,
        "rate": 31900.57250481845
      }
    },
    "http_req_failed": {
      "contains": "default",
      "values": {
        "rate": 0,
        "passes": 0,
        "fails": 10000
      },
      "type": "rate"
    },
    "vus": {
      "contains": "default",
      "values": {
        "value": 1,
        "min": 1,
        "max": 1
      },
      "type": "gauge"
    },
    "vus_max": {
      "type": "gauge",
      "contains": "default",
      "values": {
        "value": 1,
        "min": 1,
        "max": 1
      }
    },
    "data_received": {
      "type": "counter",
      "contains": "data",
      "values": {
        "count": 6844116,
        "rate": 56709.4074517891
      }
    }
  }
}