{
  "state": {
    "isStdOutTTY": false,
    "isStdErrTTY": false,
    "testRunDurationMs": 18978.055086
  },
  "metrics": {
    "http_req_duration{expected_response:true}": {
      "contains": "time",
      "values": {
        "p(99.99)": 62.37975588639978,
        "max": 62.834587,
        "min": 12.054802,
        "med": 15.0649315,
        "p(50)": 15.0649315,
        "p(90)": 32.3969608,
        "p(95)": 34.3165142,
        "p(99)": 37.64227742,
        "count": 1000,
        "avg": 18.476475510999986
      },
      "type": "trend"
    },
    "data_sent": {
      "type": "counter",
      "contains": "data",
      "values": {
        "count": 475000,
        "rate": 25028.90827576977
      }
    },
    "http_req_connecting": {
      "values": {
        "p(90)": 0,
        "p(95)": 0,
        "p(99.99)": 0.31646912249999587,
        "count": 1000,
        "min": 0,
        "max": 0.325083,
        "p(50)": 0,
        "avg": 0.0019273399999999996,
        "med": 0,
        "p(99)": 0.000943519999999142
      },
      "type": "trend",
      "contains": "time"
    },
    "vus_max": {
      "values": {
        "max": 1,
        "value": 1,
        "min": 1
      },
      "type": "gauge",
      "contains": "default"
    },
    "http_req_sending": {
      "type": "trend",
      "contains": "time",
      "values": {
        "avg": 0.022905506999999978,
        "med": 0.0194065,
        "p(90)": 0.028354,
        "p(99)": 0.0947073,
        "min": 0.011764,
        "max": 0.435017,
        "p(50)": 0.0194065,
        "p(95)": 0.036591649999999976,
        "p(99.99)": 0.4280939299999967,
        "count": 1000
      }
    },
    "http_reqs": {
      "type": "counter",
      "contains": "default",
      "values": {
        "count": 1000,
        "rate": 52.692438475304776
      }
    },
    "reponse_size": {
      "type": "trend",
      "contains": "default",
      "values": {
        "min": 97,
        "max": 97,
        "p(50)": 97,
        "p(95)": 97,
        "p(99)": 97,
        "count": 1000,
        "avg": 97,
        "p(90)": 97,
        "p(99.99)": 97,
        "med": 97
      }
    },
    "iteration_duration": {
      "contains": "time",
      "values": {
        "min": 12.507586,
        "p(99)": 38.188313750000006,
        "p(99.99)": 62.84276259219978,
        "count": 1000,
        "p(95)": 34.78231565,
        "avg": 18.959949491000003,
        "med": 15.5162195,
        "max": 63.288109,
        "p(50)": 15.5162195,
        "p(90)": 32.860416300000004
      },
      "type": "trend"
    },
    "vus": {
      "type": "gauge",
      "contains": "default",
      "values": {
        "value": 1,
        "min": 1,
        "max": 1
      }
    },
    "http_req_tls_handshaking": {
      "type": "trend",
      "contains": "time",
      "values": {
        "min": 0,
        "med": 0,
        "p(90)": 0,
        "p(95)": 0,
        "p(99)": 0,
        "count": 1000,
        "avg": 0,
        "max": 0,
        "p(50)": 0,
        "p(99.99)": 0
      }
    },
    "data_received": {
      "type": "counter",
      "contains": "data",
      "values": {
        "count": 639710,
        "rate": 33707.87981703722
      }
    },
    "http_req_duration": {
      "type": "trend",
      "contains": "time",
      "values": {
        "p(50)": 15.0649315,
        "p(90)": 32.3969608,
        "min": 12.054802,
        "med": 15.0649315,
        "max": 62.834587,
        "p(99.99)": 62.37975588639978,
        "count": 1000,
        "avg": 18.476475510999986,
        "p(95)": 34.3165142,
        "p(99)": 37.64227742
      }
    },
    "iterations": {
      "type": "counter",
      "contains": "default",
      "values": {
        "count": 1000,
        "rate": 52.692438475304776
      }
    },
    "http_req_receiving": {
      "type": "trend",
      "contains": "time",
      "values": {
        "avg": 0.10341127799999998,
        "med": 0.075541,
        "p(99.99)": 14.250587941199583,
        "count": 1000,
        "p(99)": 0.27391036,
        "min": 0.047101,
        "max": 15.123855,
        "p(50)": 0.075541,
        "p(90)": 0.1028453,
        "p(95)": 0.11516814999999989
      }
    },
    "checks": {
      "type": "rate",
      "contains": "default",
      "values": {
        "rate": 1,
        "passes": 1000,
        "fails": 0
      }
    },
    "http_req_waiting": {
      "type": "trend",
      "contains": "time",
      "values": {
        "p(50)": 14.956444000000001,
        "p(95)": 34.19364335,
        "p(99.99)": 62.23198523009978,
        "count": 1000,
        "min": 11.971477,
        "med": 14.956444000000001,
        "max": 62.687859,
        "avg": 18.350158725999997,
        "p(90)": 32.2944381,
        "p(99)": 37.51942861
      }
    },
    "response_time": {
      "type": "trend",
      "contains": "default",
      "values": {
        "p(90)": 32.3969608,
        "med": 15.0649315,
        "max": 62.834587,
        "p(50)": 15.0649315,
        "p(99)": 37.64227742,
        "p(99.99)": 62.37975588639978,
        "count": 1000,
        "avg": 18.476475510999986,
        "min": 12.054802,
        "p(95)": 34.3165142
      }
    },
    "http_req_blocked": {
      "type": "trend",
      "contains": "time",
      "values": {
        "p(95)": 0.007614549999999998,
        "p(99.99)": 0.4364955864999981,
        "avg": 0.007308353999999993,
        "med": 0.00401,
        "p(50)": 0.00401,
        "p(90)": 0.005571700000000001,
        "min": 0.002354,
        "max": 0.440578,
        "p(99)": 0.17535102999999988,
        "count": 1000
      }
    },
    "http_req_failed": {
      "type": "rate",
      "contains": "default",
      "values": {
        "passes": 0,
        "fails": 1000,
        "rate": 0
      }
    }
  },
  "root_group": {
    "name": "",
    "path": "",
    "id": "d41d8cd98f00b204e9800998ecf8427e",
    "groups": [],
    "checks": [
        {
          "name": "status is 200",
          "path": "::status is 200",
          "id": "6210a8cd14cd70477eba5c5e4cb3fb5f",
          "passes": 1000,
          "fails": 0
        }
      ]
  },
  "options": {
    "summaryTrendStats": [
      "avg",
      "min",
      "med",
      "max",
      "p(50)",
      "p(90)",
      "p(95)",
      "p(99)",
      "p(99.99)",
      "count"
    ],
    "summaryTimeUnit": "ms",
    "noColor": false
  }
}