{
  "root_group": {
    "path": "",
    "id": "d41d8cd98f00b204e9800998ecf8427e",
    "groups": [],
    "checks": [
        {
          "name": "is status 200",
          "path": "::is status 200",
          "id": "548d37ca5f33793206f7832e7cea54fb",
          "passes": 1000,
          "fails": 0
        }
      ],
    "name": ""
  },
  "options": {
    "summaryTrendStats": [
      "avg",
      "min",
      "med",
      "max",
      "p(50)",
      "p(90)",
      "p(95)",
      "p(99)",
      "p(99.99)",
      "count"
    ],
    "summaryTimeUnit": "ms",
    "noColor": false
  },
  "state": {
    "isStdOutTTY": false,
    "isStdErrTTY": false,
    "testRunDurationMs": 21575.270648
  },
  "metrics": {
    "reponse_size": {
      "type": "trend",
      "contains": "default",
      "values": {
        "avg": 205.16,
        "min": 202,
        "p(50)": 205,
        "p(95)": 206,
        "med": 205,
        "max": 206,
        "p(90)": 206,
        "p(99)": 206,
        "p(99.99)": 206,
        "count": 1000
      }
    },
    "http_req_duration{expected_response:true}": {
      "type": "trend",
      "contains": "time",
      "values": {
        "p(99.99)": 95.27785175929978,
        "avg": 21.354419952999994,
        "min": 14.530855,
        "max": 95.745443,
        "p(95)": 37.767834449999995,
        "p(99)": 63.327032899999956,
        "count": 1000,
        "med": 16.994821,
        "p(50)": 16.994821,
        "p(90)": 32.3890775
      }
    },
    "http_req_sending": {
      "type": "trend",
      "contains": "time",
      "values": {
        "min": 0.009708,
        "max": 0.209878,
        "p(50)": 0.015522000000000001,
        "p(99.99)": 0.2042576259999973,
        "count": 1000,
        "avg": 0.017353988000000004,
        "p(90)": 0.0229112,
        "p(95)": 0.026522499999999994,
        "p(99)": 0.03923718999999998,
        "med": 0.015522000000000001
      }
    },
    "response_time": {
      "contains": "default",
      "values": {
        "med": 16.994821,
        "max": 95.745443,
        "p(50)": 16.994821,
        "min": 14.530855,
        "p(90)": 32.3890775,
        "p(95)": 37.767834449999995,
        "p(99)": 63.327032899999956,
        "p(99.99)": 95.27785175929978,
        "count": 1000,
        "avg": 21.354419952999994
      },
      "type": "trend"
    },
    "http_req_duration": {
      "type": "trend",
      "contains": "time",
      "values": {
        "avg": 21.354419952999994,
        "min": 14.530855,
        "max": 95.745443,
        "p(50)": 16.994821,
        "p(95)": 37.767834449999995,
        "p(99)": 63.327032899999956,
        "med": 16.994821,
        "p(90)": 32.3890775,
        "p(99.99)": 95.27785175929978,
        "count": 1000
      }
    },
    "http_req_blocked": {
      "type": "trend",
      "contains": "time",
      "values": {
        "avg": 0.005589451000000001,
        "min": 0.00245,
        "max": 0.368603,
        "p(50)": 0.0041355,
        "p(99)": 0.018114539999999995,
        "p(99.99)": 0.35237983939999223,
        "med": 0.0041355,
        "p(90)": 0.006471400000000003,
        "p(95)": 0.0097973,
        "count": 1000
      }
    },
    "http_reqs": {
      "values": {
        "count": 1000,
        "rate": 46.349360632131805
      },
      "type": "counter",
      "contains": "default"
    },
    "http_req_waiting": {
      "type": "trend",
      "contains": "time",
      "values": {
        "avg": 21.225808804000003,
        "p(90)": 32.3113684,
        "p(99)": 63.23617979999995,
        "p(99.99)": 95.14954142439976,
        "count": 1000,
        "min": 14.434254,
        "med": 16.886052,
        "max": 95.63488,
        "p(50)": 16.886052,
        "p(95)": 37.641907749999994
      }
    },
    "http_req_receiving": {
      "type": "trend",
      "contains": "time",
      "values": {
        "p(50)": 0.0772665,
        "p(95)": 0.2085718999999999,
        "count": 1000,
        "avg": 0.11125716099999998,
        "min": 0.048013,
        "med": 0.0772665,
        "max": 18.573294,
        "p(90)": 0.10846880000000002,
        "p(99)": 0.4069751399999999,
        "p(99.99)": 16.822758587699163
      }
    },
    "http_req_failed": {
      "type": "rate",
      "contains": "default",
      "values": {
        "rate": 0,
        "passes": 0,
        "fails": 1000
      }
    },
    "http_req_connecting": {
      "values": {
        "p(90)": 0,
        "p(95)": 0,
        "p(99)": 0,
        "count": 1000,
        "avg": 0.000236539,
        "min": 0,
        "med": 0,
        "max": 0.236539,
        "p(50)": 0,
        "p(99.99)": 0.21290875389998867
      },
      "type": "trend",
      "contains": "time"
    },
    "iterations": {
      "type": "counter",
      "contains": "default",
      "values": {
        "count": 1000,
        "rate": 46.349360632131805
      }
    },
    "iteration_duration": {
      "values": {
        "min": 14.709837,
        "med": 17.187696000000003,
        "max": 95.935435,
        "p(99)": 63.528406339999954,
        "count": 1000,
        "avg": 21.556267544999987,
        "p(50)": 17.187696000000003,
        "p(90)": 32.5817225,
        "p(95)": 37.9740359,
        "p(99.99)": 95.47998011079979
      },
      "type": "trend",
      "contains": "time"
    },
    "vus": {
      "type": "gauge",
      "contains": "default",
      "values": {
        "min": 1,
        "max": 1,
        "value": 1
      }
    },
    "http_req_tls_handshaking": {
      "type": "trend",
      "contains": "time",
      "values": {
        "p(99.99)": 0,
        "count": 1000,
        "med": 0,
        "p(50)": 0,
        "p(90)": 0,
        "p(95)": 0,
        "p(99)": 0,
        "avg": 0,
        "min": 0,
        "max": 0
      }
    },
    "data_sent": {
      "type": "counter",
      "contains": "data",
      "values": {
        "count": 377401,
        "rate": 17492.295051927173
      }
    },
    "vus_max": {
      "type": "gauge",
      "contains": "default",
      "values": {
        "value": 1,
        "min": 1,
        "max": 1
      }
    },
    "checks": {
      "contains": "default",
      "values": {
        "rate": 1,
        "passes": 1000,
        "fails": 0
      },
      "type": "rate"
    },
    "data_received": {
      "contains": "data",
      "values": {
        "count": 657586,
        "rate": 30478.690660641023
      },
      "type": "counter"
    }
  }
}