{
  "root_group": {
    "name": "",
    "path": "",
    "id": "d41d8cd98f00b204e9800998ecf8427e",
    "groups": [],
    "checks": [
        {
          "name": "is status 200",
          "path": "::is status 200",
          "id": "548d37ca5f33793206f7832e7cea54fb",
          "passes": 1000,
          "fails": 0
        }
      ]
  },
  "options": {
    "summaryTrendStats": [
      "avg",
      "min",
      "med",
      "max",
      "p(50)",
      "p(90)",
      "p(95)",
      "p(99)",
      "p(99.99)",
      "count"
    ],
    "summaryTimeUnit": "ms",
    "noColor": false
  },
  "state": {
    "testRunDurationMs": 12465.000719,
    "isStdOutTTY": false,
    "isStdErrTTY": false
  },
  "metrics": {
    "vus_max": {
      "type": "gauge",
      "contains": "default",
      "values": {
        "min": 1,
        "max": 1,
        "value": 1
      }
    },
    "http_req_waiting": {
      "type": "trend",
      "contains": "time",
      "values": {
        "med": 9.9385535,
        "p(90)": 14.673989,
        "p(99)": 72.39873725999999,
        "p(50)": 9.9385535,
        "p(95)": 18.628044749999997,
        "p(99.99)": 80.10984779069999,
        "count": 1000,
        "avg": 12.04345545099999,
        "min": 8.040168,
        "max": 80.125323
      }
    },
    "http_req_blocked": {
      "type": "trend",
      "contains": "time",
      "values": {
        "med": 0.004587,
        "max": 0.972157,
        "p(90)": 0.008430500000000004,
        "p(99)": 0.02018590999999999,
        "p(99.99)": 0.8915211165999615,
        "count": 1000,
        "avg": 0.006671123000000002,
        "min": 0.002663,
        "p(50)": 0.004587,
        "p(95)": 0.010894199999999995
      }
    },
    "http_req_tls_handshaking": {
      "type": "trend",
      "contains": "time",
      "values": {
        "avg": 0,
        "min": 0,
        "max": 0,
        "p(50)": 0,
        "p(90)": 0,
        "count": 1000,
        "med": 0,
        "p(95)": 0,
        "p(99)": 0,
        "p(99.99)": 0
      }
    },
    "http_req_duration{expected_response:true}": {
      "values": {
        "min": 8.12649,
        "p(90)": 14.9016041,
        "p(95)": 18.82203369999997,
        "count": 1000,
        "p(99)": 72.53070270999999,
        "p(99.99)": 80.219180667,
        "avg": 12.228264077999986,
        "med": 10.076228,
        "max": 80.227839,
        "p(50)": 10.076228
      },
      "type": "trend",
      "contains": "time"
    },
    "http_req_sending": {
      "type": "trend",
      "contains": "time",
      "values": {
        "p(90)": 0.0276729,
        "p(99)": 0.04795557999999997,
        "count": 1000,
        "avg": 0.02045549199999997,
        "min": 0.010083,
        "p(50)": 0.017974999999999998,
        "p(95)": 0.0317603,
        "p(99.99)": 0.40011390469998825,
        "med": 0.017974999999999998,
        "max": 0.424694
      }
    },
    "reponse_size": {
      "type": "trend",
      "contains": "default",
      "values": {
        "p(99.99)": 206,
        "count": 1000,
        "avg": 205.188,
        "min": 202,
        "max": 206,
        "p(95)": 206,
        "p(99)": 206,
        "med": 205,
        "p(50)": 205,
        "p(90)": 206
      }
    },
    "http_req_connecting": {
      "type": "trend",
      "contains": "time",
      "values": {
        "p(90)": 0,
        "p(99.99)": 0.27610117449998534,
        "avg": 0.000306745,
        "min": 0,
        "p(50)": 0,
        "p(95)": 0,
        "p(99)": 0,
        "count": 1000,
        "med": 0,
        "max": 0.306745
      }
    },
    "http_req_failed": {
      "values": {
        "passes": 0,
        "fails": 1000,
        "rate": 0
      },
      "type": "rate",
      "contains": "default"
    },
    "checks": {
      "contains": "default",
      "values": {
        "rate": 1,
        "passes": 1000,
        "fails": 0
      },
      "type": "rate"
    },
    "response_time": {
      "type": "trend",
      "contains": "default",
      "values": {
        "avg": 12.228264077999986,
        "min": 8.12649,
        "med": 10.076228,
        "p(50)": 10.076228,
        "p(90)": 14.9016041,
        "p(95)": 18.82203369999997,
        "max": 80.227839,
        "p(99)": 72.53070270999999,
        "p(99.99)": 80.219180667,
        "count": 1000
      }
    },
    "data_sent": {
      "type": "counter",
      "contains": "data",
      "values": {
        "count": 377401,
        "rate": 30276.853448130154
      }
    },
    "iterations": {
      "type": "counter",
      "contains": "default",
      "values": {
        "count": 1000,
        "rate": 80.22462433361372
      }
    },
    "http_req_duration": {
      "type": "trend",
      "contains": "time",
      "values": {
        "med": 10.076228,
        "max": 80.227839,
        "p(50)": 10.076228,
        "p(90)": 14.9016041,
        "p(99.99)": 80.219180667,
        "count": 1000,
        "avg": 12.228264077999986,
        "min": 8.12649,
        "p(95)": 18.82203369999997,
        "p(99)": 72.53070270999999
      }
    },
    "vus": {
      "type": "gauge",
      "contains": "default",
      "values": {
        "value": 1,
        "min": 1,
        "max": 1
      }
    },
    "http_reqs": {
      "type": "counter",
      "contains": "default",
      "values": {
        "count": 1000,
        "rate": 80.22462433361372
      }
    },
    "http_req_receiving": {
      "type": "trend",
      "contains": "time",
      "values": {
        "avg": 0.16435313499999993,
        "min": 0.045991,
        "max": 35.531757,
        "count": 1000,
        "med": 0.088086,
        "p(50)": 0.088086,
        "p(90)": 0.18812440000000005,
        "p(95)": 0.32098714999999994,
        "p(99)": 0.6184919499999999,
        "p(99.99)": 32.58470210489859
      }
    },
    "data_received": {
      "type": "counter",
      "contains": "data",
      "values": {
        "count": 657740,
        "rate": 52766.94440919109
      }
    },
    "iteration_duration": {
      "type": "trend",
      "contains": "time",
      "values": {
        "p(99.99)": 80.4376370115,
        "med": 10.2702335,
        "max": 80.444142,
        "p(50)": 10.2702335,
        "p(99)": 72.80266912999998,
        "count": 1000,
        "avg": 12.444773649000009,
        "min": 8.344724,
        "p(90)": 15.0970904,
        "p(95)": 19.06130974999997
      }
    }
  }
}