{
  "options": {
    "summaryTrendStats": [
      "avg",
      "min",
      "med",
      "max",
      "p(50)",
      "p(90)",
      "p(95)",
      "p(99)",
      "p(99.99)",
      "count"
    ],
    "summaryTimeUnit": "ms",
    "noColor": false
  },
  "state": {
    "isStdOutTTY": false,
    "isStdErrTTY": false,
    "testRunDurationMs": 9091.444113
  },
  "metrics": {
    "http_req_blocked": {
      "type": "trend",
      "contains": "time",
      "values": {
        "p(90)": 0.007090300000000001,
        "p(95)": 0.009367399999999998,
        "med": 0.004645,
        "min": 0.002445,
        "max": 0.40531,
        "p(50)": 0.004645,
        "p(99)": 0.016891079999999996,
        "p(99.99)": 0.37109544879998363,
        "count": 1000,
        "avg": 0.005691392999999998
      }
    },
    "response_time": {
      "type": "trend",
      "contains": "default",
      "values": {
        "min": 5.700793,
        "p(90)": 10.1926831,
        "p(95)": 12.705954599999997,
        "p(99)": 54.44966712,
        "p(99.99)": 73.92627047699969,
        "count": 1000,
        "avg": 8.842839308000002,
        "med": 7.493040499999999,
        "max": 74.586087,
        "p(50)": 7.493040499999999
      }
    },
    "iteration_duration": {
      "type": "trend",
      "contains": "time",
      "values": {
        "med": 7.7181675,
        "count": 1000,
        "p(90)": 10.4500223,
        "p(95)": 12.905953049999992,
        "p(99)": 54.711313829999995,
        "p(99.99)": 74.36606773989968,
        "avg": 9.070215321999996,
        "min": 5.881782,
        "max": 75.046027,
        "p(50)": 7.7181675
      }
    },
    "http_reqs": {
      "values": {
        "count": 1000,
        "rate": 109.99352661367452
      },
      "type": "counter",
      "contains": "default"
    },
    "reponse_size": {
      "values": {
        "count": 1000,
        "avg": 205.18,
        "min": 202,
        "p(50)": 205,
        "p(95)": 206,
        "p(99.99)": 206,
        "med": 205,
        "max": 206,
        "p(90)": 206,
        "p(99)": 206
      },
      "type": "trend",
      "contains": "default"
    },
    "vus": {
      "type": "gauge",
      "contains": "default",
      "values": {
        "value": 1,
        "min": 1,
        "max": 1
      }
    },
    "checks": {
      "type": "rate",
      "contains": "default",
      "values": {
        "rate": 1,
        "passes": 1000,
        "fails": 0
      }
    },
    "http_req_duration{expected_response:true}": {
      "type": "trend",
      "contains": "time",
      "values": {
        "avg": 8.842839308000002,
        "min": 5.700793,
        "p(90)": 10.1926831,
        "p(99.99)": 73.92627047699969,
        "count": 1000,
        "med": 7.493040499999999,
        "max": 74.586087,
        "p(50)": 7.493040499999999,
        "p(95)": 12.705954599999997,
        "p(99)": 54.44966712
      }
    },
    "http_req_waiting": {
      "contains": "time",
      "values": {
        "p(90)": 10.046626100000001,
        "p(99)": 54.284565859999994,
        "avg": 8.70138321800001,
        "min": 5.588531,
        "p(50)": 7.3585025,
        "p(99.99)": 73.82558615739968,
        "count": 1000,
        "med": 7.3585025,
        "max": 74.487481,
        "p(95)": 12.356034899999988
      },
      "type": "trend"
    },
    "http_req_sending": {
      "type": "trend",
      "contains": "time",
      "values": {
        "min": 0.011363,
        "p(99)": 0.052051359999999894,
        "count": 1000,
        "p(95)": 0.031938899999999985,
        "p(99.99)": 0.23101758459999847,
        "avg": 0.02111234400000002,
        "med": 0.0190815,
        "max": 0.234199,
        "p(50)": 0.0190815,
        "p(90)": 0.0271962
      }
    },
    "data_sent": {
      "values": {
        "rate": 41511.66693752738,
        "count": 377401
      },
      "type": "counter",
      "contains": "data"
    },
    "iterations": {
      "type": "counter",
      "contains": "default",
      "values": {
        "count": 1000,
        "rate": 109.99352661367452
      }
    },
    "http_req_tls_handshaking": {
      "values": {
        "p(99.99)": 0,
        "count": 1000,
        "avg": 0,
        "med": 0,
        "max": 0,
        "p(50)": 0,
        "min": 0,
        "p(90)": 0,
        "p(95)": 0,
        "p(99)": 0
      },
      "type": "trend",
      "contains": "time"
    },
    "http_req_failed": {
      "type": "rate",
      "contains": "default",
      "values": {
        "rate": 0,
        "passes": 0,
        "fails": 1000
      }
    },
    "vus_max": {
      "type": "gauge",
      "contains": "default",
      "values": {
        "value": 1,
        "min": 1,
        "max": 1
      }
    },
    "http_req_duration": {
      "type": "trend",
      "contains": "time",
      "values": {
        "max": 74.586087,
        "p(50)": 7.493040499999999,
        "p(99.99)": 73.92627047699969,
        "avg": 8.842839308000002,
        "min": 5.700793,
        "p(95)": 12.705954599999997,
        "p(99)": 54.44966712,
        "count": 1000,
        "med": 7.493040499999999,
        "p(90)": 10.1926831
      }
    },
    "http_req_receiving": {
      "type": "trend",
      "contains": "time",
      "values": {
        "p(50)": 0.0846625,
        "p(90)": 0.15497700000000003,
        "p(99.99)": 6.844250730399811,
        "max": 7.240984,
        "p(95)": 0.27073379999999975,
        "p(99)": 0.4543653799999993,
        "count": 1000,
        "avg": 0.12034374599999995,
        "min": 0.050786,
        "med": 0.0846625
      }
    },
    "data_received": {
      "values": {
        "count": 568924,
        "rate": 62577.95713515816
      },
      "type": "counter",
      "contains": "data"
    },
    "http_req_connecting": {
      "type": "trend",
      "contains": "time",
      "values": {
        "min": 0,
        "p(50)": 0,
        "p(95)": 0,
        "p(99.99)": 0.22103935719998827,
        "count": 1000,
        "avg": 0.000245572,
        "med": 0,
        "max": 0.245572,
        "p(90)": 0,
        "p(99)": 0
      }
    }
  },
  "root_group": {
    "name": "",
    "path": "",
    "id": "d41d8cd98f00b204e9800998ecf8427e",
    "groups": [],
    "checks": [
        {
          "path": "::is status 200",
          "id": "548d37ca5f33793206f7832e7cea54fb",
          "passes": 1000,
          "fails": 0,
          "name": "is status 200"
        }
      ]
  }
}