{
  "root_group": {
    "name": "",
    "path": "",
    "id": "d41d8cd98f00b204e9800998ecf8427e",
    "groups": [],
    "checks": [
        {
          "id": "548d37ca5f33793206f7832e7cea54fb",
          "passes": 1000,
          "fails": 0,
          "name": "is status 200",
          "path": "::is status 200"
        }
      ]
  },
  "options": {
    "summaryTrendStats": [
      "avg",
      "min",
      "med",
      "max",
      "p(50)",
      "p(90)",
      "p(95)",
      "p(99)",
      "p(99.99)",
      "count"
    ],
    "summaryTimeUnit": "ms",
    "noColor": false
  },
  "state": {
    "testRunDurationMs": 18381.444491,
    "isStdOutTTY": false,
    "isStdErrTTY": false
  },
  "metrics": {
    "http_req_duration": {
      "type": "trend",
      "contains": "time",
      "values": {
        "count": 1000,
        "avg": 18.16346410800002,
        "p(95)": 32.76271934999999,
        "p(99.99)": 40.883558598399986,
        "p(50)": 14.568600499999999,
        "p(90)": 30.7627677,
        "p(99)": 36.7854248,
        "min": 11.76879,
        "med": 14.568600499999999,
        "max": 40.919521
      }
    },
    "http_req_duration{expected_response:true}": {
      "values": {
        "p(99.99)": 40.883558598399986,
        "max": 40.919521,
        "p(50)": 14.568600499999999,
        "p(90)": 30.7627677,
        "p(95)": 32.76271934999999,
        "p(99)": 36.7854248,
        "avg": 18.16346410800002,
        "min": 11.76879,
        "med": 14.568600499999999,
        "count": 1000
      },
      "type": "trend",
      "contains": "time"
    },
    "http_req_connecting": {
      "type": "trend",
      "contains": "time",
      "values": {
        "avg": 0.001812835,
        "min": 0,
        "med": 0,
        "p(50)": 0,
        "p(90)": 0,
        "max": 0.273158,
        "p(95)": 0,
        "p(99)": 0.0008560799999992214,
        "p(99.99)": 0.27053792269999877,
        "count": 1000
      }
    },
    "checks": {
      "values": {
        "rate": 1,
        "passes": 1000,
        "fails": 0
      },
      "type": "rate",
      "contains": "default"
    },
    "data_received": {
      "type": "counter",
      "contains": "data",
      "values": {
        "count": 639710,
        "rate": 34801.94390126508
      }
    },
    "http_req_blocked": {
      "values": {
        "max": 0.351074,
        "p(90)": 0.006131,
        "p(99)": 0.14759574999999964,
        "p(99.99)": 0.3492100657999991,
        "count": 1000,
        "med": 0.0038634999999999997,
        "min": 0.002135,
        "p(50)": 0.0038634999999999997,
        "p(95)": 0.009330799999999988,
        "avg": 0.007363749999999994
      },
      "type": "trend",
      "contains": "time"
    },
    "http_req_failed": {
      "type": "rate",
      "contains": "default",
      "values": {
        "rate": 0,
        "passes": 0,
        "fails": 1000
      }
    },
    "data_sent": {
      "type": "counter",
      "contains": "data",
      "values": {
        "count": 378000,
        "rate": 20564.216277185285
      }
    },
    "reponse_size": {
      "values": {
        "min": 97,
        "med": 97,
        "p(95)": 97,
        "p(99)": 97,
        "p(99.99)": 97,
        "count": 1000,
        "avg": 97,
        "p(50)": 97,
        "p(90)": 97,
        "max": 97
      },
      "type": "trend",
      "contains": "default"
    },
    "http_req_waiting": {
      "type": "trend",
      "contains": "time",
      "values": {
        "p(90)": 30.467814800000003,
        "p(95)": 32.63747364999999,
        "p(99)": 36.70721544,
        "p(99.99)": 40.77629478529999,
        "count": 1000,
        "avg": 18.007869279999994,
        "min": 11.698784,
        "med": 14.4623095,
        "max": 40.811345,
        "p(50)": 14.4623095
      }
    },
    "vus_max": {
      "type": "gauge",
      "contains": "default",
      "values": {
        "value": 1,
        "min": 1,
        "max": 1
      }
    },
    "vus": {
      "values": {
        "value": 1,
        "min": 1,
        "max": 1
      },
      "type": "gauge",
      "contains": "default"
    },
    "http_req_sending": {
      "type": "trend",
      "contains": "time",
      "values": {
        "p(90)": 0.0233754,
        "p(95)": 0.027656999999999994,
        "p(99.99)": 0.3608733128999937,
        "max": 0.374073,
        "min": 0.008279,
        "med": 0.0146395,
        "p(50)": 0.0146395,
        "p(99)": 0.09192175999999999,
        "count": 1000,
        "avg": 0.01823471499999998
      }
    },
    "iteration_duration": {
      "type": "trend",
      "contains": "time",
      "values": {
        "med": 14.7668875,
        "p(50)": 14.7668875,
        "p(90)": 30.9503646,
        "p(95)": 32.9652132,
        "p(99)": 36.977184130000005,
        "avg": 18.363538094000003,
        "min": 11.929889,
        "max": 41.09624,
        "p(99.99)": 41.061380094799986,
        "count": 1000
      }
    },
    "iterations": {
      "type": "counter",
      "contains": "default",
      "values": {
        "count": 1000,
        "rate": 54.40268856398224
      }
    },
    "response_time": {
      "type": "trend",
      "contains": "default",
      "values": {
        "max": 40.919521,
        "p(50)": 14.568600499999999,
        "p(90)": 30.7627677,
        "p(99.99)": 40.883558598399986,
        "count": 1000,
        "avg": 18.16346410800002,
        "min": 11.76879,
        "med": 14.568600499999999,
        "p(95)": 32.76271934999999,
        "p(99)": 36.7854248
      }
    },
    "http_req_tls_handshaking": {
      "contains": "time",
      "values": {
        "avg": 0,
        "min": 0,
        "med": 0,
        "p(50)": 0,
        "p(99)": 0,
        "max": 0,
        "p(90)": 0,
        "p(95)": 0,
        "p(99.99)": 0,
        "count": 1000
      },
      "type": "trend"
    },
    "http_reqs": {
      "values": {
        "count": 1000,
        "rate": 54.40268856398224
      },
      "type": "counter",
      "contains": "default"
    },
    "http_req_receiving": {
      "type": "trend",
      "contains": "time",
      "values": {
        "med": 0.0759885,
        "p(50)": 0.0759885,
        "p(90)": 0.1015224,
        "p(99)": 0.25898388999999994,
        "count": 1000,
        "min": 0.044987,
        "max": 19.197543,
        "p(95)": 0.11415335,
        "p(99.99)": 18.916246977599865,
        "avg": 0.13736011300000017
      }
    }
  }
}