{
  "root_group": {
    "name": "",
    "path": "",
    "id": "d41d8cd98f00b204e9800998ecf8427e",
    "groups": [],
    "checks": [
        {
          "path": "::is status 200",
          "id": "548d37ca5f33793206f7832e7cea54fb",
          "passes": 10000,
          "fails": 0,
          "name": "is status 200"
        }
      ]
  },
  "options": {
    "summaryTrendStats": [
      "avg",
      "min",
      "med",
      "max",
      "p(50)",
      "p(90)",
      "p(95)",
      "p(99)",
      "p(99.99)",
      "count"
    ],
    "summaryTimeUnit": "ms",
    "noColor": false
  },
  "state": {
    "isStdOutTTY": false,
    "isStdErrTTY": false,
    "testRunDurationMs": 26978.281119
  },
  "metrics": {
    "data_sent": {
      "contains": "data",
      "values": {
        "count": 3910000,
        "rate": 144931.39806621347
      },
      "type": "counter"
    },
    "http_req_sending": {
      "type": "trend",
      "contains": "time",
      "values": {
        "min": 0.008476,
        "med": 0.019982,
        "p(50)": 0.019982,
        "p(90)": 0.026849700000000004,
        "count": 10000,
        "avg": 0.021905381500000022,
        "max": 0.43187,
        "p(95)": 0.03171089999999997,
        "p(99)": 0.06594592000000002,
        "p(99.99)": 0.36833335429995506
      }
    },
    "http_req_waiting": {
      "type": "trend",
      "contains": "time",
      "values": {
        "count": 10000,
        "min": 1.056096,
        "med": 1.649212,
        "p(50)": 1.649212,
        "p(99)": 6.70587973000002,
        "p(99.99)": 34.41179028629821,
        "avg": 1.8276719117000044,
        "max": 36.9444,
        "p(90)": 2.174141,
        "p(95)": 2.560706249999998
      }
    },
    "http_req_receiving": {
      "type": "trend",
      "contains": "time",
      "values": {
        "min": 0.085499,
        "max": 37.439883,
        "p(50)": 0.47215850000000004,
        "count": 10000,
        "avg": 0.5502486113999997,
        "med": 0.47215850000000004,
        "p(90)": 0.7706142,
        "p(95)": 0.921694299999999,
        "p(99)": 2.0245059400000005,
        "p(99.99)": 35.94463253999894
      }
    },
    "data_received": {
      "type": "counter",
      "contains": "data",
      "values": {
        "count": 640407100,
        "rate": 23737876.300391145
      }
    },
    "vus_max": {
      "contains": "default",
      "values": {
        "value": 1,
        "min": 1,
        "max": 1
      },
      "type": "gauge"
    },
    "http_reqs": {
      "type": "counter",
      "contains": "default",
      "values": {
        "count": 10000,
        "rate": 370.6685372537429
      }
    },
    "iterations": {
      "type": "counter",
      "contains": "default",
      "values": {
        "count": 10000,
        "rate": 370.6685372537429
      }
    },
    "response_size": {
      "type": "trend",
      "contains": "default",
      "values": {
        "avg": 63935.48,
        "min": 63884,
        "med": 63936,
        "p(50)": 63936,
        "p(90)": 63936,
        "p(95)": 63936,
        "p(99.99)": 63936,
        "count": 10000,
        "max": 63936,
        "p(99)": 63936
      }
    },
    "http_req_tls_handshaking": {
      "type": "trend",
      "contains": "time",
      "values": {
        "count": 10000,
        "avg": 0,
        "min": 0,
        "med": 0,
        "max": 0,
        "p(90)": 0,
        "p(95)": 0,
        "p(50)": 0,
        "p(99)": 0,
        "p(99.99)": 0
      }
    },
    "iteration_duration": {
      "values": {
        "avg": 2.679448252100004,
        "p(50)": 2.422357,
        "p(90)": 3.352339700000001,
        "p(99)": 7.952553610000002,
        "count": 10000,
        "min": 1.748727,
        "med": 2.422357,
        "max": 40.187245,
        "p(95)": 3.8285306499999985,
        "p(99.99)": 38.430684673598755
      },
      "type": "trend",
      "contains": "time"
    },
    "http_req_connecting": {
      "values": {
        "p(99)": 0.0009277800000202515,
        "p(99.99)": 0.27473296519994367,
        "med": 0,
        "p(50)": 0,
        "max": 0.354377,
        "p(90)": 0,
        "p(95)": 0,
        "count": 10000,
        "avg": 0.0015787388000000002,
        "min": 0
      },
      "type": "trend",
      "contains": "time"
    },
    "vus": {
      "type": "gauge",
      "contains": "default",
      "values": {
        "value": 1,
        "min": 1,
        "max": 1
      }
    },
    "http_req_duration{expected_response:true}": {
      "type": "trend",
      "contains": "time",
      "values": {
        "avg": 2.399825904599999,
        "min": 1.57953,
        "p(50)": 2.1449420000000003,
        "p(90)": 3.038773300000001,
        "p(99.99)": 37.99666087779884,
        "count": 10000,
        "med": 2.1449420000000003,
        "max": 39.635275,
        "p(95)": 3.522036949999999,
        "p(99)": 7.415314990000013
      }
    },
    "http_req_blocked": {
      "type": "trend",
      "contains": "time",
      "values": {
        "p(99)": 0.16576766000000034,
        "p(99.99)": 0.48245069969996673,
        "avg": 0.008106833399999968,
        "p(90)": 0.0077051,
        "p(95)": 0.0093461,
        "p(50)": 0.00523,
        "count": 10000,
        "min": 0.002653,
        "med": 0.00523,
        "max": 0.529443
      }
    },
    "http_req_failed": {
      "contains": "default",
      "values": {
        "rate": 0,
        "passes": 0,
        "fails": 10000
      },
      "type": "rate"
    },
    "checks": {
      "type": "rate",
      "contains": "default",
      "values": {
        "rate": 1,
        "passes": 10000,
        "fails": 0
      }
    },
    "reponse_size_body": {
      "type": "trend",
      "contains": "default",
      "values": {
        "avg": 63574,
        "med": 63574,
        "p(90)": 63574,
        "p(99.99)": 63574,
        "count": 10000,
        "min": 63574,
        "max": 63574,
        "p(50)": 63574,
        "p(95)": 63574,
        "p(99)": 63574
      }
    },
    "http_req_duration": {
      "type": "trend",
      "contains": "time",
      "values": {
        "count": 10000,
        "min": 1.57953,
        "p(50)": 2.1449420000000003,
        "p(90)": 3.038773300000001,
        "p(95)": 3.522036949999999,
        "p(99)": 7.415314990000013,
        "p(99.99)": 37.99666087779884,
        "avg": 2.399825904599999,
        "med": 2.1449420000000003,
        "max": 39.635275
      }
    },
    "response_time": {
      "type": "trend",
      "contains": "default",
      "values": {
        "min": 1.57953,
        "med": 2.1449420000000003,
        "p(95)": 3.522036949999999,
        "p(99)": 7.415314990000013,
        "p(99.99)": 37.99666087779884,
        "count": 10000,
        "avg": 2.399825904599999,
        "max": 39.635275,
        "p(50)": 2.1449420000000003,
        "p(90)": 3.038773300000001
      }
    }
  }
}