{
  "root_group": {
    "id": "d41d8cd98f00b204e9800998ecf8427e",
    "groups": [],
    "checks": [
        {
          "id": "6210a8cd14cd70477eba5c5e4cb3fb5f",
          "passes": 1000,
          "fails": 0,
          "name": "status is 200",
          "path": "::status is 200"
        }
      ],
    "name": "",
    "path": ""
  },
  "options": {
    "noColor": false,
    "summaryTrendStats": [
      "avg",
      "min",
      "med",
      "max",
      "p(50)",
      "p(90)",
      "p(95)",
      "p(99)",
      "p(99.99)",
      "count"
    ],
    "summaryTimeUnit": "ms"
  },
  "state": {
    "isStdOutTTY": false,
    "isStdErrTTY": false,
    "testRunDurationMs": 20833.511386
  },
  "metrics": {
    "iterations": {
      "values": {
        "count": 1000,
        "rate": 47.99958977016204
      },
      "type": "counter",
      "contains": "default"
    },
    "http_req_blocked": {
      "values": {
        "med": 0.004183,
        "p(50)": 0.004183,
        "p(90)": 0.005661800000000001,
        "p(95)": 0.008583499999999985,
        "p(99)": 0.01894989999999999,
        "count": 1000,
        "avg": 0.005109811000000001,
        "min": 0.002447,
        "max": 0.164796,
        "p(99.99)": 0.16196533349999864
      },
      "type": "trend",
      "contains": "time"
    },
    "vus": {
      "type": "gauge",
      "contains": "default",
      "values": {
        "value": 1,
        "min": 1,
        "max": 1
      }
    },
    "http_req_sending": {
      "type": "trend",
      "contains": "time",
      "values": {
        "p(50)": 0.020275500000000002,
        "p(90)": 0.0285846,
        "p(95)": 0.033178549999999994,
        "p(99)": 0.06385859999999999,
        "p(99.99)": 0.18596092869999586,
        "avg": 0.022182403000000017,
        "min": 0.012923,
        "count": 1000,
        "med": 0.020275500000000002,
        "max": 0.194581
      }
    },
    "http_req_failed": {
      "values": {
        "passes": 0,
        "fails": 1000,
        "rate": 0
      },
      "type": "rate",
      "contains": "default"
    },
    "reponse_size": {
      "type": "trend",
      "contains": "default",
      "values": {
        "min": 97,
        "p(50)": 97,
        "p(90)": 97,
        "p(99)": 97,
        "p(99.99)": 97,
        "avg": 97,
        "med": 97,
        "max": 97,
        "p(95)": 97,
        "count": 1000
      }
    },
    "data_received": {
      "type": "counter",
      "contains": "data",
      "values": {
        "count": 683383,
        "rate": 32802.10365590265
      }
    },
    "vus_max": {
      "type": "gauge",
      "contains": "default",
      "values": {
        "value": 1,
        "min": 1,
        "max": 1
      }
    },
    "http_req_waiting": {
      "type": "trend",
      "contains": "time",
      "values": {
        "p(99.99)": 245.2043934364931,
        "count": 1000,
        "avg": 20.165573889,
        "max": 259.663856,
        "p(95)": 32.14659414999999,
        "p(99)": 45.449170069999965,
        "min": 13.970583,
        "med": 16.917623499999998,
        "p(50)": 16.917623499999998,
        "p(90)": 30.0806857
      }
    },
    "iteration_duration": {
      "values": {
        "avg": 20.814509921999964,
        "p(50)": 17.5239675,
        "p(90)": 30.6728035,
        "min": 14.412567,
        "med": 17.5239675,
        "max": 260.638757,
        "p(95)": 32.70386264999999,
        "p(99)": 46.091581529999964,
        "p(99.99)": 246.1929690481931,
        "count": 1000
      },
      "type": "trend",
      "contains": "time"
    },
    "data_sent": {
      "contains": "data",
      "values": {
        "count": 475000,
        "rate": 22799.805140826968
      },
      "type": "counter"
    },
    "checks": {
      "type": "rate",
      "contains": "default",
      "values": {
        "rate": 1,
        "passes": 1000,
        "fails": 0
      }
    },
    "http_reqs": {
      "contains": "default",
      "values": {
        "count": 1000,
        "rate": 47.99958977016204
      },
      "type": "counter"
    },
    "http_req_tls_handshaking": {
      "type": "trend",
      "contains": "time",
      "values": {
        "p(50)": 0,
        "p(95)": 0,
        "p(99)": 0,
        "count": 1000,
        "avg": 0,
        "min": 0,
        "med": 0,
        "max": 0,
        "p(90)": 0,
        "p(99.99)": 0
      }
    },
    "http_req_duration{expected_response:true}": {
      "type": "trend",
      "contains": "time",
      "values": {
        "p(50)": 17.0504355,
        "p(90)": 30.201986,
        "p(99)": 45.55592489999997,
        "min": 14.05551,
        "max": 260.152592,
        "p(95)": 32.25456839999999,
        "p(99.99)": 245.65748181979308,
        "count": 1000,
        "avg": 20.331899946999986,
        "med": 17.0504355
      }
    },
    "http_req_connecting": {
      "type": "trend",
      "contains": "time",
      "values": {
        "min": 0,
        "p(99)": 0,
        "count": 1000,
        "p(90)": 0,
        "p(95)": 0,
        "p(99.99)": 0.07812958009999585,
        "avg": 0.000086801,
        "med": 0,
        "max": 0.086801,
        "p(50)": 0
      }
    },
    "response_time": {
      "type": "trend",
      "contains": "default",
      "values": {
        "avg": 20.331899946999986,
        "med": 17.0504355,
        "p(50)": 17.0504355,
        "p(90)": 30.201986,
        "p(95)": 32.25456839999999,
        "min": 14.05551,
        "max": 260.152592,
        "p(99)": 45.55592489999997,
        "p(99.99)": 245.65748181979308,
        "count": 1000
      }
    },
    "http_req_receiving": {
      "type": "trend",
      "contains": "time",
      "values": {
        "min": 0.050314,
        "p(50)": 0.079804,
        "p(90)": 0.10978080000000001,
        "count": 1000,
        "avg": 0.14414365500000006,
        "max": 39.310931,
        "p(95)": 0.17205529999999986,
        "p(99)": 0.4626036299999998,
        "p(99.99)": 36.05205004309843,
        "med": 0.079804
      }
    },
    "http_req_duration": {
      "type": "trend",
      "contains": "time",
      "values": {
        "avg": 20.331899946999986,
        "p(50)": 17.0504355,
        "p(90)": 30.201986,
        "p(95)": 32.25456839999999,
        "p(99)": 45.55592489999997,
        "p(99.99)": 245.65748181979308,
        "count": 1000,
        "min": 14.05551,
        "med": 17.0504355,
        "max": 260.152592
      }
    }
  }
}