{
  "options": {
    "summaryTrendStats": [
      "avg",
      "min",
      "med",
      "max",
      "p(50)",
      "p(90)",
      "p(95)",
      "p(99)",
      "p(99.99)",
      "count"
    ],
    "summaryTimeUnit": "ms",
    "noColor": false
  },
  "state": {
    "testRunDurationMs": 20544.299054,
    "isStdOutTTY": false,
    "isStdErrTTY": false
  },
  "metrics": {
    "http_reqs": {
      "contains": "default",
      "values": {
        "count": 1000,
        "rate": 48.67530390652578
      },
      "type": "counter"
    },
    "http_req_tls_handshaking": {
      "type": "trend",
      "contains": "time",
      "values": {
        "max": 0,
        "p(90)": 0,
        "p(95)": 0,
        "p(99)": 0,
        "p(99.99)": 0,
        "count": 1000,
        "avg": 0,
        "min": 0,
        "med": 0,
        "p(50)": 0
      }
    },
    "reponse_size": {
      "type": "trend",
      "contains": "default",
      "values": {
        "p(99.99)": 97,
        "count": 1000,
        "max": 97,
        "p(50)": 97,
        "p(99)": 97,
        "p(90)": 97,
        "p(95)": 97,
        "avg": 97,
        "min": 97,
        "med": 97
      }
    },
    "http_req_waiting": {
      "type": "trend",
      "contains": "time",
      "values": {
        "count": 1000,
        "avg": 19.895053143000002,
        "p(50)": 16.991858999999998,
        "p(95)": 28.495390549999996,
        "p(99)": 51.278360939999935,
        "p(99.99)": 234.01746775769305,
        "min": 13.481956,
        "med": 16.991858999999998,
        "max": 248.499429,
        "p(90)": 26.1702595
      }
    },
    "data_received": {
      "type": "counter",
      "contains": "data",
      "values": {
        "count": 683406,
        "rate": 33264.99474154315
      }
    },
    "http_req_sending": {
      "values": {
        "avg": 0.024355922999999988,
        "max": 0.562663,
        "p(50)": 0.0204745,
        "p(90)": 0.0285737,
        "p(99.99)": 0.556402167099997,
        "min": 0.011911,
        "med": 0.0204745,
        "p(95)": 0.0343179,
        "p(99)": 0.07635274999999996,
        "count": 1000
      },
      "type": "trend",
      "contains": "time"
    },
    "checks": {
      "type": "rate",
      "contains": "default",
      "values": {
        "rate": 1,
        "passes": 1000,
        "fails": 0
      }
    },
    "http_req_duration": {
      "type": "trend",
      "contains": "time",
      "values": {
        "p(99.99)": 234.13602805489302,
        "avg": 20.042554722,
        "min": 13.561004,
        "med": 17.153022,
        "p(50)": 17.153022,
        "p(90)": 26.3073513,
        "p(95)": 28.65102975,
        "max": 248.618486,
        "p(99)": 51.446952049999936,
        "count": 1000
      }
    },
    "http_req_receiving": {
      "contains": "time",
      "values": {
        "med": 0.0803285,
        "max": 13.11017,
        "p(50)": 0.0803285,
        "p(95)": 0.26510034999999976,
        "min": 0.04927,
        "p(90)": 0.11887190000000002,
        "p(99)": 0.47848692999999975,
        "p(99.99)": 12.621882975799767,
        "count": 1000,
        "avg": 0.1231456559999999
      },
      "type": "trend"
    },
    "vus_max": {
      "type": "gauge",
      "contains": "default",
      "values": {
        "value": 1,
        "min": 1,
        "max": 1
      }
    },
    "vus": {
      "type": "gauge",
      "contains": "default",
      "values": {
        "value": 1,
        "min": 1,
        "max": 1
      }
    },
    "iteration_duration": {
      "type": "trend",
      "contains": "time",
      "values": {
        "count": 1000,
        "min": 13.95832,
        "med": 17.66212,
        "p(95)": 29.08575175,
        "p(99)": 52.010969299999935,
        "p(99.99)": 234.82145825839302,
        "avg": 20.525379920999992,
        "max": 249.326597,
        "p(50)": 17.66212,
        "p(90)": 26.765084599999998
      }
    },
    "data_sent": {
      "contains": "data",
      "values": {
        "count": 475000,
        "rate": 23120.769355599743
      },
      "type": "counter"
    },
    "http_req_connecting": {
      "contains": "time",
      "values": {
        "count": 1000,
        "avg": 0.00025064799999999996,
        "min": 0,
        "med": 0,
        "p(50)": 0,
        "p(90)": 0,
        "p(95)": 0,
        "max": 0.250648,
        "p(99)": 0,
        "p(99.99)": 0.225608264799988
      },
      "type": "trend"
    },
    "http_req_duration{expected_response:true}": {
      "type": "trend",
      "contains": "time",
      "values": {
        "avg": 20.042554722,
        "p(50)": 17.153022,
        "p(90)": 26.3073513,
        "p(95)": 28.65102975,
        "count": 1000,
        "min": 13.561004,
        "med": 17.153022,
        "max": 248.618486,
        "p(99)": 51.446952049999936,
        "p(99.99)": 234.13602805489302
      }
    },
    "http_req_blocked": {
      "type": "trend",
      "contains": "time",
      "values": {
        "p(50)": 0.004148499999999999,
        "p(90)": 0.005519100000000001,
        "p(99)": 0.01905382999999999,
        "avg": 0.005034953999999995,
        "med": 0.004148499999999999,
        "max": 0.398804,
        "p(95)": 0.007731799999999998,
        "p(99.99)": 0.36557646079998407,
        "count": 1000,
        "min": 0.002394
      }
    },
    "response_time": {
      "values": {
        "p(50)": 17.153022,
        "count": 1000,
        "med": 17.153022,
        "max": 248.618486,
        "p(90)": 26.3073513,
        "p(95)": 28.65102975,
        "p(99)": 51.446952049999936,
        "p(99.99)": 234.13602805489302,
        "avg": 20.042554722,
        "min": 13.561004
      },
      "type": "trend",
      "contains": "default"
    },
    "iterations": {
      "type": "counter",
      "contains": "default",
      "values": {
        "count": 1000,
        "rate": 48.67530390652578
      }
    },
    "http_req_failed": {
      "type": "rate",
      "contains": "default",
      "values": {
        "passes": 0,
        "fails": 1000,
        "rate": 0
      }
    }
  },
  "root_group": {
    "id": "d41d8cd98f00b204e9800998ecf8427e",
    "groups": [],
    "checks": [
        {
          "name": "status is 200",
          "path": "::status is 200",
          "id": "6210a8cd14cd70477eba5c5e4cb3fb5f",
          "passes": 1000,
          "fails": 0
        }
      ],
    "name": "",
    "path": ""
  }
}