{
  "options": {
    "summaryTrendStats": [
      "avg",
      "min",
      "med",
      "max",
      "p(50)",
      "p(90)",
      "p(95)",
      "p(99)",
      "p(99.99)",
      "count"
    ],
    "summaryTimeUnit": "ms",
    "noColor": false
  },
  "state": {
    "isStdOutTTY": true,
    "isStdErrTTY": true,
    "testRunDurationMs": 2145079.794705
  },
  "metrics": {
    "http_req_failed": {
      "type": "rate",
      "contains": "default",
      "values": {
        "fails": 10000,
        "rate": 0,
        "passes": 0
      }
    },
    "iterations": {
      "type": "counter",
      "contains": "default",
      "values": {
        "count": 10000,
        "rate": 4.661831240350311
      }
    },
    "http_req_receiving": {
      "type": "trend",
      "contains": "time",
      "values": {
        "p(99)": 0.40261551000000073,
        "count": 10000,
        "avg": 0.26509235889999994,
        "min": 0.069483,
        "max": 21.752837,
        "p(50)": 0.14147749999999998,
        "p(95)": 0.23621204999999992,
        "med": 0.14147749999999998,
        "p(90)": 0.20479340000000001,
        "p(99.99)": 21.223921896799627
      }
    },
    "vus": {
      "type": "gauge",
      "contains": "default",
      "values": {
        "value": 1,
        "min": 1,
        "max": 1
      }
    },
    "http_req_blocked": {
      "type": "trend",
      "contains": "time",
      "values": {
        "avg": 0.012946741800000038,
        "min": 0.003887,
        "p(90)": 0.011323600000000001,
        "p(99)": 0.24394266000000128,
        "p(99.99)": 0.7103737155999172,
        "count": 10000,
        "med": 0.0083365,
        "max": 0.827518,
        "p(50)": 0.0083365,
        "p(95)": 0.0134401
      }
    },
    "data_sent": {
      "type": "counter",
      "contains": "data",
      "values": {
        "count": 4780000,
        "rate": 2228.3553328874486
      }
    },
    "http_req_connecting": {
      "type": "trend",
      "contains": "time",
      "values": {
        "avg": 0.0025854585999999986,
        "min": 0,
        "med": 0,
        "p(90)": 0,
        "p(99)": 0.0015429700000336797,
        "count": 10000,
        "max": 0.617011,
        "p(50)": 0,
        "p(95)": 0,
        "p(99.99)": 0.4708236201998966
      }
    },
    "http_req_duration": {
      "values": {
        "p(90)": 234.0689515,
        "p(99)": 257.14073864000005,
        "p(99.99)": 652.5024764952719,
        "med": 210.164717,
        "max": 1116.441034,
        "p(50)": 210.164717,
        "p(95)": 239.31000355,
        "count": 10000,
        "avg": 213.52896836109966,
        "min": 156.952672
      },
      "type": "trend",
      "contains": "time"
    },
    "checks": {
      "type": "rate",
      "contains": "default",
      "values": {
        "passes": 10000,
        "fails": 0,
        "rate": 1
      }
    },
    "http_req_waiting": {
      "type": "trend",
      "contains": "time",
      "values": {
        "avg": 213.2179980207996,
        "min": 156.79056,
        "p(95)": 239.0484965,
        "p(99.99)": 652.2939876195718,
        "count": 10000,
        "med": 209.830811,
        "max": 1116.263785,
        "p(50)": 209.830811,
        "p(90)": 233.81617350000002,
        "p(99)": 256.86194496
      }
    },
    "http_req_tls_handshaking": {
      "type": "trend",
      "contains": "time",
      "values": {
        "med": 0,
        "max": 0,
        "p(50)": 0,
        "count": 10000,
        "avg": 0,
        "min": 0,
        "p(90)": 0,
        "p(95)": 0,
        "p(99)": 0,
        "p(99.99)": 0
      }
    },
    "http_reqs": {
      "type": "counter",
      "contains": "default",
      "values": {
        "count": 10000,
        "rate": 4.661831240350311
      }
    },
    "iteration_duration": {
      "type": "trend",
      "contains": "time",
      "values": {
        "count": 10000,
        "min": 158.021813,
        "p(99)": 258.0355505,
        "max": 653.330194,
        "p(50)": 211.11931950000002,
        "p(90)": 234.977654,
        "p(95)": 240.20556505,
        "p(99.99)": 551.531548882528,
        "avg": 214.38867314599972,
        "med": 211.11931950000002
      }
    },
    "vus_max": {
      "type": "gauge",
      "contains": "default",
      "values": {
        "value": 1,
        "min": 1,
        "max": 1
      }
    },
    "reponse_size": {
      "type": "trend",
      "contains": "default",
      "values": {
        "p(99.99)": 98,
        "min": 97,
        "med": 98,
        "p(95)": 98,
        "p(99)": 98,
        "count": 10000,
        "avg": 97.901,
        "max": 98,
        "p(50)": 98,
        "p(90)": 98
      }
    },
    "data_received": {
      "type": "counter",
      "contains": "data",
      "values": {
        "count": 6407100,
        "rate": 2986.8818940048477
      }
    },
    "response_time": {
      "type": "trend",
      "contains": "default",
      "values": {
        "p(99)": 257.14073864000005,
        "p(99.99)": 652.5024764952719,
        "count": 10000,
        "avg": 213.52896836109966,
        "med": 210.164717,
        "p(50)": 210.164717,
        "p(90)": 234.0689515,
        "min": 156.952672,
        "max": 1116.441034,
        "p(95)": 239.31000355
      }
    },
    "http_req_duration{expected_response:true}": {
      "type": "trend",
      "contains": "time",
      "values": {
        "med": 210.164717,
        "max": 1116.441034,
        "p(50)": 210.164717,
        "p(90)": 234.0689515,
        "avg": 213.52896836109966,
        "min": 156.952672,
        "p(95)": 239.31000355,
        "p(99)": 257.14073864000005,
        "p(99.99)": 652.5024764952719,
        "count": 10000
      }
    },
    "http_req_sending": {
      "type": "trend",
      "contains": "time",
      "values": {
        "p(50)": 0.040254,
        "p(90)": 0.0596604,
        "p(99.99)": 0.6046879659954952,
        "min": 0.021312,
        "max": 6.973711,
        "p(95)": 0.07770504999999994,
        "p(99)": 0.12192832000000019,
        "count": 10000,
        "avg": 0.04587798140000013,
        "med": 0.040254
      }
    }
  },
  "root_group": {
    "groups": [],
    "checks": [
        {
          "passes": 10000,
          "fails": 0,
          "name": "status is 200",
          "path": "::status is 200",
          "id": "6210a8cd14cd70477eba5c5e4cb3fb5f"
        }
      ],
    "name": "",
    "path": "",
    "id": "d41d8cd98f00b204e9800998ecf8427e"
  }
}