{
  "root_group": {
    "path": "",
    "id": "d41d8cd98f00b204e9800998ecf8427e",
    "groups": [],
    "checks": [
        {
          "path": "::is status 200",
          "id": "548d37ca5f33793206f7832e7cea54fb",
          "passes": 30000,
          "fails": 0,
          "name": "is status 200"
        }
      ],
    "name": ""
  },
  "options": {
    "summaryTrendStats": [
      "avg",
      "min",
      "med",
      "max",
      "p(50)",
      "p(90)",
      "p(95)",
      "p(99)",
      "p(99.99)",
      "count"
    ],
    "summaryTimeUnit": "ms",
    "noColor": false
  },
  "state": {
    "isStdOutTTY": true,
    "isStdErrTTY": true,
    "testRunDurationMs": 81183.801368
  },
  "metrics": {
    "vus_max": {
      "values": {
        "value": 1,
        "min": 1,
        "max": 1
      },
      "type": "gauge",
      "contains": "default"
    },
    "http_req_duration": {
      "type": "trend",
      "contains": "time",
      "values": {
        "max": 17.38757,
        "p(50)": 2.2600160000000002,
        "p(90)": 3.131342900000001,
        "count": 30000,
        "med": 2.2600160000000002,
        "min": 1.077333,
        "p(95)": 3.62042905,
        "p(99)": 8.50329675999997,
        "p(99.99)": 15.118362714999831,
        "avg": 2.4490796188666684
      }
    },
    "http_req_sending": {
      "type": "trend",
      "contains": "time",
      "values": {
        "p(95)": 0.03764444999999999,
        "p(99)": 0.07186819999999997,
        "p(99.99)": 0.49526339749986364,
        "count": 30000,
        "max": 0.637554,
        "p(50)": 0.019363,
        "p(90)": 0.030761400000000008,
        "avg": 0.022479366399999912,
        "min": 0.00767,
        "med": 0.019363
      }
    },
    "data_received": {
      "values": {
        "count": 16761300,
        "rate": 206461.13778316812
      },
      "type": "counter",
      "contains": "data"
    },
    "http_req_blocked": {
      "type": "trend",
      "contains": "time",
      "values": {
        "med": 0.005008,
        "max": 0.698391,
        "p(90)": 0.007669,
        "p(99)": 0.2021648299999973,
        "p(99.99)": 0.6351343934999647,
        "avg": 0.008807479533333294,
        "min": 0.002006,
        "p(50)": 0.005008,
        "p(95)": 0.00931205,
        "count": 30000
      }
    },
    "iterations": {
      "values": {
        "count": 30000,
        "rate": 369.5318461870525
      },
      "type": "counter",
      "contains": "default"
    },
    "iteration_duration": {
      "type": "trend",
      "contains": "time",
      "values": {
        "avg": 2.685249099633332,
        "min": 1.230758,
        "med": 2.475493,
        "max": 17.920884,
        "p(50)": 2.475493,
        "p(90)": 3.4452828000000006,
        "p(95)": 3.9869703499999996,
        "p(99)": 8.96419229999989,
        "p(99.99)": 15.679403636399378,
        "count": 30000
      }
    },
    "checks": {
      "type": "rate",
      "contains": "default",
      "values": {
        "rate": 1,
        "passes": 30000,
        "fails": 0
      }
    },
    "data_sent": {
      "type": "counter",
      "contains": "data",
      "values": {
        "count": 10950000,
        "rate": 134879.12385827416
      }
    },
    "http_req_duration{expected_response:true}": {
      "type": "trend",
      "contains": "time",
      "values": {
        "max": 17.38757,
        "p(50)": 2.2600160000000002,
        "p(90)": 3.131342900000001,
        "p(99)": 8.50329675999997,
        "p(99.99)": 15.118362714999831,
        "avg": 2.4490796188666684,
        "min": 1.077333,
        "med": 2.2600160000000002,
        "p(95)": 3.62042905,
        "count": 30000
      }
    },
    "http_req_connecting": {
      "contains": "time",
      "values": {
        "min": 0,
        "p(50)": 0,
        "p(90)": 0,
        "p(99)": 0.0012922899997931418,
        "count": 30000,
        "avg": 0.002156340866666665,
        "med": 0,
        "max": 0.503308,
        "p(95)": 0,
        "p(99.99)": 0.4168632298999942
      },
      "type": "trend"
    },
    "http_req_waiting": {
      "type": "trend",
      "contains": "time",
      "values": {
        "med": 2.161681,
        "p(99)": 8.314096369999943,
        "p(95)": 3.432986599999999,
        "p(99.99)": 14.870223032299773,
        "count": 30000,
        "avg": 2.3390415650333325,
        "min": 1.013645,
        "max": 17.182622,
        "p(50)": 2.161681,
        "p(90)": 2.9844548000000004
      }
    },
    "reponse_size_body": {
      "type": "trend",
      "contains": "default",
      "values": {
        "med": 150,
        "p(95)": 150,
        "p(99)": 150,
        "p(99.99)": 150,
        "avg": 150,
        "min": 150,
        "p(90)": 150,
        "count": 30000,
        "max": 150,
        "p(50)": 150
      }
    },
    "response_time": {
      "type": "trend",
      "contains": "default",
      "values": {
        "p(99)": 8.50329675999997,
        "p(99.99)": 15.118362714999831,
        "min": 1.077333,
        "p(50)": 2.2600160000000002,
        "p(90)": 3.131342900000001,
        "p(95)": 3.62042905,
        "avg": 2.4490796188666684,
        "med": 2.2600160000000002,
        "max": 17.38757,
        "count": 30000
      }
    },
    "response_size": {
      "contains": "default",
      "values": {
        "min": 460,
        "p(90)": 512,
        "p(99)": 512,
        "p(99.99)": 512,
        "count": 30000,
        "avg": 511.48,
        "max": 512,
        "p(50)": 512,
        "p(95)": 512,
        "med": 512
      },
      "type": "trend"
    },
    "http_req_tls_handshaking": {
      "type": "trend",
      "contains": "time",
      "values": {
        "p(95)": 0,
        "p(99)": 0,
        "avg": 0,
        "med": 0,
        "p(50)": 0,
        "p(90)": 0,
        "p(99.99)": 0,
        "count": 30000,
        "min": 0,
        "max": 0
      }
    },
    "http_req_receiving": {
      "contains": "time",
      "values": {
        "min": 0.029402,
        "max": 5.213707,
        "p(50)": 0.0750295,
        "p(99)": 0.23696100999999953,
        "p(99.99)": 3.167734706399982,
        "count": 30000,
        "avg": 0.08755868743333386,
        "med": 0.0750295,
        "p(90)": 0.12172460000000003,
        "p(95)": 0.14323495
      },
      "type": "trend"
    },
    "http_req_failed": {
      "type": "rate",
      "contains": "default",
      "values": {
        "fails": 30000,
        "rate": 0,
        "passes": 0
      }
    },
    "http_reqs": {
      "type": "counter",
      "contains": "default",
      "values": {
        "count": 30000,
        "rate": 369.5318461870525
      }
    },
    "vus": {
      "contains": "default",
      "values": {
        "value": 1,
        "min": 1,
        "max": 1
      },
      "type": "gauge"
    }
  }
}