{
  "state": {
    "isStdOutTTY": false,
    "isStdErrTTY": false,
    "testRunDurationMs": 3141.313776
  },
  "metrics": {
    "http_req_failed": {
      "type": "rate",
      "contains": "default",
      "values": {
        "rate": 0,
        "passes": 0,
        "fails": 1000
      }
    },
    "http_req_sending": {
      "type": "trend",
      "contains": "time",
      "values": {
        "avg": 0.02201765799999996,
        "min": 0.008675,
        "p(50)": 0.021431,
        "p(90)": 0.0268776,
        "p(95)": 0.029055449999999993,
        "p(99.99)": 0.15215292679999726,
        "count": 1000,
        "med": 0.021431,
        "max": 0.157874,
        "p(99)": 0.053485229999999995
      }
    },
    "http_req_tls_handshaking": {
      "type": "trend",
      "contains": "time",
      "values": {
        "max": 0,
        "p(50)": 0,
        "p(95)": 0,
        "p(99)": 0,
        "p(99.99)": 0,
        "count": 1000,
        "min": 0,
        "med": 0,
        "avg": 0,
        "p(90)": 0
      }
    },
    "data_sent": {
      "type": "counter",
      "contains": "data",
      "values": {
        "rate": 120331.81877212129,
        "count": 378000
      }
    },
    "response_size": {
      "type": "trend",
      "contains": "default",
      "values": {
        "avg": 565,
        "max": 565,
        "p(50)": 565,
        "p(90)": 565,
        "count": 1000,
        "min": 565,
        "med": 565,
        "p(95)": 565,
        "p(99)": 565,
        "p(99.99)": 565
      }
    },
    "iterations": {
      "contains": "default",
      "values": {
        "count": 1000,
        "rate": 318.33814489979176
      },
      "type": "counter"
    },
    "http_req_duration": {
      "type": "trend",
      "contains": "time",
      "values": {
        "count": 1000,
        "p(95)": 3.49137805,
        "p(99)": 6.052244509999998,
        "med": 2.6609685,
        "max": 40.201837,
        "p(50)": 2.6609685,
        "p(90)": 3.2175912,
        "p(99.99)": 39.68163981789975,
        "avg": 2.885788849999999,
        "min": 1.521534
      }
    },
    "http_req_duration{expected_response:true}": {
      "type": "trend",
      "contains": "time",
      "values": {
        "min": 1.521534,
        "max": 40.201837,
        "p(90)": 3.2175912,
        "p(95)": 3.49137805,
        "p(99)": 6.052244509999998,
        "count": 1000,
        "avg": 2.885788849999999,
        "med": 2.6609685,
        "p(50)": 2.6609685,
        "p(99.99)": 39.68163981789975
      }
    },
    "vus": {
      "values": {
        "value": 1,
        "min": 1,
        "max": 1
      },
      "type": "gauge",
      "contains": "default"
    },
    "iteration_duration": {
      "values": {
        "p(99.99)": 40.00368982879975,
        "count": 1000,
        "avg": 3.121622457000001,
        "max": 40.525796,
        "p(50)": 2.8875975,
        "p(95)": 3.79483875,
        "p(99)": 6.268281389999998,
        "min": 1.734407,
        "med": 2.8875975,
        "p(90)": 3.4937833
      },
      "type": "trend",
      "contains": "time"
    },
    "http_req_receiving": {
      "type": "trend",
      "contains": "time",
      "values": {
        "min": 0.039018,
        "max": 37.735638,
        "p(50)": 0.0889845,
        "p(99.99)": 34.40490756449841,
        "count": 1000,
        "avg": 0.14257818200000003,
        "med": 0.0889845,
        "p(90)": 0.14558790000000002,
        "p(95)": 0.19919314999999999,
        "p(99)": 0.29750392
      }
    },
    "response_time": {
      "type": "trend",
      "contains": "default",
      "values": {
        "avg": 2.885788849999999,
        "min": 1.521534,
        "max": 40.201837,
        "p(50)": 2.6609685,
        "p(99)": 6.052244509999998,
        "med": 2.6609685,
        "p(90)": 3.2175912,
        "p(95)": 3.49137805,
        "p(99.99)": 39.68163981789975,
        "count": 1000
      }
    },
    "reponse_size_body": {
      "type": "trend",
      "contains": "default",
      "values": {
        "p(95)": 46,
        "p(99.99)": 46,
        "min": 46,
        "med": 46,
        "p(50)": 46,
        "p(99)": 46,
        "count": 1000,
        "avg": 46,
        "max": 46,
        "p(90)": 46
      }
    },
    "vus_max": {
      "type": "gauge",
      "contains": "default",
      "values": {
        "value": 1,
        "min": 1,
        "max": 1
      }
    },
    "http_reqs": {
      "type": "counter",
      "contains": "default",
      "values": {
        "count": 1000,
        "rate": 318.33814489979176
      }
    },
    "http_req_connecting": {
      "type": "trend",
      "contains": "time",
      "values": {
        "avg": 0.00018698300000000002,
        "med": 0,
        "max": 0.186983,
        "p(50)": 0,
        "p(90)": 0,
        "p(99)": 0,
        "min": 0,
        "p(95)": 0,
        "p(99.99)": 0.16830339829999105,
        "count": 1000
      }
    },
    "http_req_waiting": {
      "type": "trend",
      "contains": "time",
      "values": {
        "avg": 2.721193010000003,
        "max": 34.838996,
        "p(90)": 3.0785664,
        "p(95)": 3.3366469499999996,
        "p(99.99)": 34.30798684069975,
        "count": 1000,
        "min": 1.444499,
        "med": 2.535388,
        "p(50)": 2.535388,
        "p(99)": 4.950290869999994
      }
    },
    "data_received": {
      "values": {
        "count": 633055,
        "rate": 201525.55431953768
      },
      "type": "counter",
      "contains": "data"
    },
    "http_req_blocked": {
      "type": "trend",
      "contains": "time",
      "values": {
        "med": 0.005272,
        "p(50)": 0.005272,
        "p(90)": 0.007074400000000001,
        "p(95)": 0.00848535,
        "p(99)": 0.017980719999999995,
        "avg": 0.005937194999999998,
        "min": 0.002176,
        "max": 0.294803,
        "p(99.99)": 0.27229063489998917,
        "count": 1000
      }
    },
    "checks": {
      "type": "rate",
      "contains": "default",
      "values": {
        "rate": 1,
        "passes": 1000,
        "fails": 0
      }
    }
  },
  "root_group": {
    "groups": [],
    "checks": [
        {
          "id": "548d37ca5f33793206f7832e7cea54fb",
          "passes": 1000,
          "fails": 0,
          "name": "is status 200",
          "path": "::is status 200"
        }
      ],
    "name": "",
    "path": "",
    "id": "d41d8cd98f00b204e9800998ecf8427e"
  },
  "options": {
    "summaryTrendStats": [
      "avg",
      "min",
      "med",
      "max",
      "p(50)",
      "p(90)",
      "p(95)",
      "p(99)",
      "p(99.99)",
      "count"
    ],
    "summaryTimeUnit": "ms",
    "noColor": false
  }
}