{
  "options": {
    "noColor": false,
    "summaryTrendStats": [
      "avg",
      "min",
      "med",
      "max",
      "p(50)",
      "p(90)",
      "p(95)",
      "p(99)",
      "p(99.99)",
      "count"
    ],
    "summaryTimeUnit": "ms"
  },
  "state": {
    "isStdOutTTY": false,
    "isStdErrTTY": false,
    "testRunDurationMs": 983238.759462
  },
  "metrics": {
    "data_received": {
      "type": "counter",
      "contains": "data",
      "values": {
        "count": 6653531,
        "rate": 6766.95353592511
      }
    },
    "data_sent": {
      "type": "counter",
      "contains": "data",
      "values": {
        "count": 5300000,
        "rate": 5390.348935084707
      }
    },
    "http_req_waiting": {
      "type": "trend",
      "contains": "time",
      "values": {
        "avg": 97.68623430720015,
        "min": 66.230675,
        "med": 97.67828,
        "max": 281.530037,
        "p(50)": 97.67828,
        "p(99.99)": 258.918830346784,
        "p(90)": 102.69534110000001,
        "p(95)": 106.08365029999999,
        "p(99)": 132.76787661999998,
        "count": 10000
      }
    },
    "vus_max": {
      "type": "gauge",
      "contains": "default",
      "values": {
        "value": 1,
        "min": 1,
        "max": 1
      }
    },
    "http_req_blocked": {
      "type": "trend",
      "contains": "time",
      "values": {
        "med": 0.00466,
        "max": 0.396667,
        "p(95)": 0.01148005,
        "p(99.99)": 0.27641802609991495,
        "avg": 0.0060805042999999784,
        "min": 0.002337,
        "p(50)": 0.00466,
        "p(90)": 0.008115300000000002,
        "p(99)": 0.02821132000000001,
        "count": 10000
      }
    },
    "http_req_connecting": {
      "type": "trend",
      "contains": "time",
      "values": {
        "p(90)": 0,
        "p(95)": 0,
        "p(99)": 0,
        "count": 10000,
        "avg": 0.0000172054,
        "max": 0.172054,
        "p(50)": 0,
        "min": 0,
        "med": 0,
        "p(99.99)": 0.00001720539987831944
      }
    },
    "http_req_duration{expected_response:true}": {
      "type": "trend",
      "contains": "time",
      "values": {
        "p(95)": 106.70453574999999,
        "p(99.99)": 259.00526319548396,
        "avg": 97.94835917170018,
        "max": 281.664952,
        "p(50)": 97.8433565,
        "p(90)": 102.8633191,
        "p(99)": 132.87192548,
        "count": 10000,
        "min": 66.346859,
        "med": 97.8433565
      }
    },
    "http_req_sending": {
      "values": {
        "avg": 0.029362116300000036,
        "min": 0.012108,
        "med": 0.024111,
        "max": 0.529356,
        "p(50)": 0.024111,
        "p(99.99)": 0.506635272299984,
        "p(90)": 0.03667050000000001,
        "p(95)": 0.052938199999999984,
        "p(99)": 0.1373200100000002,
        "count": 10000
      },
      "type": "trend",
      "contains": "time"
    },
    "http_req_receiving": {
      "type": "trend",
      "contains": "time",
      "values": {
        "min": 0.039085,
        "med": 0.101092,
        "p(50)": 0.101092,
        "p(90)": 0.1448091,
        "p(95)": 0.22301029999999994,
        "p(99.99)": 27.136328952298726,
        "count": 10000,
        "avg": 0.2327627482000003,
        "p(99)": 0.4725995600000028,
        "max": 28.935672
      }
    },
    "iteration_duration": {
      "type": "trend",
      "contains": "time",
      "values": {
        "avg": 98.2993760243999,
        "p(99)": 133.18646604,
        "p(50)": 98.1984525,
        "p(90)": 103.2245041,
        "p(95)": 106.95997715,
        "p(99.99)": 259.2802824637839,
        "count": 10000,
        "min": 66.690281,
        "med": 98.1984525,
        "max": 281.952653
      }
    },
    "response_time": {
      "type": "trend",
      "contains": "default",
      "values": {
        "max": 281.664952,
        "p(50)": 97.8433565,
        "p(95)": 106.70453574999999,
        "count": 10000,
        "med": 97.8433565,
        "min": 66.346859,
        "p(90)": 102.8633191,
        "p(99)": 132.87192548,
        "p(99.99)": 259.00526319548396,
        "avg": 97.94835917170018
      }
    },
    "http_req_duration": {
      "type": "trend",
      "contains": "time",
      "values": {
        "med": 97.8433565,
        "max": 281.664952,
        "p(50)": 97.8433565,
        "p(90)": 102.8633191,
        "p(99)": 132.87192548,
        "p(99.99)": 259.00526319548396,
        "count": 10000,
        "avg": 97.94835917170018,
        "p(95)": 106.70453574999999,
        "min": 66.346859
      }
    },
    "http_req_tls_handshaking": {
      "type": "trend",
      "contains": "time",
      "values": {
        "min": 0,
        "p(95)": 0,
        "count": 10000,
        "p(90)": 0,
        "p(99)": 0,
        "p(99.99)": 0,
        "avg": 0,
        "med": 0,
        "max": 0,
        "p(50)": 0
      }
    },
    "vus": {
      "type": "gauge",
      "contains": "default",
      "values": {
        "value": 1,
        "min": 1,
        "max": 1
      }
    },
    "http_reqs": {
      "type": "counter",
      "contains": "default",
      "values": {
        "count": 10000,
        "rate": 10.17046968883907
      }
    },
    "http_req_failed": {
      "type": "rate",
      "contains": "default",
      "values": {
        "rate": 0,
        "passes": 0,
        "fails": 10000
      }
    },
    "iterations": {
      "type": "counter",
      "contains": "default",
      "values": {
        "count": 10000,
        "rate": 10.17046968883907
      }
    },
    "reponse_size": {
      "values": {
        "max": 213,
        "p(95)": 213,
        "p(99)": 213,
        "p(99.99)": 213,
        "count": 10000,
        "avg": 212.7741,
        "min": 208,
        "med": 213,
        "p(50)": 213,
        "p(90)": 213
      },
      "type": "trend",
      "contains": "default"
    },
    "checks": {
      "type": "rate",
      "contains": "default",
      "values": {
        "rate": 1,
        "passes": 10000,
        "fails": 0
      }
    }
  },
  "root_group": {
    "groups": [],
    "checks": [
        {
          "name": "is status 200",
          "path": "::is status 200",
          "id": "548d37ca5f33793206f7832e7cea54fb",
          "passes": 10000,
          "fails": 0
        }
      ],
    "name": "",
    "path": "",
    "id": "d41d8cd98f00b204e9800998ecf8427e"
  }
}