{
  "options": {
    "summaryTrendStats": [
      "avg",
      "min",
      "med",
      "max",
      "p(50)",
      "p(90)",
      "p(95)",
      "p(99)",
      "p(99.99)",
      "count"
    ],
    "summaryTimeUnit": "ms",
    "noColor": false
  },
  "state": {
    "isStdOutTTY": false,
    "isStdErrTTY": false,
    "testRunDurationMs": 171023.969427
  },
  "metrics": {
    "http_req_duration{expected_response:true}": {
      "type": "trend",
      "contains": "time",
      "values": {
        "p(99)": 27.1953429,
        "p(99.99)": 38.75757995009277,
        "count": 10000,
        "avg": 16.881999664700004,
        "min": 11.72309,
        "med": 14.893534500000001,
        "p(90)": 23.666165600000003,
        "max": 48.986058,
        "p(50)": 14.893534500000001,
        "p(95)": 24.96701745
      }
    },
    "vus": {
      "values": {
        "min": 1,
        "max": 1,
        "value": 1
      },
      "type": "gauge",
      "contains": "default"
    },
    "http_req_sending": {
      "type": "trend",
      "contains": "time",
      "values": {
        "count": 10000,
        "avg": 0.017173859100000043,
        "min": 0.009456,
        "max": 0.314575,
        "p(50)": 0.015347,
        "p(99.99)": 0.21367709079992864,
        "med": 0.015347,
        "p(90)": 0.022102200000000002,
        "p(95)": 0.026038249999999995,
        "p(99)": 0.038154280000000027
      }
    },
    "iteration_duration": {
      "values": {
        "count": 10000,
        "p(50)": 15.091408,
        "min": 11.897217,
        "med": 15.091408,
        "max": 49.224553,
        "p(90)": 23.8721248,
        "p(95)": 25.176352599999998,
        "p(99)": 27.433805070000005,
        "p(99.99)": 39.01792376499278,
        "avg": 17.08357233689998
      },
      "type": "trend",
      "contains": "time"
    },
    "data_received": {
      "type": "counter",
      "contains": "data",
      "values": {
        "count": 6837668,
        "rate": 39980.75838672775
      }
    },
    "data_sent": {
      "type": "counter",
      "contains": "data",
      "values": {
        "rate": 22511.464404077797,
        "count": 3850000
      }
    },
    "reponse_size": {
      "type": "trend",
      "contains": "default",
      "values": {
        "med": 97,
        "max": 98,
        "p(90)": 98,
        "p(95)": 98,
        "p(99.99)": 98,
        "avg": 97.3087,
        "min": 97,
        "p(50)": 97,
        "p(99)": 98,
        "count": 10000
      }
    },
    "http_reqs": {
      "values": {
        "count": 10000,
        "rate": 58.471336114487784
      },
      "type": "counter",
      "contains": "default"
    },
    "http_req_waiting": {
      "type": "trend",
      "contains": "time",
      "values": {
        "p(99.99)": 38.62920666569276,
        "count": 10000,
        "min": 11.642264,
        "p(50)": 14.768569,
        "p(90)": 23.551989700000004,
        "p(95)": 24.83740545,
        "p(99)": 27.073476420000006,
        "avg": 16.733685724799905,
        "med": 14.768569,
        "max": 48.86484
      }
    },
    "http_req_receiving": {
      "type": "trend",
      "contains": "time",
      "values": {
        "count": 10000,
        "min": 0.041559,
        "med": 0.0806705,
        "max": 20.140905,
        "p(95)": 0.2505739499999999,
        "p(99)": 0.52476144,
        "avg": 0.13114008080000022,
        "p(50)": 0.0806705,
        "p(90)": 0.11633780000000003,
        "p(99.99)": 11.123915789093623
      }
    },
    "iterations": {
      "type": "counter",
      "contains": "default",
      "values": {
        "count": 10000,
        "rate": 58.471336114487784
      }
    },
    "vus_max": {
      "type": "gauge",
      "contains": "default",
      "values": {
        "min": 1,
        "max": 1,
        "value": 1
      }
    },
    "checks": {
      "type": "rate",
      "contains": "default",
      "values": {
        "passes": 10000,
        "fails": 0,
        "rate": 1
      }
    },
    "http_req_tls_handshaking": {
      "type": "trend",
      "contains": "time",
      "values": {
        "min": 0,
        "max": 0,
        "p(90)": 0,
        "p(95)": 0,
        "p(99.99)": 0,
        "avg": 0,
        "med": 0,
        "p(50)": 0,
        "p(99)": 0,
        "count": 10000
      }
    },
    "http_req_failed": {
      "type": "rate",
      "contains": "default",
      "values": {
        "rate": 0,
        "passes": 0,
        "fails": 10000
      }
    },
    "http_req_connecting": {
      "type": "trend",
      "contains": "time",
      "values": {
        "med": 0,
        "max": 0.312082,
        "p(50)": 0,
        "p(99)": 0,
        "p(99.99)": 0.00003120819977928841,
        "avg": 0.000031208200000000004,
        "min": 0,
        "p(90)": 0,
        "p(95)": 0,
        "count": 10000
      }
    },
    "http_req_blocked": {
      "type": "trend",
      "contains": "time",
      "values": {
        "p(99)": 0.01796278000000004,
        "count": 10000,
        "avg": 0.004982598999999977,
        "max": 0.422541,
        "p(95)": 0.00938005,
        "p(90)": 0.0059271,
        "p(99.99)": 0.21898835729985602,
        "min": 0.002321,
        "med": 0.004128,
        "p(50)": 0.004128
      }
    },
    "response_time": {
      "type": "trend",
      "contains": "default",
      "values": {
        "p(99)": 27.1953429,
        "count": 10000,
        "min": 11.72309,
        "med": 14.893534500000001,
        "p(50)": 14.893534500000001,
        "p(95)": 24.96701745,
        "p(99.99)": 38.75757995009277,
        "avg": 16.881999664700004,
        "max": 48.986058,
        "p(90)": 23.666165600000003
      }
    },
    "http_req_duration": {
      "type": "trend",
      "contains": "time",
      "values": {
        "min": 11.72309,
        "med": 14.893534500000001,
        "max": 48.986058,
        "p(99)": 27.1953429,
        "p(99.99)": 38.75757995009277,
        "avg": 16.881999664700004,
        "p(50)": 14.893534500000001,
        "p(90)": 23.666165600000003,
        "p(95)": 24.96701745,
        "count": 10000
      }
    }
  },
  "root_group": {
    "name": "",
    "path": "",
    "id": "d41d8cd98f00b204e9800998ecf8427e",
    "groups": [],
    "checks": [
        {
          "fails": 0,
          "name": "is status 200",
          "path": "::is status 200",
          "id": "548d37ca5f33793206f7832e7cea54fb",
          "passes": 10000
        }
      ]
  }
}