{
  "root_group": {
    "groups": [],
    "checks": [
        {
          "path": "::is status 200",
          "id": "548d37ca5f33793206f7832e7cea54fb",
          "passes": 1000,
          "fails": 0,
          "name": "is status 200"
        }
      ],
    "name": "",
    "path": "",
    "id": "d41d8cd98f00b204e9800998ecf8427e"
  },
  "options": {
    "noColor": false,
    "summaryTrendStats": [
      "avg",
      "min",
      "med",
      "max",
      "p(50)",
      "p(90)",
      "p(95)",
      "p(99)",
      "p(99.99)",
      "count"
    ],
    "summaryTimeUnit": "ms"
  },
  "state": {
    "isStdOutTTY": false,
    "isStdErrTTY": false,
    "testRunDurationMs": 1890.189177
  },
  "metrics": {
    "checks": {
      "contains": "default",
      "values": {
        "passes": 1000,
        "fails": 0,
        "rate": 1
      },
      "type": "rate"
    },
    "http_req_waiting": {
      "type": "trend",
      "contains": "time",
      "values": {
        "min": 0.845218,
        "max": 59.463523,
        "p(90)": 1.7487934,
        "p(99.99)": 59.0345003520998,
        "count": 1000,
        "avg": 1.5999513600000017,
        "p(50)": 1.3159325000000002,
        "p(95)": 1.9276645,
        "p(99)": 8.16515789,
        "med": 1.3159325000000002
      }
    },
    "iteration_duration": {
      "type": "trend",
      "contains": "time",
      "values": {
        "p(99)": 8.78925613,
        "p(99.99)": 59.4686704673998,
        "avg": 1.8743687290000024,
        "min": 1.053845,
        "med": 1.577998,
        "max": 59.897109,
        "p(90)": 2.0551780000000006,
        "p(95)": 2.2560812999999995,
        "p(50)": 1.577998,
        "count": 1000
      }
    },
    "http_req_receiving": {
      "type": "trend",
      "contains": "time",
      "values": {
        "p(90)": 0.08179399999999999,
        "p(95)": 0.09923599999999998,
        "p(99)": 0.22329897999999992,
        "min": 0.030294,
        "med": 0.058829,
        "p(50)": 0.058829,
        "count": 1000,
        "avg": 0.06704873399999997,
        "max": 1.381902,
        "p(99.99)": 1.2811185842999517
      }
    },
    "response_time": {
      "type": "trend",
      "contains": "default",
      "values": {
        "avg": 1.6850374699999995,
        "min": 0.912022,
        "med": 1.3981935,
        "max": 59.602549,
        "p(90)": 1.8414918,
        "p(99.99)": 59.175057219699795,
        "p(50)": 1.3981935,
        "p(95)": 2.02261945,
        "p(99)": 8.312031459999998,
        "count": 1000
      }
    },
    "response_size": {
      "type": "trend",
      "contains": "default",
      "values": {
        "med": 512,
        "p(50)": 512,
        "p(90)": 512,
        "p(95)": 512,
        "p(99.99)": 512,
        "avg": 511.48,
        "min": 460,
        "max": 512,
        "p(99)": 512,
        "count": 1000
      }
    },
    "http_req_blocked": {
      "type": "trend",
      "contains": "time",
      "values": {
        "avg": 0.0071266409999999935,
        "min": 0.001792,
        "p(90)": 0.0053457,
        "p(95)": 0.006354249999999998,
        "p(99)": 0.040668219999998395,
        "p(99.99)": 0.36265379689999916,
        "count": 1000,
        "med": 0.00422,
        "max": 0.364349,
        "p(50)": 0.00422
      }
    },
    "http_req_connecting": {
      "type": "trend",
      "contains": "time",
      "values": {
        "avg": 0.001771718,
        "med": 0,
        "p(50)": 0,
        "p(90)": 0,
        "p(99)": 0.001455709999998676,
        "p(99.99)": 0.2578948480999981,
        "count": 1000,
        "min": 0,
        "max": 0.261839,
        "p(95)": 0
      }
    },
    "data_sent": {
      "type": "counter",
      "contains": "data",
      "values": {
        "count": 372000,
        "rate": 196805.69782460455
      }
    },
    "vus_max": {
      "type": "gauge",
      "contains": "default",
      "values": {
        "min": 1,
        "max": 1,
        "value": 1
      }
    },
    "http_req_duration{expected_response:true}": {
      "type": "trend",
      "contains": "time",
      "values": {
        "p(95)": 2.02261945,
        "p(99.99)": 59.175057219699795,
        "count": 1000,
        "min": 0.912022,
        "max": 59.602549,
        "p(50)": 1.3981935,
        "p(99)": 8.312031459999998,
        "avg": 1.6850374699999995,
        "med": 1.3981935,
        "p(90)": 1.8414918
      }
    },
    "reponse_size_body": {
      "type": "trend",
      "contains": "default",
      "values": {
        "med": 150,
        "max": 150,
        "p(50)": 150,
        "p(95)": 150,
        "p(99)": 150,
        "count": 1000,
        "avg": 150,
        "min": 150,
        "p(90)": 150,
        "p(99.99)": 150
      }
    },
    "http_req_sending": {
      "type": "trend",
      "contains": "time",
      "values": {
        "avg": 0.018037376000000004,
        "med": 0.01691,
        "p(95)": 0.024965799999999993,
        "p(99)": 0.05561774999999999,
        "count": 1000,
        "min": 0.007853,
        "max": 0.204178,
        "p(50)": 0.01691,
        "p(90)": 0.021465400000000003,
        "p(99.99)": 0.2004580236999982
      }
    },
    "vus": {
      "type": "gauge",
      "contains": "default",
      "values": {
        "value": 1,
        "min": 1,
        "max": 1
      }
    },
    "http_reqs": {
      "type": "counter",
      "contains": "default",
      "values": {
        "count": 1000,
        "rate": 529.047574797324
      }
    },
    "http_req_failed": {
      "type": "rate",
      "contains": "default",
      "values": {
        "rate": 0,
        "passes": 0,
        "fails": 1000
      }
    },
    "iterations": {
      "type": "counter",
      "contains": "default",
      "values": {
        "count": 1000,
        "rate": 529.047574797324
      }
    },
    "data_received": {
      "type": "counter",
      "contains": "data",
      "values": {
        "count": 558710,
        "rate": 295584.1705150129
      }
    },
    "http_req_tls_handshaking": {
      "type": "trend",
      "contains": "time",
      "values": {
        "avg": 0,
        "min": 0,
        "max": 0,
        "p(50)": 0,
        "p(99)": 0,
        "p(99.99)": 0,
        "count": 1000,
        "med": 0,
        "p(90)": 0,
        "p(95)": 0
      }
    },
    "http_req_duration": {
      "type": "trend",
      "contains": "time",
      "values": {
        "count": 1000,
        "avg": 1.6850374699999995,
        "min": 0.912022,
        "med": 1.3981935,
        "p(95)": 2.02261945,
        "p(99)": 8.312031459999998,
        "max": 59.602549,
        "p(50)": 1.3981935,
        "p(90)": 1.8414918,
        "p(99.99)": 59.175057219699795
      }
    }
  }
}