{
  "metrics": {
    "data_received": {
      "type": "counter",
      "contains": "data",
      "values": {
        "count": 5867100,
        "rate": 367880.97555328324
      }
    },
    "http_req_connecting": {
      "type": "trend",
      "contains": "time",
      "values": {
        "p(50)": 0,
        "p(99)": 0.000968350000021137,
        "count": 10000,
        "p(90)": 0,
        "p(95)": 0,
        "p(99.99)": 0.31314176309971875,
        "avg": 0.0016996663000000008,
        "min": 0,
        "med": 0,
        "max": 0.710733
      }
    },
    "iterations": {
      "contains": "default",
      "values": {
        "count": 10000,
        "rate": 627.0235304550514
      },
      "type": "counter"
    },
    "vus_max": {
      "type": "gauge",
      "contains": "default",
      "values": {
        "value": 1,
        "min": 1,
        "max": 1
      }
    },
    "data_sent": {
      "type": "counter",
      "contains": "data",
      "values": {
        "count": 3780000,
        "rate": 237014.89451200946
      }
    },
    "http_req_receiving": {
      "type": "trend",
      "contains": "time",
      "values": {
        "med": 0.059281,
        "max": 2.213987,
        "p(90)": 0.08218570000000001,
        "count": 10000,
        "avg": 0.06720110440000013,
        "min": 0.023108,
        "p(50)": 0.059281,
        "p(95)": 0.09971699999999994,
        "p(99)": 0.2266546600000005,
        "p(99.99)": 1.9559088103998175
      }
    },
    "vus": {
      "type": "gauge",
      "contains": "default",
      "values": {
        "min": 1,
        "max": 1,
        "value": 1
      }
    },
    "http_req_sending": {
      "type": "trend",
      "contains": "time",
      "values": {
        "avg": 0.017684280400000012,
        "min": 0.005742,
        "max": 0.367995,
        "p(50)": 0.016702500000000002,
        "p(95)": 0.0237431,
        "p(99)": 0.05390865000000006,
        "med": 0.016702500000000002,
        "p(90)": 0.020743400000000002,
        "p(99.99)": 0.3196888310999659,
        "count": 10000
      }
    },
    "http_req_tls_handshaking": {
      "type": "trend",
      "contains": "time",
      "values": {
        "avg": 0,
        "med": 0,
        "max": 0,
        "p(99)": 0,
        "p(99.99)": 0,
        "count": 10000,
        "min": 0,
        "p(50)": 0,
        "p(90)": 0,
        "p(95)": 0
      }
    },
    "http_reqs": {
      "type": "counter",
      "contains": "default",
      "values": {
        "count": 10000,
        "rate": 627.0235304550514
      }
    },
    "http_req_duration": {
      "type": "trend",
      "contains": "time",
      "values": {
        "max": 16.746628,
        "p(99)": 5.711497170000134,
        "p(99.99)": 10.929839736995886,
        "count": 10000,
        "avg": 1.3913297704000063,
        "min": 0.64636,
        "med": 1.290838,
        "p(50)": 1.290838,
        "p(90)": 1.6359334,
        "p(95)": 1.7815415499999998
      }
    },
    "http_req_blocked": {
      "type": "trend",
      "contains": "time",
      "values": {
        "p(50)": 0.004312,
        "p(99)": 0.14340470000000044,
        "min": 0.001359,
        "med": 0.004312,
        "max": 0.83724,
        "p(99.99)": 0.5585888678998029,
        "count": 10000,
        "avg": 0.007140183499999966,
        "p(90)": 0.0054473,
        "p(95)": 0.0063190999999999985
      }
    },
    "checks": {
      "type": "rate",
      "contains": "default",
      "values": {
        "rate": 1,
        "passes": 10000,
        "fails": 0
      }
    },
    "iteration_duration": {
      "type": "trend",
      "contains": "time",
      "values": {
        "max": 17.153625,
        "p(50)": 1.4756905,
        "p(90)": 1.8410651000000002,
        "avg": 1.5793071213999934,
        "min": 0.744889,
        "med": 1.4756905,
        "p(95)": 2.0022151,
        "p(99)": 6.1469032900001315,
        "p(99.99)": 11.901190295996285,
        "count": 10000
      }
    },
    "response_time": {
      "type": "trend",
      "contains": "default",
      "values": {
        "p(90)": 1.6359334,
        "p(95)": 1.7815415499999998,
        "count": 10000,
        "min": 0.64636,
        "med": 1.290838,
        "max": 16.746628,
        "p(50)": 1.290838,
        "p(99)": 5.711497170000134,
        "p(99.99)": 10.929839736995886,
        "avg": 1.3913297704000063
      }
    },
    "reponse_size_body": {
      "values": {
        "p(99.99)": 44,
        "avg": 44,
        "med": 44,
        "max": 44,
        "p(50)": 44,
        "count": 10000,
        "min": 44,
        "p(90)": 44,
        "p(95)": 44,
        "p(99)": 44
      },
      "type": "trend",
      "contains": "default"
    },
    "http_req_duration{expected_response:true}": {
      "type": "trend",
      "contains": "time",
      "values": {
        "avg": 1.3913297704000063,
        "p(90)": 1.6359334,
        "p(95)": 1.7815415499999998,
        "p(99)": 5.711497170000134,
        "p(99.99)": 10.929839736995886,
        "count": 10000,
        "min": 0.64636,
        "med": 1.290838,
        "max": 16.746628,
        "p(50)": 1.290838
      }
    },
    "http_req_failed": {
      "values": {
        "passes": 0,
        "fails": 10000,
        "rate": 0
      },
      "type": "rate",
      "contains": "default"
    },
    "response_size": {
      "type": "trend",
      "contains": "default",
      "values": {
        "p(95)": 544,
        "p(99)": 544,
        "p(99.99)": 544,
        "count": 10000,
        "min": 492,
        "p(50)": 544,
        "p(90)": 544,
        "avg": 543.48,
        "med": 544,
        "max": 544
      }
    },
    "http_req_waiting": {
      "type": "trend",
      "contains": "time",
      "values": {
        "med": 1.209443,
        "p(50)": 1.209443,
        "p(90)": 1.5412294,
        "p(99)": 5.59535927000013,
        "avg": 1.3064443856000034,
        "max": 16.61155,
        "p(95)": 1.66901485,
        "p(99.99)": 10.667672447195796,
        "count": 10000,
        "min": 0.545657
      }
    }
  },
  "root_group": {
    "name": "",
    "path": "",
    "id": "d41d8cd98f00b204e9800998ecf8427e",
    "groups": [],
    "checks": [
        {
          "name": "is status 200",
          "path": "::is status 200",
          "id": "548d37ca5f33793206f7832e7cea54fb",
          "passes": 10000,
          "fails": 0
        }
      ]
  },
  "options": {
    "summaryTrendStats": [
      "avg",
      "min",
      "med",
      "max",
      "p(50)",
      "p(90)",
      "p(95)",
      "p(99)",
      "p(99.99)",
      "count"
    ],
    "summaryTimeUnit": "ms",
    "noColor": false
  },
  "state": {
    "isStdOutTTY": false,
    "isStdErrTTY": false,
    "testRunDurationMs": 15948.364797
  }
}