{
  "state": {
    "isStdOutTTY": false,
    "isStdErrTTY": false,
    "testRunDurationMs": 17858.838543
  },
  "metrics": {
    "reponse_size": {
      "type": "trend",
      "contains": "default",
      "values": {
        "p(90)": 97,
        "p(99.99)": 97,
        "count": 1000,
        "p(99)": 97,
        "avg": 97,
        "min": 97,
        "med": 97,
        "max": 97,
        "p(50)": 97,
        "p(95)": 97
      }
    },
    "iterations": {
      "contains": "default",
      "values": {
        "count": 1000,
        "rate": 55.99468283406161
      },
      "type": "counter"
    },
    "http_req_waiting": {
      "type": "trend",
      "contains": "time",
      "values": {
        "med": 14.098151,
        "max": 71.884985,
        "p(50)": 14.098151,
        "p(95)": 32.34513305,
        "avg": 17.521869735999992,
        "min": 11.428251,
        "p(90)": 30.4160519,
        "p(99)": 34.328434619999996,
        "p(99.99)": 70.6228189294994,
        "count": 1000
      }
    },
    "vus_max": {
      "type": "gauge",
      "contains": "default",
      "values": {
        "value": 1,
        "min": 1,
        "max": 1
      }
    },
    "vus": {
      "type": "gauge",
      "contains": "default",
      "values": {
        "min": 1,
        "max": 1,
        "value": 1
      }
    },
    "data_received": {
      "type": "counter",
      "contains": "data",
      "values": {
        "count": 639710,
        "rate": 35820.35855577755
      }
    },
    "http_req_tls_handshaking": {
      "type": "trend",
      "contains": "time",
      "values": {
        "med": 0,
        "p(50)": 0,
        "p(99)": 0,
        "count": 1000,
        "avg": 0,
        "max": 0,
        "p(90)": 0,
        "p(95)": 0,
        "p(99.99)": 0,
        "min": 0
      }
    },
    "response_time": {
      "type": "trend",
      "contains": "default",
      "values": {
        "avg": 17.637311495999985,
        "min": 11.525346,
        "med": 14.231372,
        "p(50)": 14.231372,
        "p(99)": 34.509711259999996,
        "max": 71.995046,
        "p(90)": 30.4964286,
        "p(95)": 32.44143035,
        "p(99.99)": 70.73022238969939,
        "count": 1000
      }
    },
    "http_req_blocked": {
      "type": "trend",
      "contains": "time",
      "values": {
        "med": 0.003955500000000001,
        "p(50)": 0.003955500000000001,
        "count": 1000,
        "avg": 0.007341517,
        "min": 0.002371,
        "max": 0.347301,
        "p(90)": 0.0057536,
        "p(95)": 0.009355449999999996,
        "p(99)": 0.15802101999999962,
        "p(99.99)": 0.34675444709999975
      }
    },
    "http_req_sending": {
      "values": {
        "p(95)": 0.028381699999999996,
        "p(99)": 0.07728684999999996,
        "avg": 0.01757848200000001,
        "max": 0.212869,
        "p(90)": 0.022480200000000002,
        "p(99.99)": 0.2103513201999988,
        "count": 1000,
        "min": 0.009771,
        "med": 0.014496,
        "p(50)": 0.014496
      },
      "type": "trend",
      "contains": "time"
    },
    "http_req_receiving": {
      "type": "trend",
      "contains": "time",
      "values": {
        "p(99)": 0.2504809899999999,
        "p(99.99)": 6.106183876599966,
        "med": 0.07634099999999999,
        "max": 6.178588,
        "p(90)": 0.1027684,
        "p(95)": 0.117406,
        "count": 1000,
        "avg": 0.09786327800000014,
        "min": 0.04651,
        "p(50)": 0.07634099999999999
      }
    },
    "http_req_failed": {
      "type": "rate",
      "contains": "default",
      "values": {
        "fails": 1000,
        "rate": 0,
        "passes": 0
      }
    },
    "data_sent": {
      "values": {
        "count": 378000,
        "rate": 21165.99011127529
      },
      "type": "counter",
      "contains": "data"
    },
    "http_reqs": {
      "type": "counter",
      "contains": "default",
      "values": {
        "count": 1000,
        "rate": 55.99468283406161
      }
    },
    "iteration_duration": {
      "type": "trend",
      "contains": "time",
      "values": {
        "p(95)": 32.624913899999996,
        "p(99.99)": 71.10955060029937,
        "max": 72.397162,
        "p(50)": 14.4372345,
        "p(90)": 30.6856512,
        "p(99)": 34.70514005999999,
        "count": 1000,
        "avg": 17.84068822900002,
        "min": 11.697042,
        "med": 14.4372345
      }
    },
    "http_req_duration": {
      "type": "trend",
      "contains": "time",
      "values": {
        "p(99.99)": 70.73022238969939,
        "count": 1000,
        "min": 11.525346,
        "med": 14.231372,
        "p(95)": 32.44143035,
        "p(90)": 30.4964286,
        "p(99)": 34.509711259999996,
        "avg": 17.637311495999985,
        "max": 71.995046,
        "p(50)": 14.231372
      }
    },
    "http_req_duration{expected_response:true}": {
      "type": "trend",
      "contains": "time",
      "values": {
        "p(90)": 30.4964286,
        "p(95)": 32.44143035,
        "p(99)": 34.509711259999996,
        "avg": 17.637311495999985,
        "min": 11.525346,
        "med": 14.231372,
        "count": 1000,
        "max": 71.995046,
        "p(50)": 14.231372,
        "p(99.99)": 70.73022238969939
      }
    },
    "http_req_connecting": {
      "type": "trend",
      "contains": "time",
      "values": {
        "avg": 0.0017896180000000002,
        "min": 0,
        "med": 0,
        "p(95)": 0,
        "p(99.99)": 0.2626648488999982,
        "count": 1000,
        "max": 0.26641,
        "p(50)": 0,
        "p(90)": 0,
        "p(99)": 0.0010865599999990117
      }
    },
    "checks": {
      "type": "rate",
      "contains": "default",
      "values": {
        "rate": 1,
        "passes": 1000,
        "fails": 0
      }
    }
  },
  "root_group": {
    "path": "",
    "id": "d41d8cd98f00b204e9800998ecf8427e",
    "groups": [],
    "checks": [
        {
          "id": "548d37ca5f33793206f7832e7cea54fb",
          "passes": 1000,
          "fails": 0,
          "name": "is status 200",
          "path": "::is status 200"
        }
      ],
    "name": ""
  },
  "options": {
    "noColor": false,
    "summaryTrendStats": [
      "avg",
      "min",
      "med",
      "max",
      "p(50)",
      "p(90)",
      "p(95)",
      "p(99)",
      "p(99.99)",
      "count"
    ],
    "summaryTimeUnit": "ms"
  }
}