{
  "state": {
    "isStdOutTTY": false,
    "isStdErrTTY": false,
    "testRunDurationMs": 3171.895317
  },
  "metrics": {
    "response_size": {
      "type": "trend",
      "contains": "default",
      "values": {
        "p(50)": 63947,
        "p(90)": 63947,
        "avg": 63946.48,
        "min": 63895,
        "med": 63947,
        "max": 63947,
        "p(95)": 63947,
        "p(99)": 63947,
        "p(99.99)": 63947,
        "count": 1000
      }
    },
    "http_reqs": {
      "values": {
        "rate": 315.26891654980807,
        "count": 1000
      },
      "type": "counter",
      "contains": "default"
    },
    "http_req_receiving": {
      "type": "trend",
      "contains": "time",
      "values": {
        "p(95)": 0.9771496,
        "p(99.99)": 46.30690526329997,
        "min": 0.129194,
        "max": 46.367408,
        "p(50)": 0.4979255,
        "p(90)": 0.8029835000000001,
        "avg": 0.7012407310000007,
        "med": 0.4979255,
        "p(99)": 2.8769702099999983,
        "count": 1000
      }
    },
    "http_req_tls_handshaking": {
      "type": "trend",
      "contains": "time",
      "values": {
        "avg": 0,
        "med": 0,
        "max": 0,
        "p(95)": 0,
        "count": 1000,
        "min": 0,
        "p(50)": 0,
        "p(90)": 0,
        "p(99)": 0,
        "p(99.99)": 0
      }
    },
    "reponse_size_body": {
      "type": "trend",
      "contains": "default",
      "values": {
        "p(90)": 63585,
        "p(99)": 63585,
        "avg": 63585,
        "p(50)": 63585,
        "max": 63585,
        "p(95)": 63585,
        "p(99.99)": 63585,
        "count": 1000,
        "min": 63585,
        "med": 63585
      }
    },
    "iteration_duration": {
      "type": "trend",
      "contains": "time",
      "values": {
        "p(50)": 2.604943,
        "p(90)": 3.7915671000000004,
        "p(95)": 4.314057699999999,
        "p(99.99)": 53.85897472009974,
        "count": 1000,
        "avg": 3.1520025109999974,
        "max": 54.395258,
        "p(99)": 13.71964965,
        "min": 1.907468,
        "med": 2.604943
      }
    },
    "vus": {
      "type": "gauge",
      "contains": "default",
      "values": {
        "value": 1,
        "min": 1,
        "max": 1
      }
    },
    "http_req_failed": {
      "type": "rate",
      "contains": "default",
      "values": {
        "rate": 0,
        "passes": 0,
        "fails": 1000
      }
    },
    "http_req_duration": {
      "type": "trend",
      "contains": "time",
      "values": {
        "avg": 2.8595841370000015,
        "min": 1.640939,
        "med": 2.315016,
        "p(50)": 2.315016,
        "p(90)": 3.4781022000000004,
        "p(99)": 13.28538493,
        "count": 1000,
        "max": 54.064526,
        "p(95)": 4.010801649999999,
        "p(99.99)": 53.52745291069974
      }
    },
    "response_time": {
      "type": "trend",
      "contains": "default",
      "values": {
        "avg": 2.8595841370000015,
        "med": 2.315016,
        "max": 54.064526,
        "p(50)": 2.315016,
        "p(99)": 13.28538493,
        "p(99.99)": 53.52745291069974,
        "count": 1000,
        "min": 1.640939,
        "p(90)": 3.4781022000000004,
        "p(95)": 4.010801649999999
      }
    },
    "http_req_duration{expected_response:true}": {
      "type": "trend",
      "contains": "time",
      "values": {
        "avg": 2.8595841370000015,
        "min": 1.640939,
        "med": 2.315016,
        "max": 54.064526,
        "p(50)": 2.315016,
        "p(90)": 3.4781022000000004,
        "p(95)": 4.010801649999999,
        "p(99.99)": 53.52745291069974,
        "count": 1000,
        "p(99)": 13.28538493
      }
    },
    "http_req_connecting": {
      "contains": "time",
      "values": {
        "med": 0,
        "p(50)": 0,
        "p(95)": 0,
        "count": 1000,
        "avg": 0.001749356,
        "min": 0,
        "max": 0.288261,
        "p(90)": 0,
        "p(99)": 0.0011134499999989873,
        "p(99.99)": 0.28019747159999614
      },
      "type": "trend"
    },
    "data_received": {
      "values": {
        "rate": 20193513.214862507,
        "count": 64051710
      },
      "type": "counter",
      "contains": "data"
    },
    "data_sent": {
      "type": "counter",
      "contains": "data",
      "values": {
        "count": 391000,
        "rate": 123270.14637097495
      }
    },
    "http_req_sending": {
      "type": "trend",
      "contains": "time",
      "values": {
        "med": 0.020812,
        "max": 0.34907,
        "p(95)": 0.033463149999999955,
        "p(99)": 0.08656023999999998,
        "count": 1000,
        "avg": 0.023305430999999988,
        "min": 0.009918,
        "p(50)": 0.020812,
        "p(90)": 0.0280075,
        "p(99.99)": 0.3342549298999929
      }
    },
    "vus_max": {
      "type": "gauge",
      "contains": "default",
      "values": {
        "max": 1,
        "value": 1,
        "min": 1
      }
    },
    "iterations": {
      "values": {
        "count": 1000,
        "rate": 315.26891654980807
      },
      "type": "counter",
      "contains": "default"
    },
    "http_req_blocked": {
      "type": "trend",
      "contains": "time",
      "values": {
        "p(50)": 0.0049935,
        "p(90)": 0.0071392,
        "p(95)": 0.008552449999999998,
        "count": 1000,
        "avg": 0.008194088000000002,
        "min": 0.002458,
        "med": 0.0049935,
        "max": 0.387982,
        "p(99)": 0.08460548999999926,
        "p(99.99)": 0.38166392439999697
      }
    },
    "http_req_waiting": {
      "type": "trend",
      "contains": "time",
      "values": {
        "avg": 2.1350379749999973,
        "p(50)": 1.7994195,
        "p(90)": 2.4627878,
        "p(95)": 2.8677684999999977,
        "p(99.99)": 52.405307440699524,
        "count": 1000,
        "min": 1.069591,
        "med": 1.7994195,
        "max": 53.404448,
        "p(99)": 9.60935898
      }
    },
    "checks": {
      "type": "rate",
      "contains": "default",
      "values": {
        "rate": 1,
        "passes": 1000,
        "fails": 0
      }
    }
  },
  "root_group": {
    "name": "",
    "path": "",
    "id": "d41d8cd98f00b204e9800998ecf8427e",
    "groups": [],
    "checks": [
        {
          "id": "548d37ca5f33793206f7832e7cea54fb",
          "passes": 1000,
          "fails": 0,
          "name": "is status 200",
          "path": "::is status 200"
        }
      ]
  },
  "options": {
    "summaryTrendStats": [
      "avg",
      "min",
      "med",
      "max",
      "p(50)",
      "p(90)",
      "p(95)",
      "p(99)",
      "p(99.99)",
      "count"
    ],
    "summaryTimeUnit": "ms",
    "noColor": false
  }
}