{
  "options": {
    "summaryTrendStats": [
      "avg",
      "min",
      "med",
      "max",
      "p(50)",
      "p(90)",
      "p(95)",
      "p(99)",
      "p(99.99)",
      "count"
    ],
    "summaryTimeUnit": "ms",
    "noColor": false
  },
  "state": {
    "isStdOutTTY": false,
    "isStdErrTTY": false,
    "testRunDurationMs": 19613.627091
  },
  "metrics": {
    "http_req_waiting": {
      "type": "trend",
      "contains": "time",
      "values": {
        "med": 16.259812,
        "p(95)": 31.26130095,
        "max": 88.221166,
        "p(50)": 16.259812,
        "p(90)": 28.414841600000003,
        "p(99)": 48.74137991,
        "p(99.99)": 85.81796560599885,
        "count": 1000,
        "avg": 19.250914690999995,
        "min": 13.485595
      }
    },
    "reponse_size": {
      "type": "trend",
      "contains": "default",
      "values": {
        "p(50)": 97,
        "p(90)": 97,
        "p(95)": 97,
        "p(99)": 97,
        "count": 1000,
        "avg": 97,
        "min": 97,
        "med": 97,
        "max": 97,
        "p(99.99)": 97
      }
    },
    "iteration_duration": {
      "type": "trend",
      "contains": "time",
      "values": {
        "count": 1000,
        "max": 88.526177,
        "p(50)": 16.570192,
        "p(99)": 49.060958369999994,
        "p(99.99)": 86.13035202319885,
        "p(95)": 31.532293499999998,
        "avg": 19.595168295,
        "min": 13.761201,
        "med": 16.570192,
        "p(90)": 28.711723600000003
      }
    },
    "http_req_connecting": {
      "contains": "time",
      "values": {
        "med": 0,
        "p(95)": 0,
        "max": 0.34004,
        "p(50)": 0,
        "p(90)": 0,
        "p(99)": 0,
        "p(99.99)": 0.30607000399998374,
        "count": 1000,
        "avg": 0.00034004,
        "min": 0
      },
      "type": "trend"
    },
    "checks": {
      "type": "rate",
      "contains": "default",
      "values": {
        "rate": 1,
        "passes": 1000,
        "fails": 0
      }
    },
    "http_reqs": {
      "contains": "default",
      "values": {
        "rate": 50.98496037272293,
        "count": 1000
      },
      "type": "counter"
    },
    "http_req_blocked": {
      "type": "trend",
      "contains": "time",
      "values": {
        "p(50)": 0.004083,
        "p(95)": 0.0096557,
        "p(99)": 0.017889099999999998,
        "p(99.99)": 0.43778353019998145,
        "avg": 0.005311390999999998,
        "min": 0.002578,
        "med": 0.004083,
        "max": 0.476475,
        "p(90)": 0.005804800000000001,
        "count": 1000
      }
    },
    "iterations": {
      "contains": "default",
      "values": {
        "count": 1000,
        "rate": 50.98496037272293
      },
      "type": "counter"
    },
    "vus": {
      "type": "gauge",
      "contains": "default",
      "values": {
        "value": 1,
        "min": 1,
        "max": 1
      }
    },
    "http_req_tls_handshaking": {
      "type": "trend",
      "contains": "time",
      "values": {
        "avg": 0,
        "min": 0,
        "p(50)": 0,
        "p(99)": 0,
        "med": 0,
        "max": 0,
        "p(90)": 0,
        "p(95)": 0,
        "p(99.99)": 0,
        "count": 1000
      }
    },
    "http_req_receiving": {
      "type": "trend",
      "contains": "time",
      "values": {
        "avg": 0.1254932039999999,
        "min": 0.049067,
        "med": 0.079398,
        "p(50)": 0.079398,
        "p(99.99)": 11.685866038499942,
        "count": 1000,
        "max": 11.809281,
        "p(90)": 0.11259170000000002,
        "p(95)": 0.21877999999999986,
        "p(99)": 0.5699221099999999
      }
    },
    "vus_max": {
      "type": "gauge",
      "contains": "default",
      "values": {
        "value": 1,
        "min": 1,
        "max": 1
      }
    },
    "http_req_sending": {
      "contains": "time",
      "values": {
        "p(99)": 0.04925460999999996,
        "p(99.99)": 0.298694810399997,
        "med": 0.015354,
        "max": 0.304899,
        "p(50)": 0.015354,
        "p(90)": 0.022466100000000003,
        "p(95)": 0.02753094999999998,
        "count": 1000,
        "avg": 0.018086744000000005,
        "min": 0.010021
      },
      "type": "trend"
    },
    "response_time": {
      "type": "trend",
      "contains": "default",
      "values": {
        "max": 88.310343,
        "p(50)": 16.382263000000002,
        "p(90)": 28.5131359,
        "p(99)": 48.866056300000004,
        "p(99.99)": 85.90939784849886,
        "avg": 19.39449463899999,
        "med": 16.382263000000002,
        "p(95)": 31.348646199999997,
        "count": 1000,
        "min": 13.574141
      }
    },
    "data_received": {
      "type": "counter",
      "contains": "data",
      "values": {
        "count": 683420,
        "rate": 34844.1416179263
      }
    },
    "data_sent": {
      "type": "counter",
      "contains": "data",
      "values": {
        "count": 384000,
        "rate": 19578.224783125606
      }
    },
    "http_req_failed": {
      "type": "rate",
      "contains": "default",
      "values": {
        "passes": 0,
        "fails": 1000,
        "rate": 0
      }
    },
    "http_req_duration{expected_response:true}": {
      "type": "trend",
      "contains": "time",
      "values": {
        "avg": 19.39449463899999,
        "med": 16.382263000000002,
        "p(95)": 31.348646199999997,
        "p(99)": 48.866056300000004,
        "p(99.99)": 85.90939784849886,
        "count": 1000,
        "min": 13.574141,
        "max": 88.310343,
        "p(50)": 16.382263000000002,
        "p(90)": 28.5131359
      }
    },
    "http_req_duration": {
      "type": "trend",
      "contains": "time",
      "values": {
        "avg": 19.39449463899999,
        "max": 88.310343,
        "p(95)": 31.348646199999997,
        "p(99)": 48.866056300000004,
        "p(99.99)": 85.90939784849886,
        "min": 13.574141,
        "med": 16.382263000000002,
        "p(50)": 16.382263000000002,
        "p(90)": 28.5131359,
        "count": 1000
      }
    }
  },
  "root_group": {
    "path": "",
    "id": "d41d8cd98f00b204e9800998ecf8427e",
    "groups": [],
    "checks": [
        {
          "name": "is status 200",
          "path": "::is status 200",
          "id": "548d37ca5f33793206f7832e7cea54fb",
          "passes": 1000,
          "fails": 0
        }
      ],
    "name": ""
  }
}