{
  "root_group": {
    "checks": [
      {
        "name": "is status 200",
        "path": "::is status 200",
        "id": "548d37ca5f33793206f7832e7cea54fb",
        "passes": 1000,
        "fails": 0
      }
    ],
    "name": "",
    "path": "",
    "id": "d41d8cd98f00b204e9800998ecf8427e",
    "groups": []
  },
  "options": {
    "summaryTrendStats": [
      "avg",
      "min",
      "med",
      "max",
      "p(50)",
      "p(90)",
      "p(95)",
      "p(99)",
      "p(99.99)",
      "count"
    ],
    "summaryTimeUnit": "ms",
    "noColor": false
  },
  "state": {
    "isStdOutTTY": false,
    "isStdErrTTY": false,
    "testRunDurationMs": 19351.735394
  },
  "metrics": {
    "http_req_waiting": {
      "type": "trend",
      "contains": "time",
      "values": {
        "avg": 18.84830840200002,
        "min": 13.751044,
        "med": 16.2494345,
        "p(50)": 16.2494345,
        "p(95)": 32.96409455,
        "count": 1000,
        "max": 42.187788,
        "p(90)": 31.3528042,
        "p(99)": 35.97672338,
        "p(99.99)": 42.053063759099935
      }
    },
    "reponse_size": {
      "type": "trend",
      "contains": "default",
      "values": {
        "p(99)": 206,
        "p(99.99)": 206,
        "avg": 205.773,
        "max": 206,
        "p(50)": 206,
        "p(95)": 206,
        "min": 202,
        "med": 206,
        "p(90)": 206,
        "count": 1000
      }
    },
    "http_req_blocked": {
      "values": {
        "avg": 0.004790152000000003,
        "min": 0.00225,
        "max": 0.346199,
        "p(90)": 0.0054583,
        "p(99)": 0.012618689999999993,
        "med": 0.0040015,
        "p(50)": 0.0040015,
        "p(95)": 0.008710699999999998,
        "p(99.99)": 0.3140381929999846,
        "count": 1000
      },
      "type": "trend",
      "contains": "time"
    },
    "http_req_receiving": {
      "type": "trend",
      "contains": "time",
      "values": {
        "max": 20.106775,
        "p(90)": 0.11208760000000002,
        "p(99)": 0.4511446799999998,
        "count": 1000,
        "avg": 0.16106705600000001,
        "min": 0.04887,
        "med": 0.07970250000000001,
        "p(50)": 0.07970250000000001,
        "p(95)": 0.2217504999999997,
        "p(99.99)": 19.541657583099727
      }
    },
    "iterations": {
      "type": "counter",
      "contains": "default",
      "values": {
        "count": 1000,
        "rate": 51.67495212393457
      }
    },
    "data_sent": {
      "type": "counter",
      "contains": "data",
      "values": {
        "count": 491000,
        "rate": 25372.401492851874
      }
    },
    "data_received": {
      "type": "counter",
      "contains": "data",
      "values": {
        "count": 658211,
        "rate": 34013.0219124471
      }
    },
    "checks": {
      "contains": "default",
      "values": {
        "passes": 1000,
        "fails": 0,
        "rate": 1
      },
      "type": "rate"
    },
    "http_req_duration": {
      "type": "trend",
      "contains": "time",
      "values": {
        "min": 13.835705,
        "med": 16.3714495,
        "max": 42.298586,
        "p(95)": 33.131550149999995,
        "p(99)": 36.180152109999995,
        "avg": 19.032646534999976,
        "p(50)": 16.3714495,
        "p(90)": 31.537697700000002,
        "p(99.99)": 42.16343198929994,
        "count": 1000
      }
    },
    "iteration_duration": {
      "type": "trend",
      "contains": "time",
      "values": {
        "min": 14.102549,
        "p(95)": 33.38926375,
        "p(99.99)": 42.495386076599935,
        "p(90)": 31.8235014,
        "p(99)": 36.43425531,
        "count": 1000,
        "avg": 19.332583198000044,
        "med": 16.652657,
        "max": 42.63792,
        "p(50)": 16.652657
      }
    },
    "vus": {
      "type": "gauge",
      "contains": "default",
      "values": {
        "value": 1,
        "min": 1,
        "max": 1
      }
    },
    "http_req_tls_handshaking": {
      "contains": "time",
      "values": {
        "min": 0,
        "med": 0,
        "p(90)": 0,
        "p(95)": 0,
        "p(99)": 0,
        "avg": 0,
        "max": 0,
        "p(50)": 0,
        "p(99.99)": 0,
        "count": 1000
      },
      "type": "trend"
    },
    "http_req_failed": {
      "type": "rate",
      "contains": "default",
      "values": {
        "passes": 0,
        "fails": 1000,
        "rate": 0
      }
    },
    "vus_max": {
      "type": "gauge",
      "contains": "default",
      "values": {
        "max": 1,
        "value": 1,
        "min": 1
      }
    },
    "http_req_duration{expected_response:true}": {
      "type": "trend",
      "contains": "time",
      "values": {
        "avg": 19.032646534999976,
        "max": 42.298586,
        "p(90)": 31.537697700000002,
        "p(99.99)": 42.16343198929994,
        "count": 1000,
        "min": 13.835705,
        "med": 16.3714495,
        "p(50)": 16.3714495,
        "p(95)": 33.131550149999995,
        "p(99)": 36.180152109999995
      }
    },
    "response_time": {
      "type": "trend",
      "contains": "default",
      "values": {
        "p(99)": 36.180152109999995,
        "p(99.99)": 42.16343198929994,
        "min": 13.835705,
        "max": 42.298586,
        "p(95)": 33.131550149999995,
        "p(90)": 31.537697700000002,
        "count": 1000,
        "avg": 19.032646534999976,
        "med": 16.3714495,
        "p(50)": 16.3714495
      }
    },
    "http_req_sending": {
      "type": "trend",
      "contains": "time",
      "values": {
        "max": 0.402879,
        "p(90)": 0.028459599999999998,
        "p(95)": 0.03372125,
        "p(99.99)": 0.39863954369999793,
        "min": 0.012521,
        "med": 0.0204395,
        "p(99)": 0.06971145999999996,
        "count": 1000,
        "avg": 0.023271076999999984,
        "p(50)": 0.0204395
      }
    },
    "http_reqs": {
      "type": "counter",
      "contains": "default",
      "values": {
        "count": 1000,
        "rate": 51.67495212393457
      }
    },
    "http_req_connecting": {
      "type": "trend",
      "contains": "time",
      "values": {
        "max": 0.224692,
        "p(50)": 0,
        "p(95)": 0,
        "p(99.99)": 0.20224526919998925,
        "count": 1000,
        "avg": 0.000224692,
        "min": 0,
        "p(99)": 0,
        "med": 0,
        "p(90)": 0
      }
    }
  }
}