{
  "root_group": {
    "groups": [],
    "checks": [
        {
          "path": "::is status 200",
          "id": "548d37ca5f33793206f7832e7cea54fb",
          "passes": 10000,
          "fails": 0,
          "name": "is status 200"
        }
      ],
    "name": "",
    "path": "",
    "id": "d41d8cd98f00b204e9800998ecf8427e"
  },
  "options": {
    "summaryTimeUnit": "ms",
    "noColor": false,
    "summaryTrendStats": [
      "avg",
      "min",
      "med",
      "max",
      "p(50)",
      "p(90)",
      "p(95)",
      "p(99)",
      "p(99.99)",
      "count"
    ]
  },
  "state": {
    "isStdOutTTY": false,
    "isStdErrTTY": false,
    "testRunDurationMs": 36229.052051
  },
  "metrics": {
    "response_size": {
      "type": "trend",
      "contains": "default",
      "values": {
        "max": 21372,
        "p(90)": 21372,
        "p(95)": 21372,
        "p(99)": 21372,
        "p(99.99)": 21372,
        "count": 10000,
        "avg": 21372,
        "min": 21372,
        "med": 21372,
        "p(50)": 21372
      }
    },
    "http_req_waiting": {
      "type": "trend",
      "contains": "time",
      "values": {
        "count": 10000,
        "min": 1.767067,
        "med": 2.9906319999999997,
        "max": 11.965718,
        "p(50)": 2.9906319999999997,
        "p(90)": 3.4716646000000004,
        "p(95)": 3.7463109999999995,
        "p(99)": 5.080160030000004,
        "avg": 2.9947715389000003,
        "p(99.99)": 7.984951116497184
      }
    },
    "reponse_size_body": {
      "contains": "default",
      "values": {
        "min": 20849,
        "med": 20849,
        "max": 20849,
        "p(50)": 20849,
        "p(90)": 20849,
        "p(95)": 20849,
        "p(99)": 20849,
        "avg": 20849,
        "count": 10000,
        "p(99.99)": 20849
      },
      "type": "trend"
    },
    "http_req_blocked": {
      "type": "trend",
      "contains": "time",
      "values": {
        "count": 10000,
        "avg": 0.0061859884000000104,
        "min": 0.002491,
        "p(50)": 0.005756,
        "p(90)": 0.0075741,
        "p(99)": 0.01691806,
        "med": 0.005756,
        "max": 0.36142,
        "p(95)": 0.008613149999999998,
        "p(99.99)": 0.20932521099989243
      }
    },
    "http_req_connecting": {
      "type": "trend",
      "contains": "time",
      "values": {
        "max": 0.230613,
        "p(50)": 0,
        "p(90)": 0,
        "p(99.99)": 0.000023061299836905164,
        "count": 10000,
        "med": 0,
        "min": 0,
        "p(95)": 0,
        "p(99)": 0,
        "avg": 0.000023061300000000002
      }
    },
    "http_req_receiving": {
      "type": "trend",
      "contains": "time",
      "values": {
        "avg": 0.2245045631000003,
        "med": 0.209996,
        "p(50)": 0.209996,
        "p(95)": 0.3778317999999998,
        "p(99.99)": 2.1723956690998327,
        "min": 0.054764,
        "max": 2.409063,
        "p(90)": 0.3386652,
        "p(99)": 0.48732497,
        "count": 10000
      }
    },
    "http_reqs": {
      "type": "counter",
      "contains": "default",
      "values": {
        "count": 10000,
        "rate": 276.02157478266065
      }
    },
    "checks": {
      "type": "rate",
      "contains": "default",
      "values": {
        "rate": 1,
        "passes": 10000,
        "fails": 0
      }
    },
    "iteration_duration": {
      "type": "trend",
      "contains": "time",
      "values": {
        "p(50)": 3.6068,
        "p(99)": 5.737304540000001,
        "count": 10000,
        "avg": 3.601425934000012,
        "min": 2.126861,
        "med": 3.6068,
        "max": 13.503695,
        "p(90)": 4.167714,
        "p(95)": 4.4666051,
        "p(99.99)": 10.581415257197932
      }
    },
    "vus_max": {
      "type": "gauge",
      "contains": "default",
      "values": {
        "value": 1,
        "min": 1,
        "max": 1
      }
    },
    "data_received": {
      "type": "counter",
      "contains": "data",
      "values": {
        "count": 214648645,
        "rate": 5924765.701786428
      }
    },
    "http_req_failed": {
      "type": "rate",
      "contains": "default",
      "values": {
        "rate": 0,
        "passes": 0,
        "fails": 10000
      }
    },
    "data_sent": {
      "type": "counter",
      "contains": "data",
      "values": {
        "rate": 109580.56518871627,
        "count": 3970000
      }
    },
    "http_req_sending": {
      "type": "trend",
      "contains": "time",
      "values": {
        "p(99.99)": 0.35591715839994226,
        "avg": 0.024224696499999906,
        "min": 0.008607,
        "p(50)": 0.023533,
        "p(90)": 0.0280232,
        "p(95)": 0.03127024999999999,
        "med": 0.023533,
        "max": 0.437493,
        "p(99)": 0.05390528000000005,
        "count": 10000
      }
    },
    "response_time": {
      "type": "trend",
      "contains": "default",
      "values": {
        "min": 1.888558,
        "p(90)": 3.7675885,
        "p(95)": 4.029875949999999,
        "p(99.99)": 9.994243895598318,
        "count": 10000,
        "avg": 3.2435007984999955,
        "med": 3.241993,
        "max": 12.372962,
        "p(50)": 3.241993,
        "p(99)": 5.323875470000002
      }
    },
    "http_req_duration": {
      "type": "trend",
      "contains": "time",
      "values": {
        "max": 12.372962,
        "p(50)": 3.241993,
        "p(90)": 3.7675885,
        "p(95)": 4.029875949999999,
        "count": 10000,
        "avg": 3.2435007984999955,
        "med": 3.241993,
        "p(99.99)": 9.994243895598318,
        "min": 1.888558,
        "p(99)": 5.323875470000002
      }
    },
    "http_req_tls_handshaking": {
      "type": "trend",
      "contains": "time",
      "values": {
        "avg": 0,
        "p(90)": 0,
        "p(99)": 0,
        "p(99.99)": 0,
        "count": 10000,
        "min": 0,
        "med": 0,
        "max": 0,
        "p(50)": 0,
        "p(95)": 0
      }
    },
    "vus": {
      "type": "gauge",
      "contains": "default",
      "values": {
        "value": 1,
        "min": 1,
        "max": 1
      }
    },
    "iterations": {
      "type": "counter",
      "contains": "default",
      "values": {
        "count": 10000,
        "rate": 276.02157478266065
      }
    },
    "http_req_duration{expected_response:true}": {
      "type": "trend",
      "contains": "time",
      "values": {
        "min": 1.888558,
        "med": 3.241993,
        "max": 12.372962,
        "p(50)": 3.241993,
        "p(99)": 5.323875470000002,
        "p(99.99)": 9.994243895598318,
        "count": 10000,
        "avg": 3.2435007984999955,
        "p(95)": 4.029875949999999,
        "p(90)": 3.7675885
      }
    }
  }
}