{
  "metrics": {
    "http_req_receiving": {
      "type": "trend",
      "contains": "time",
      "values": {
        "max": 3.467264,
        "p(50)": 0.0814365,
        "p(99)": 0.26689830000000003,
        "p(90)": 0.1168144,
        "p(95)": 0.16124279999999988,
        "p(99.99)": 1.5467210734986416,
        "count": 10000,
        "avg": 0.09163980370000002,
        "min": 0.030132,
        "med": 0.0814365
      }
    },
    "http_reqs": {
      "type": "counter",
      "contains": "default",
      "values": {
        "count": 10000,
        "rate": 345.09387818359187
      }
    },
    "http_req_sending": {
      "values": {
        "p(99)": 0.045521190000000045,
        "count": 10000,
        "max": 0.311362,
        "min": 0.007538,
        "med": 0.020885,
        "p(50)": 0.020885,
        "p(90)": 0.026064100000000003,
        "p(95)": 0.028949249999999982,
        "p(99.99)": 0.30595954029999617,
        "avg": 0.02148581859999995
      },
      "type": "trend",
      "contains": "time"
    },
    "response_size": {
      "type": "trend",
      "contains": "default",
      "values": {
        "min": 492,
        "med": 492,
        "max": 492,
        "p(95)": 492,
        "p(99)": 492,
        "p(99.99)": 492,
        "avg": 492,
        "p(50)": 492,
        "p(90)": 492,
        "count": 10000
      }
    },
    "response_time": {
      "type": "trend",
      "contains": "default",
      "values": {
        "max": 12.586641,
        "p(50)": 2.547077,
        "p(99.99)": 12.409036762199875,
        "count": 10000,
        "avg": 2.6510333720999935,
        "med": 2.547077,
        "p(95)": 3.632459299999998,
        "p(99)": 4.775746500000003,
        "min": 1.447939,
        "p(90)": 3.1817339000000002
      }
    },
    "http_req_connecting": {
      "values": {
        "p(90)": 0,
        "p(95)": 0,
        "p(99)": 0,
        "p(99.99)": 0.00001980209985995498,
        "count": 10000,
        "avg": 0.0000198021,
        "min": 0,
        "med": 0,
        "max": 0.198021,
        "p(50)": 0
      },
      "type": "trend",
      "contains": "time"
    },
    "iterations": {
      "values": {
        "count": 10000,
        "rate": 345.09387818359187
      },
      "type": "counter",
      "contains": "default"
    },
    "vus": {
      "contains": "default",
      "values": {
        "value": 1,
        "min": 1,
        "max": 1
      },
      "type": "gauge"
    },
    "http_req_waiting": {
      "type": "trend",
      "contains": "time",
      "values": {
        "p(99)": 4.621216820000001,
        "avg": 2.5379077497999964,
        "med": 2.4387715,
        "max": 12.31441,
        "p(50)": 2.4387715,
        "p(95)": 3.4979681499999997,
        "min": 1.381788,
        "p(90)": 3.0518651,
        "p(99.99)": 12.250111430499954,
        "count": 10000
      }
    },
    "checks": {
      "type": "rate",
      "contains": "default",
      "values": {
        "rate": 1,
        "passes": 10000,
        "fails": 0
      }
    },
    "iteration_duration": {
      "type": "trend",
      "contains": "time",
      "values": {
        "p(50)": 2.7691765000000004,
        "p(90)": 3.4451446,
        "p(95)": 3.9017350499999983,
        "count": 10000,
        "avg": 2.878474148100013,
        "min": 1.56316,
        "med": 2.7691765000000004,
        "max": 13.526862,
        "p(99)": 5.086634040000004,
        "p(99.99)": 12.709752719099422
      }
    },
    "reponse_size_body": {
      "contains": "default",
      "values": {
        "max": 44,
        "p(95)": 44,
        "p(99)": 44,
        "p(99.99)": 44,
        "count": 10000,
        "avg": 44,
        "min": 44,
        "med": 44,
        "p(50)": 44,
        "p(90)": 44
      },
      "type": "trend"
    },
    "data_received": {
      "values": {
        "count": 5420798,
        "rate": 187068.42046698584
      },
      "type": "counter",
      "contains": "data"
    },
    "http_req_duration{expected_response:true}": {
      "type": "trend",
      "contains": "time",
      "values": {
        "p(95)": 3.632459299999998,
        "count": 10000,
        "avg": 2.6510333720999935,
        "min": 1.447939,
        "med": 2.547077,
        "p(50)": 2.547077,
        "max": 12.586641,
        "p(90)": 3.1817339000000002,
        "p(99)": 4.775746500000003,
        "p(99.99)": 12.409036762199875
      }
    },
    "http_req_tls_handshaking": {
      "contains": "time",
      "values": {
        "med": 0,
        "p(90)": 0,
        "max": 0,
        "p(50)": 0,
        "p(95)": 0,
        "p(99)": 0,
        "p(99.99)": 0,
        "count": 10000,
        "avg": 0,
        "min": 0
      },
      "type": "trend"
    },
    "vus_max": {
      "type": "gauge",
      "contains": "default",
      "values": {
        "value": 1,
        "min": 1,
        "max": 1
      }
    },
    "data_sent": {
      "type": "counter",
      "contains": "data",
      "values": {
        "count": 3780000,
        "rate": 130445.48595339771
      }
    },
    "http_req_duration": {
      "type": "trend",
      "contains": "time",
      "values": {
        "p(95)": 3.632459299999998,
        "p(99)": 4.775746500000003,
        "p(99.99)": 12.409036762199875,
        "count": 10000,
        "med": 2.547077,
        "p(50)": 2.547077,
        "p(90)": 3.1817339000000002,
        "avg": 2.6510333720999935,
        "min": 1.447939,
        "max": 12.586641
      }
    },
    "http_req_blocked": {
      "type": "trend",
      "contains": "time",
      "values": {
        "p(50)": 0.005128499999999999,
        "p(95)": 0.00816105,
        "p(99)": 0.015473510000000011,
        "p(99.99)": 0.2204075201999256,
        "med": 0.005128499999999999,
        "max": 0.325599,
        "p(90)": 0.0068271,
        "count": 10000,
        "avg": 0.005567239900000018,
        "min": 0.001832
      }
    },
    "http_req_failed": {
      "type": "rate",
      "contains": "default",
      "values": {
        "rate": 0,
        "passes": 0,
        "fails": 10000
      }
    }
  },
  "root_group": {
    "id": "d41d8cd98f00b204e9800998ecf8427e",
    "groups": [],
    "checks": [
        {
          "path": "::is status 200",
          "id": "548d37ca5f33793206f7832e7cea54fb",
          "passes": 10000,
          "fails": 0,
          "name": "is status 200"
        }
      ],
    "name": "",
    "path": ""
  },
  "options": {
    "summaryTimeUnit": "ms",
    "noColor": false,
    "summaryTrendStats": [
      "avg",
      "min",
      "med",
      "max",
      "p(50)",
      "p(90)",
      "p(95)",
      "p(99)",
      "p(99.99)",
      "count"
    ]
  },
  "state": {
    "isStdOutTTY": false,
    "isStdErrTTY": false,
    "testRunDurationMs": 28977.622126
  }
}