{
  "metrics": {
    "http_req_duration{expected_response:true}": {
      "type": "trend",
      "contains": "time",
      "values": {
        "p(50)": 2.6204315,
        "p(90)": 3.0886059,
        "p(95)": 3.2547023499999996,
        "p(99.99)": 10.376072873098055,
        "count": 10000,
        "med": 2.6204315,
        "min": 1.463342,
        "max": 13.124529,
        "p(99)": 4.091894060000002,
        "avg": 2.6430310464000013
      }
    },
    "http_req_sending": {
      "type": "trend",
      "contains": "time",
      "values": {
        "p(50)": 0.021495,
        "p(90)": 0.0257894,
        "p(99)": 0.04817700000000007,
        "count": 10000,
        "avg": 0.02165472340000008,
        "med": 0.021495,
        "max": 0.468783,
        "p(95)": 0.02793764999999999,
        "p(99.99)": 0.36826205309992893,
        "min": 0.007912
      }
    },
    "vus": {
      "type": "gauge",
      "contains": "default",
      "values": {
        "value": 1,
        "min": 1,
        "max": 1
      }
    },
    "http_req_duration": {
      "type": "trend",
      "contains": "time",
      "values": {
        "max": 13.124529,
        "p(50)": 2.6204315,
        "p(99)": 4.091894060000002,
        "p(99.99)": 10.376072873098055,
        "count": 10000,
        "min": 1.463342,
        "med": 2.6204315,
        "p(90)": 3.0886059,
        "p(95)": 3.2547023499999996,
        "avg": 2.6430310464000013
      }
    },
    "data_sent": {
      "type": "counter",
      "contains": "data",
      "values": {
        "count": 3780000,
        "rate": 130566.97100702475
      }
    },
    "data_received": {
      "type": "counter",
      "contains": "data",
      "values": {
        "count": 6311106,
        "rate": 217995.2365408095
      }
    },
    "iterations": {
      "type": "counter",
      "contains": "default",
      "values": {
        "count": 10000,
        "rate": 345.4152672143512
      }
    },
    "http_req_failed": {
      "type": "rate",
      "contains": "default",
      "values": {
        "rate": 0,
        "passes": 0,
        "fails": 10000
      }
    },
    "iteration_duration": {
      "type": "trend",
      "contains": "time",
      "values": {
        "p(99.99)": 10.64434790029744,
        "count": 10000,
        "med": 2.8543595,
        "max": 14.262989,
        "p(95)": 3.523899149999999,
        "p(90)": 3.347288,
        "p(99)": 4.365286610000002,
        "avg": 2.875452183699997,
        "min": 1.597228,
        "p(50)": 2.8543595
      }
    },
    "response_size": {
      "type": "trend",
      "contains": "default",
      "values": {
        "p(99.99)": 563,
        "count": 10000,
        "min": 563,
        "med": 563,
        "max": 563,
        "p(90)": 563,
        "p(99)": 563,
        "avg": 563,
        "p(50)": 563,
        "p(95)": 563
      }
    },
    "checks": {
      "type": "rate",
      "contains": "default",
      "values": {
        "rate": 1,
        "passes": 10000,
        "fails": 0
      }
    },
    "vus_max": {
      "type": "gauge",
      "contains": "default",
      "values": {
        "max": 1,
        "value": 1,
        "min": 1
      }
    },
    "http_req_receiving": {
      "values": {
        "avg": 0.09933791299999993,
        "min": 0.036293,
        "med": 0.0861035,
        "p(50)": 0.0861035,
        "p(90)": 0.14307820000000004,
        "p(99.99)": 1.7900836334998824,
        "max": 1.956402,
        "p(95)": 0.19136684999999984,
        "p(99)": 0.27855274000000013,
        "count": 10000
      },
      "type": "trend",
      "contains": "time"
    },
    "http_req_tls_handshaking": {
      "values": {
        "count": 10000,
        "avg": 0,
        "med": 0,
        "max": 0,
        "p(90)": 0,
        "p(95)": 0,
        "p(99.99)": 0,
        "min": 0,
        "p(50)": 0,
        "p(99)": 0
      },
      "type": "trend",
      "contains": "time"
    },
    "http_req_waiting": {
      "type": "trend",
      "contains": "time",
      "values": {
        "min": 1.398834,
        "p(90)": 2.953195,
        "p(95)": 3.10776495,
        "p(99.99)": 10.24173714559816,
        "count": 10000,
        "avg": 2.5220384099999924,
        "med": 2.500236,
        "max": 12.842933,
        "p(50)": 2.500236,
        "p(99)": 3.9755434000000007
      }
    },
    "http_req_blocked": {
      "type": "trend",
      "contains": "time",
      "values": {
        "p(95)": 0.007745299999999996,
        "avg": 0.005694959999999993,
        "min": 0.001841,
        "med": 0.005343,
        "max": 0.512831,
        "count": 10000,
        "p(50)": 0.005343,
        "p(90)": 0.0067131000000000005,
        "p(99)": 0.01513644000000003,
        "p(99.99)": 0.18660162619976928
      }
    },
    "response_time": {
      "type": "trend",
      "contains": "default",
      "values": {
        "p(50)": 2.6204315,
        "p(99)": 4.091894060000002,
        "med": 2.6204315,
        "max": 13.124529,
        "p(90)": 3.0886059,
        "p(95)": 3.2547023499999996,
        "p(99.99)": 10.376072873098055,
        "count": 10000,
        "avg": 2.6430310464000013,
        "min": 1.463342
      }
    },
    "http_reqs": {
      "type": "counter",
      "contains": "default",
      "values": {
        "count": 10000,
        "rate": 345.4152672143512
      }
    },
    "reponse_size_body": {
      "type": "trend",
      "contains": "default",
      "values": {
        "p(50)": 44,
        "p(90)": 44,
        "p(95)": 44,
        "count": 10000,
        "avg": 44,
        "min": 44,
        "max": 44,
        "med": 44,
        "p(99)": 44,
        "p(99.99)": 44
      }
    },
    "http_req_connecting": {
      "contains": "time",
      "values": {
        "med": 0,
        "p(50)": 0,
        "p(95)": 0,
        "p(99)": 0,
        "p(99.99)": 0.000039553399720269226,
        "avg": 0.0000395534,
        "max": 0.395534,
        "p(90)": 0,
        "count": 10000,
        "min": 0
      },
      "type": "trend"
    }
  },
  "root_group": {
    "path": "",
    "id": "d41d8cd98f00b204e9800998ecf8427e",
    "groups": [],
    "checks": [
        {
          "name": "is status 200",
          "path": "::is status 200",
          "id": "548d37ca5f33793206f7832e7cea54fb",
          "passes": 10000,
          "fails": 0
        }
      ],
    "name": ""
  },
  "options": {
    "summaryTrendStats": [
      "avg",
      "min",
      "med",
      "max",
      "p(50)",
      "p(90)",
      "p(95)",
      "p(99)",
      "p(99.99)",
      "count"
    ],
    "summaryTimeUnit": "ms",
    "noColor": false
  },
  "state": {
    "isStdOutTTY": false,
    "isStdErrTTY": false,
    "testRunDurationMs": 28950.660116
  }
}