{
  "Total" : {
    "transaction" : "Total",
    "sampleCount" : 5000,
    "errorCount" : 0,
    "errorPct" : 0.0,
    "meanResTime" : 227.67940000000013,
    "medianResTime" : 205.0,
    "minResTime" : 123.0,
    "maxResTime" : 1259.0,
    "pct1ResTime" : 308.0,
    "pct2ResTime" : 312.0,
    "pct3ResTime" : 547.9699999999993,
    "throughput" : 4.381349122547212,
    "receivedKBytesPerSec" : 2.6527699765422565,
    "sentKBytesPerSec" : 5.108721535470088
  },
  "HTTP Request" : {
    "transaction" : "HTTP Request",
    "sampleCount" : 5000,
    "errorCount" : 0,
    "errorPct" : 0.0,
    "meanResTime" : 227.67940000000013,
    "medianResTime" : 205.0,
    "minResTime" : 123.0,
    "maxResTime" : 1259.0,
    "pct1ResTime" : 308.0,
    "pct2ResTime" : 312.0,
    "pct3ResTime" : 547.9699999999993,
    "throughput" : 4.381349122547212,
    "receivedKBytesPerSec" : 2.6527699765422565,
    "sentKBytesPerSec" : 5.108721535470088
  }
}