{
  "metrics": {
    "vus_max": {
      "type": "gauge",
      "contains": "default",
      "values": {
        "value": 1,
        "min": 1,
        "max": 1
      }
    },
    "http_req_receiving": {
      "type": "trend",
      "contains": "time",
      "values": {
        "p(95)": 0.09847789999999998,
        "p(99)": 0.24310337000000004,
        "p(99.99)": 2.159812751199818,
        "min": 0.01844,
        "med": 0.0583455,
        "p(50)": 0.0583455,
        "count": 10000,
        "avg": 0.06722448769999985,
        "max": 2.417299,
        "p(90)": 0.08086520000000001
      }
    },
    "http_req_connecting": {
      "type": "trend",
      "contains": "time",
      "values": {
        "p(99)": 0.001181110000025781,
        "avg": 0.0016417737000000003,
        "min": 0,
        "max": 0.327156,
        "p(90)": 0,
        "p(95)": 0,
        "med": 0,
        "p(50)": 0,
        "p(99.99)": 0.29441927399997686,
        "count": 10000
      }
    },
    "http_req_waiting": {
      "type": "trend",
      "contains": "time",
      "values": {
        "p(99.99)": 27.70761876769899,
        "avg": 1.3263833174999933,
        "max": 29.135153,
        "p(50)": 1.2214260000000001,
        "p(90)": 1.5303327,
        "p(99)": 6.4705218500000345,
        "min": 0.597136,
        "med": 1.2214260000000001,
        "p(95)": 1.6687075499999997,
        "count": 10000
      }
    },
    "http_reqs": {
      "values": {
        "count": 10000,
        "rate": 620.1868757116115
      },
      "type": "counter",
      "contains": "default"
    },
    "http_req_duration": {
      "type": "trend",
      "contains": "time",
      "values": {
        "avg": 1.4113561721999968,
        "max": 29.316039,
        "p(50)": 1.3027134999999999,
        "p(99)": 6.735363520000009,
        "p(99.99)": 27.863823236098973,
        "count": 10000,
        "min": 0.626881,
        "med": 1.3027134999999999,
        "p(90)": 1.6280512,
        "p(95)": 1.7830533999999996
      }
    },
    "http_req_failed": {
      "contains": "default",
      "values": {
        "rate": 0,
        "passes": 0,
        "fails": 10000
      },
      "type": "rate"
    },
    "data_sent": {
      "type": "counter",
      "contains": "data",
      "values": {
        "count": 3720000,
        "rate": 230709.51776471947
      }
    },
    "data_received": {
      "contains": "data",
      "values": {
        "count": 5567100,
        "rate": 345264.2355774112
      },
      "type": "counter"
    },
    "iterations": {
      "values": {
        "count": 10000,
        "rate": 620.1868757116115
      },
      "type": "counter",
      "contains": "default"
    },
    "http_req_tls_handshaking": {
      "type": "trend",
      "contains": "time",
      "values": {
        "min": 0,
        "med": 0,
        "max": 0,
        "p(50)": 0,
        "p(90)": 0,
        "p(95)": 0,
        "p(99.99)": 0,
        "avg": 0,
        "p(99)": 0,
        "count": 10000
      }
    },
    "response_time": {
      "values": {
        "p(50)": 1.3027134999999999,
        "p(95)": 1.7830533999999996,
        "p(99)": 6.735363520000009,
        "count": 10000,
        "max": 29.316039,
        "min": 0.626881,
        "med": 1.3027134999999999,
        "p(90)": 1.6280512,
        "p(99.99)": 27.863823236098973,
        "avg": 1.4113561721999968
      },
      "type": "trend",
      "contains": "default"
    },
    "iteration_duration": {
      "contains": "time",
      "values": {
        "p(50)": 1.4848865,
        "p(90)": 1.8276879000000001,
        "p(95)": 1.9964613999999994,
        "count": 10000,
        "avg": 1.5966736443000054,
        "min": 0.699808,
        "med": 1.4848865,
        "max": 29.699397,
        "p(99)": 7.199470820000005,
        "p(99.99)": 28.144979457298902
      },
      "type": "trend"
    },
    "http_req_duration{expected_response:true}": {
      "type": "trend",
      "contains": "time",
      "values": {
        "p(50)": 1.3027134999999999,
        "p(90)": 1.6280512,
        "p(99)": 6.735363520000009,
        "count": 10000,
        "min": 0.626881,
        "max": 29.316039,
        "p(95)": 1.7830533999999996,
        "p(99.99)": 27.863823236098973,
        "avg": 1.4113561721999968,
        "med": 1.3027134999999999
      }
    },
    "http_req_blocked": {
      "type": "trend",
      "contains": "time",
      "values": {
        "max": 0.559338,
        "p(95)": 0.006406,
        "p(99)": 0.17883911000000033,
        "p(99.99)": 0.4228816469999035,
        "count": 10000,
        "avg": 0.0071454100000000135,
        "min": 0.001378,
        "med": 0.004364,
        "p(50)": 0.004364,
        "p(90)": 0.0054671
      }
    },
    "reponse_size_body": {
      "type": "trend",
      "contains": "default",
      "values": {
        "p(95)": 148,
        "p(99)": 148,
        "min": 148,
        "med": 148,
        "max": 148,
        "p(50)": 148,
        "p(90)": 148,
        "p(99.99)": 148,
        "count": 10000,
        "avg": 148
      }
    },
    "checks": {
      "type": "rate",
      "contains": "default",
      "values": {
        "rate": 1,
        "passes": 10000,
        "fails": 0
      }
    },
    "response_size": {
      "type": "trend",
      "contains": "default",
      "values": {
        "med": 510,
        "p(90)": 510,
        "p(95)": 510,
        "p(99)": 510,
        "p(99.99)": 510,
        "avg": 509.48,
        "min": 458,
        "max": 510,
        "p(50)": 510,
        "count": 10000
      }
    },
    "http_req_sending": {
      "contains": "time",
      "values": {
        "p(99.99)": 0.2342106989999809,
        "count": 10000,
        "avg": 0.01774836699999998,
        "med": 0.016928,
        "max": 0.261198,
        "p(90)": 0.020899200000000003,
        "p(95)": 0.024249399999999994,
        "min": 0.005148,
        "p(50)": 0.016928,
        "p(99)": 0.05343424000000003
      },
      "type": "trend"
    },
    "vus": {
      "type": "gauge",
      "contains": "default",
      "values": {
        "value": 1,
        "min": 1,
        "max": 1
      }
    }
  },
  "root_group": {
    "path": "",
    "id": "d41d8cd98f00b204e9800998ecf8427e",
    "groups": [],
    "checks": [
        {
          "name": "is status 200",
          "path": "::is status 200",
          "id": "548d37ca5f33793206f7832e7cea54fb",
          "passes": 10000,
          "fails": 0
        }
      ],
    "name": ""
  },
  "options": {
    "noColor": false,
    "summaryTrendStats": [
      "avg",
      "min",
      "med",
      "max",
      "p(50)",
      "p(90)",
      "p(95)",
      "p(99)",
      "p(99.99)",
      "count"
    ],
    "summaryTimeUnit": "ms"
  },
  "state": {
    "isStdOutTTY": false,
    "isStdErrTTY": false,
    "testRunDurationMs": 16124.172232
  }
}