{
  "metrics": {
    "data_received": {
      "type": "counter",
      "contains": "data",
      "values": {
        "count": 5587100,
        "rate": 345626.1668095286
      }
    },
    "http_req_waiting": {
      "values": {
        "med": 1.2442000000000002,
        "p(90)": 1.549428,
        "p(99.99)": 8.77944825709999,
        "count": 10000,
        "avg": 1.3338262807999997,
        "min": 0.644226,
        "max": 8.792018,
        "p(50)": 1.2442000000000002,
        "p(95)": 1.6938480999999994,
        "p(99)": 5.809304580000011
      },
      "type": "trend",
      "contains": "time"
    },
    "reponse_size_body": {
      "type": "trend",
      "contains": "default",
      "values": {
        "max": 150,
        "p(50)": 150,
        "p(99)": 150,
        "count": 10000,
        "avg": 150,
        "min": 150,
        "p(95)": 150,
        "p(99.99)": 150,
        "med": 150,
        "p(90)": 150
      }
    },
    "iterations": {
      "values": {
        "count": 10000,
        "rate": 618.6146065213235
      },
      "type": "counter",
      "contains": "default"
    },
    "http_req_tls_handshaking": {
      "type": "trend",
      "contains": "time",
      "values": {
        "min": 0,
        "count": 10000,
        "p(90)": 0,
        "p(95)": 0,
        "p(99)": 0,
        "p(99.99)": 0,
        "avg": 0,
        "med": 0,
        "max": 0,
        "p(50)": 0
      }
    },
    "checks": {
      "type": "rate",
      "contains": "default",
      "values": {
        "fails": 0,
        "rate": 1,
        "passes": 10000
      }
    },
    "http_req_blocked": {
      "type": "trend",
      "contains": "time",
      "values": {
        "max": 0.440395,
        "p(90)": 0.0052211,
        "p(99)": 0.1735222800000018,
        "avg": 0.006906420700000007,
        "med": 0.0041905,
        "p(50)": 0.0041905,
        "p(95)": 0.00613005,
        "p(99.99)": 0.36552748749994707,
        "count": 10000,
        "min": 0.001322
      }
    },
    "http_req_failed": {
      "type": "rate",
      "contains": "default",
      "values": {
        "fails": 10000,
        "rate": 0,
        "passes": 0
      }
    },
    "response_size": {
      "type": "trend",
      "contains": "default",
      "values": {
        "p(90)": 512,
        "avg": 511.48,
        "med": 512,
        "max": 512,
        "p(50)": 512,
        "count": 10000,
        "min": 460,
        "p(95)": 512,
        "p(99)": 512,
        "p(99.99)": 512
      }
    },
    "data_sent": {
      "contains": "data",
      "values": {
        "count": 3720000,
        "rate": 230124.63362593233
      },
      "type": "counter"
    },
    "http_req_connecting": {
      "type": "trend",
      "contains": "time",
      "values": {
        "min": 0,
        "med": 0,
        "p(50)": 0,
        "p(90)": 0,
        "count": 10000,
        "avg": 0.0015866596,
        "p(95)": 0,
        "p(99)": 0.0011043000000241045,
        "p(99.99)": 0.21334720619999148,
        "max": 0.225408
      }
    },
    "http_req_duration{expected_response:true}": {
      "type": "trend",
      "contains": "time",
      "values": {
        "max": 8.930829,
        "p(50)": 1.3222710000000002,
        "p(99.99)": 8.917574325599992,
        "avg": 1.4171144319999995,
        "med": 1.3222710000000002,
        "p(95)": 1.8097369499999996,
        "p(99)": 5.905551880000021,
        "count": 10000,
        "min": 0.699793,
        "p(90)": 1.6490592
      }
    },
    "vus": {
      "type": "gauge",
      "contains": "default",
      "values": {
        "value": 1,
        "min": 1,
        "max": 1
      }
    },
    "http_reqs": {
      "type": "counter",
      "contains": "default",
      "values": {
        "count": 10000,
        "rate": 618.6146065213235
      }
    },
    "http_req_duration": {
      "type": "trend",
      "contains": "time",
      "values": {
        "count": 10000,
        "avg": 1.4171144319999995,
        "min": 0.699793,
        "p(50)": 1.3222710000000002,
        "p(90)": 1.6490592,
        "p(95)": 1.8097369499999996,
        "p(99)": 5.905551880000021,
        "p(99.99)": 8.917574325599992,
        "med": 1.3222710000000002,
        "max": 8.930829
      }
    },
    "response_time": {
      "type": "trend",
      "contains": "default",
      "values": {
        "med": 1.3222710000000002,
        "max": 8.930829,
        "p(50)": 1.3222710000000002,
        "p(90)": 1.6490592,
        "p(95)": 1.8097369499999996,
        "avg": 1.4171144319999995,
        "min": 0.699793,
        "p(99)": 5.905551880000021,
        "p(99.99)": 8.917574325599992,
        "count": 10000
      }
    },
    "iteration_duration": {
      "type": "trend",
      "contains": "time",
      "values": {
        "avg": 1.6010081971999954,
        "min": 0.800059,
        "med": 1.503384,
        "max": 9.311391,
        "p(90)": 1.8502741,
        "p(95)": 2.019895399999999,
        "p(99)": 6.1872207400000425,
        "p(50)": 1.503384,
        "p(99.99)": 9.293624776799987,
        "count": 10000
      }
    },
    "http_req_sending": {
      "type": "trend",
      "contains": "time",
      "values": {
        "p(99.99)": 0.27257847609999664,
        "count": 10000,
        "avg": 0.01756959789999996,
        "med": 0.016761,
        "p(50)": 0.016761,
        "p(99)": 0.055698029999999996,
        "min": 0.004575,
        "max": 0.277339,
        "p(90)": 0.0206405,
        "p(95)": 0.023618499999999994
      }
    },
    "vus_max": {
      "values": {
        "max": 1,
        "value": 1,
        "min": 1
      },
      "type": "gauge",
      "contains": "default"
    },
    "http_req_receiving": {
      "type": "trend",
      "contains": "time",
      "values": {
        "avg": 0.06571855330000022,
        "min": 0.018407,
        "p(50)": 0.057106,
        "p(99)": 0.24708391000000005,
        "p(99.99)": 2.253940840099952,
        "count": 10000,
        "med": 0.057106,
        "max": 2.322335,
        "p(90)": 0.07803460000000001,
        "p(95)": 0.09830399999999999
      }
    }
  },
  "root_group": {
    "path": "",
    "id": "d41d8cd98f00b204e9800998ecf8427e",
    "groups": [],
    "checks": [
        {
          "name": "is status 200",
          "path": "::is status 200",
          "id": "548d37ca5f33793206f7832e7cea54fb",
          "passes": 10000,
          "fails": 0
        }
      ],
    "name": ""
  },
  "options": {
    "summaryTimeUnit": "ms",
    "noColor": false,
    "summaryTrendStats": [
      "avg",
      "min",
      "med",
      "max",
      "p(50)",
      "p(90)",
      "p(95)",
      "p(99)",
      "p(99.99)",
      "count"
    ]
  },
  "state": {
    "isStdOutTTY": false,
    "isStdErrTTY": false,
    "testRunDurationMs": 16165.153384
  }
}