{
  "options": {
    "summaryTrendStats": [
      "avg",
      "min",
      "med",
      "max",
      "p(50)",
      "p(90)",
      "p(95)",
      "p(99)",
      "p(99.99)",
      "count"
    ],
    "summaryTimeUnit": "ms",
    "noColor": false
  },
  "state": {
    "isStdOutTTY": false,
    "isStdErrTTY": false,
    "testRunDurationMs": 980238.666348
  },
  "metrics": {
    "iterations": {
      "type": "counter",
      "contains": "default",
      "values": {
        "count": 10000,
        "rate": 10.201597165368137
      }
    },
    "http_reqs": {
      "type": "counter",
      "contains": "default",
      "values": {
        "count": 10000,
        "rate": 10.201597165368137
      }
    },
    "http_req_duration{expected_response:true}": {
      "type": "trend",
      "contains": "time",
      "values": {
        "count": 10000,
        "avg": 97.65782578140032,
        "med": 97.6190245,
        "max": 295.01334,
        "p(90)": 102.2022834,
        "p(99.99)": 289.51898649029613,
        "min": 65.902847,
        "p(50)": 97.6190245,
        "p(95)": 104.64211805,
        "p(99)": 129.17512560000003
      }
    },
    "http_req_duration": {
      "type": "trend",
      "contains": "time",
      "values": {
        "avg": 97.65782578140032,
        "min": 65.902847,
        "med": 97.6190245,
        "max": 295.01334,
        "p(50)": 97.6190245,
        "p(95)": 104.64211805,
        "p(99.99)": 289.51898649029613,
        "p(90)": 102.2022834,
        "p(99)": 129.17512560000003,
        "count": 10000
      }
    },
    "http_req_tls_handshaking": {
      "type": "trend",
      "contains": "time",
      "values": {
        "p(50)": 0,
        "p(99.99)": 0,
        "count": 10000,
        "avg": 0,
        "min": 0,
        "med": 0,
        "max": 0,
        "p(90)": 0,
        "p(95)": 0,
        "p(99)": 0
      }
    },
    "http_req_failed": {
      "type": "rate",
      "contains": "default",
      "values": {
        "fails": 10000,
        "rate": 0,
        "passes": 0
      }
    },
    "reponse_size": {
      "type": "trend",
      "contains": "default",
      "values": {
        "med": 213,
        "max": 213,
        "p(90)": 213,
        "p(99)": 213,
        "p(99.99)": 213,
        "count": 10000,
        "avg": 212.7805,
        "min": 207,
        "p(50)": 213,
        "p(95)": 213
      }
    },
    "vus_max": {
      "values": {
        "min": 1,
        "max": 1,
        "value": 1
      },
      "type": "gauge",
      "contains": "default"
    },
    "response_time": {
      "type": "trend",
      "contains": "default",
      "values": {
        "p(50)": 97.6190245,
        "p(90)": 102.2022834,
        "p(99)": 129.17512560000003,
        "p(99.99)": 289.51898649029613,
        "avg": 97.65782578140032,
        "max": 295.01334,
        "p(95)": 104.64211805,
        "count": 10000,
        "min": 65.902847,
        "med": 97.6190245
      }
    },
    "data_received": {
      "type": "counter",
      "contains": "data",
      "values": {
        "count": 6214905,
        "rate": 6340.195723103226
      }
    },
    "iteration_duration": {
      "type": "trend",
      "contains": "time",
      "values": {
        "p(95)": 104.96023924999999,
        "count": 10000,
        "avg": 98.00031689529996,
        "med": 97.961234,
        "p(50)": 97.961234,
        "p(90)": 102.5328805,
        "p(99)": 129.50949570000003,
        "p(99.99)": 289.8115971360961,
        "min": 66.164493,
        "max": 295.312408
      }
    },
    "http_req_waiting": {
      "type": "trend",
      "contains": "time",
      "values": {
        "p(90)": 102.0471531,
        "p(99.99)": 289.4248170121961,
        "avg": 97.45384641080001,
        "min": 65.793302,
        "max": 294.894392,
        "p(50)": 97.483367,
        "med": 97.483367,
        "p(95)": 104.44325925,
        "p(99)": 128.91318645,
        "count": 10000
      }
    },
    "checks": {
      "type": "rate",
      "contains": "default",
      "values": {
        "passes": 10000,
        "fails": 0,
        "rate": 1
      }
    },
    "data_sent": {
      "type": "counter",
      "contains": "data",
      "values": {
        "rate": 5406.846497645112,
        "count": 5300000
      }
    },
    "vus": {
      "contains": "default",
      "values": {
        "max": 1,
        "value": 1,
        "min": 1
      },
      "type": "gauge"
    },
    "http_req_connecting": {
      "contains": "time",
      "values": {
        "min": 0,
        "med": 0,
        "max": 0.448455,
        "p(50)": 0,
        "p(90)": 0,
        "p(99)": 0.0010474500000228636,
        "avg": 0.0020522999,
        "p(99.99)": 0.4023236135999674,
        "count": 10000,
        "p(95)": 0
      },
      "type": "trend"
    },
    "http_req_sending": {
      "type": "trend",
      "contains": "time",
      "values": {
        "count": 10000,
        "min": 0.011362,
        "max": 0.620568,
        "p(95)": 0.049132349999999936,
        "p(99.99)": 0.5616918881999584,
        "p(99)": 0.12612747000000019,
        "avg": 0.029292887500000007,
        "med": 0.025705,
        "p(50)": 0.025705,
        "p(90)": 0.0364116
      }
    },
    "http_req_receiving": {
      "type": "trend",
      "contains": "time",
      "values": {
        "med": 0.0968835,
        "p(50)": 0.0968835,
        "p(90)": 0.1333587,
        "p(95)": 0.1589951,
        "count": 10000,
        "min": 0.043425,
        "max": 26.610762,
        "p(99)": 0.3107840200000001,
        "p(99.99)": 26.50959311789993,
        "avg": 0.17468648310000004
      }
    },
    "http_req_blocked": {
      "contains": "time",
      "values": {
        "avg": 0.008991310599999991,
        "min": 0.002274,
        "p(50)": 0.0049505,
        "p(90)": 0.0080272,
        "p(95)": 0.011491299999999996,
        "count": 10000,
        "med": 0.0049505,
        "max": 0.565367,
        "p(99)": 0.191188540000001,
        "p(99.99)": 0.5479137454999876
      },
      "type": "trend"
    }
  },
  "root_group": {
    "name": "",
    "path": "",
    "id": "d41d8cd98f00b204e9800998ecf8427e",
    "groups": [],
    "checks": [
        {
          "name": "is status 200",
          "path": "::is status 200",
          "id": "548d37ca5f33793206f7832e7cea54fb",
          "passes": 10000,
          "fails": 0
        }
      ]
  }
}