{
  "state": {
    "isStdOutTTY": false,
    "isStdErrTTY": false,
    "testRunDurationMs": 2931.986549
  },
  "metrics": {
    "vus": {
      "type": "gauge",
      "contains": "default",
      "values": {
        "value": 1,
        "min": 1,
        "max": 1
      }
    },
    "http_req_failed": {
      "type": "rate",
      "contains": "default",
      "values": {
        "rate": 0,
        "passes": 0,
        "fails": 1000
      }
    },
    "data_received": {
      "type": "counter",
      "contains": "data",
      "values": {
        "count": 602897,
        "rate": 205627.47813615567
      }
    },
    "http_req_connecting": {
      "values": {
        "count": 1000,
        "min": 0,
        "max": 0.238509,
        "p(50)": 0,
        "p(90)": 0,
        "p(95)": 0,
        "p(99)": 0,
        "p(99.99)": 0.2146819508999886,
        "avg": 0.000238509,
        "med": 0
      },
      "type": "trend",
      "contains": "time"
    },
    "reponse_size_body": {
      "type": "trend",
      "contains": "default",
      "values": {
        "p(50)": 150,
        "p(99.99)": 150,
        "count": 1000,
        "avg": 150,
        "min": 150,
        "med": 150,
        "max": 150,
        "p(90)": 150,
        "p(95)": 150,
        "p(99)": 150
      }
    },
    "response_size": {
      "type": "trend",
      "contains": "default",
      "values": {
        "avg": 531,
        "p(50)": 531,
        "p(99)": 531,
        "p(99.99)": 531,
        "count": 1000,
        "min": 531,
        "med": 531,
        "max": 531,
        "p(90)": 531,
        "p(95)": 531
      }
    },
    "data_sent": {
      "type": "counter",
      "contains": "data",
      "values": {
        "count": 372000,
        "rate": 126876.43472541729
      }
    },
    "iteration_duration": {
      "type": "trend",
      "contains": "time",
      "values": {
        "avg": 2.912033297999997,
        "min": 1.912175,
        "med": 2.8648265,
        "p(50)": 2.8648265,
        "p(95)": 3.590916399999999,
        "p(99.99)": 13.123730768399785,
        "count": 1000,
        "max": 13.575447,
        "p(90)": 3.3967324000000003,
        "p(99)": 4.60356864
      }
    },
    "http_req_duration": {
      "type": "trend",
      "contains": "time",
      "values": {
        "p(50)": 2.6320485,
        "p(90)": 3.1377335,
        "p(95)": 3.3178711499999998,
        "p(99)": 4.34484971,
        "p(99.99)": 12.299212771499807,
        "count": 1000,
        "med": 2.6320485,
        "min": 1.771454,
        "max": 12.700083,
        "avg": 2.685220248999997
      }
    },
    "http_req_blocked": {
      "type": "trend",
      "contains": "time",
      "values": {
        "p(99)": 0.017315599999999997,
        "p(99.99)": 0.3090517418999863,
        "p(90)": 0.0067862,
        "p(95)": 0.007918099999999997,
        "med": 0.0053100000000000005,
        "max": 0.337665,
        "p(50)": 0.0053100000000000005,
        "count": 1000,
        "avg": 0.00591471,
        "min": 0.0029
      }
    },
    "http_req_waiting": {
      "type": "trend",
      "contains": "time",
      "values": {
        "avg": 2.5469960880000007,
        "min": 1.626694,
        "med": 2.4890255000000003,
        "max": 12.440973,
        "p(50)": 2.4890255000000003,
        "p(95)": 3.1504412,
        "count": 1000,
        "p(90)": 3.0055566000000002,
        "p(99)": 4.15586205,
        "p(99.99)": 12.041078195099807
      }
    },
    "vus_max": {
      "type": "gauge",
      "contains": "default",
      "values": {
        "max": 1,
        "value": 1,
        "min": 1
      }
    },
    "http_req_duration{expected_response:true}": {
      "type": "trend",
      "contains": "time",
      "values": {
        "p(90)": 3.1377335,
        "p(95)": 3.3178711499999998,
        "max": 12.700083,
        "p(50)": 2.6320485,
        "med": 2.6320485,
        "p(99)": 4.34484971,
        "p(99.99)": 12.299212771499807,
        "count": 1000,
        "avg": 2.685220248999997,
        "min": 1.771454
      }
    },
    "checks": {
      "type": "rate",
      "contains": "default",
      "values": {
        "rate": 1,
        "passes": 1000,
        "fails": 0
      }
    },
    "http_req_sending": {
      "type": "trend",
      "contains": "time",
      "values": {
        "med": 0.021985,
        "p(50)": 0.021985,
        "p(90)": 0.0270735,
        "count": 1000,
        "avg": 0.022504203000000004,
        "min": 0.008327,
        "max": 0.158844,
        "p(95)": 0.03193659999999998,
        "p(99)": 0.04772749999999997,
        "p(99.99)": 0.15563141579999848
      }
    },
    "http_req_tls_handshaking": {
      "type": "trend",
      "contains": "time",
      "values": {
        "p(95)": 0,
        "p(99)": 0,
        "p(99.99)": 0,
        "count": 1000,
        "min": 0,
        "med": 0,
        "max": 0,
        "p(50)": 0,
        "avg": 0,
        "p(90)": 0
      }
    },
    "http_req_receiving": {
      "type": "trend",
      "contains": "time",
      "values": {
        "count": 1000,
        "avg": 0.11571995799999991,
        "med": 0.09193,
        "p(50)": 0.09193,
        "p(95)": 0.23049854999999994,
        "p(99)": 0.30654353999999995,
        "min": 0.033963,
        "max": 1.55577,
        "p(90)": 0.1991562,
        "p(99.99)": 1.4520770966999503
      }
    },
    "response_time": {
      "type": "trend",
      "contains": "default",
      "values": {
        "avg": 2.685220248999997,
        "med": 2.6320485,
        "max": 12.700083,
        "p(50)": 2.6320485,
        "p(99)": 4.34484971,
        "min": 1.771454,
        "p(90)": 3.1377335,
        "p(95)": 3.3178711499999998,
        "p(99.99)": 12.299212771499807,
        "count": 1000
      }
    },
    "iterations": {
      "type": "counter",
      "contains": "default",
      "values": {
        "count": 1000,
        "rate": 341.0656847457454
      }
    },
    "http_reqs": {
      "type": "counter",
      "contains": "default",
      "values": {
        "count": 1000,
        "rate": 341.0656847457454
      }
    }
  },
  "root_group": {
    "name": "",
    "path": "",
    "id": "d41d8cd98f00b204e9800998ecf8427e",
    "groups": [],
    "checks": [
        {
          "fails": 0,
          "name": "is status 200",
          "path": "::is status 200",
          "id": "548d37ca5f33793206f7832e7cea54fb",
          "passes": 1000
        }
      ]
  },
  "options": {
    "summaryTrendStats": [
      "avg",
      "min",
      "med",
      "max",
      "p(50)",
      "p(90)",
      "p(95)",
      "p(99)",
      "p(99.99)",
      "count"
    ],
    "summaryTimeUnit": "ms",
    "noColor": false
  }
}