{
  "options": {
    "summaryTimeUnit": "ms",
    "noColor": false,
    "summaryTrendStats": [
      "avg",
      "min",
      "med",
      "max",
      "p(50)",
      "p(90)",
      "p(95)",
      "p(99)",
      "p(99.99)",
      "count"
    ]
  },
  "state": {
    "isStdOutTTY": false,
    "isStdErrTTY": false,
    "testRunDurationMs": 17396.169869
  },
  "metrics": {
    "checks": {
      "contains": "default",
      "values": {
        "rate": 1,
        "passes": 1000,
        "fails": 0
      },
      "type": "rate"
    },
    "iteration_duration": {
      "type": "trend",
      "contains": "time",
      "values": {
        "med": 13.7461405,
        "p(90)": 33.643313400000004,
        "max": 43.778377,
        "p(50)": 13.7461405,
        "p(95)": 36.22570544999999,
        "p(99)": 39.92949536,
        "p(99.99)": 43.5820306428999,
        "count": 1000,
        "avg": 17.376473418000025,
        "min": 11.589553
      }
    },
    "iterations": {
      "type": "counter",
      "contains": "default",
      "values": {
        "rate": 57.48391786987556,
        "count": 1000
      }
    },
    "response_time": {
      "type": "trend",
      "contains": "default",
      "values": {
        "avg": 17.173217790999985,
        "min": 11.377829,
        "max": 43.512911,
        "p(90)": 33.3856362,
        "p(99)": 39.75664105,
        "p(99.99)": 43.31947572889991,
        "count": 1000,
        "med": 13.554186,
        "p(50)": 13.554186,
        "p(95)": 35.95726205
      }
    },
    "http_reqs": {
      "type": "counter",
      "contains": "default",
      "values": {
        "count": 1000,
        "rate": 57.48391786987556
      }
    },
    "data_received": {
      "type": "counter",
      "contains": "data",
      "values": {
        "count": 614886,
        "rate": 35346.05632333631
      }
    },
    "vus_max": {
      "contains": "default",
      "values": {
        "max": 1,
        "value": 1,
        "min": 1
      },
      "type": "gauge"
    },
    "http_req_duration": {
      "type": "trend",
      "contains": "time",
      "values": {
        "p(95)": 35.95726205,
        "count": 1000,
        "avg": 17.173217790999985,
        "min": 11.377829,
        "max": 43.512911,
        "p(99)": 39.75664105,
        "p(99.99)": 43.31947572889991,
        "med": 13.554186,
        "p(50)": 13.554186,
        "p(90)": 33.3856362
      }
    },
    "http_req_tls_handshaking": {
      "contains": "time",
      "values": {
        "min": 0,
        "med": 0,
        "p(50)": 0,
        "p(95)": 0,
        "p(99.99)": 0,
        "count": 1000,
        "avg": 0,
        "max": 0,
        "p(90)": 0,
        "p(99)": 0
      },
      "type": "trend"
    },
    "vus": {
      "type": "gauge",
      "contains": "default",
      "values": {
        "value": 1,
        "min": 1,
        "max": 1
      }
    },
    "http_req_receiving": {
      "type": "trend",
      "contains": "time",
      "values": {
        "p(50)": 0.076015,
        "p(90)": 0.1036126,
        "p(95)": 0.12033709999999997,
        "p(99)": 0.2583868199999999,
        "p(99.99)": 23.509355898499653,
        "count": 1000,
        "med": 0.076015,
        "max": 24.237026,
        "avg": 0.13358627200000003,
        "min": 0.045635
      }
    },
    "http_req_duration{expected_response:true}": {
      "values": {
        "p(99.99)": 43.31947572889991,
        "count": 1000,
        "min": 11.377829,
        "med": 13.554186,
        "max": 43.512911,
        "p(50)": 13.554186,
        "avg": 17.173217790999985,
        "p(90)": 33.3856362,
        "p(95)": 35.95726205,
        "p(99)": 39.75664105
      },
      "type": "trend",
      "contains": "time"
    },
    "http_req_failed": {
      "type": "rate",
      "contains": "default",
      "values": {
        "fails": 1000,
        "rate": 0,
        "passes": 0
      }
    },
    "http_req_blocked": {
      "type": "trend",
      "contains": "time",
      "values": {
        "p(95)": 0.009687299999999998,
        "p(99)": 0.15619038999999982,
        "p(99.99)": 0.3413656467999983,
        "min": 0.002334,
        "p(90)": 0.006828200000000003,
        "max": 0.344809,
        "p(50)": 0.0039435,
        "count": 1000,
        "avg": 0.007232252999999999,
        "med": 0.0039435
      }
    },
    "reponse_size": {
      "type": "trend",
      "contains": "default",
      "values": {
        "count": 1000,
        "p(90)": 207,
        "p(95)": 207,
        "p(99.99)": 207,
        "max": 207,
        "p(50)": 206,
        "p(99)": 207,
        "avg": 206.176,
        "min": 202,
        "med": 206
      }
    },
    "http_req_connecting": {
      "type": "trend",
      "contains": "time",
      "values": {
        "p(99)": 0.0011006299999989989,
        "count": 1000,
        "avg": 0.001630603,
        "min": 0,
        "max": 0.231672,
        "p(50)": 0,
        "p(90)": 0,
        "p(95)": 0,
        "med": 0,
        "p(99.99)": 0.22921066379999883
      }
    },
    "http_req_sending": {
      "type": "trend",
      "contains": "time",
      "values": {
        "avg": 0.01788905399999998,
        "min": 0.008667,
        "med": 0.0147895,
        "p(90)": 0.0230122,
        "count": 1000,
        "max": 0.253865,
        "p(50)": 0.0147895,
        "p(95)": 0.027924899999999996,
        "p(99)": 0.07214238999999996,
        "p(99.99)": 0.24918108859999777
      }
    },
    "http_req_waiting": {
      "type": "trend",
      "contains": "time",
      "values": {
        "p(99.99)": 43.20809595249991,
        "max": 43.399357,
        "p(90)": 33.1992503,
        "p(99)": 39.6472507,
        "p(50)": 13.435085,
        "p(95)": 35.663930549999996,
        "count": 1000,
        "avg": 17.021742465000006,
        "min": 11.293334,
        "med": 13.435085
      }
    },
    "data_sent": {
      "type": "counter",
      "contains": "data",
      "values": {
        "count": 378401,
        "rate": 21751.972005878783
      }
    }
  },
  "root_group": {
    "name": "",
    "path": "",
    "id": "d41d8cd98f00b204e9800998ecf8427e",
    "groups": [],
    "checks": [
        {
          "path": "::is status 200",
          "id": "548d37ca5f33793206f7832e7cea54fb",
          "passes": 1000,
          "fails": 0,
          "name": "is status 200"
        }
      ]
  }
}