{
  "root_group": {
    "name": "",
    "path": "",
    "id": "d41d8cd98f00b204e9800998ecf8427e",
    "groups": [],
    "checks": [
        {
          "fails": 0,
          "name": "status is 200",
          "path": "::status is 200",
          "id": "6210a8cd14cd70477eba5c5e4cb3fb5f",
          "passes": 10000
        }
      ]
  },
  "options": {
    "summaryTrendStats": [
      "avg",
      "min",
      "med",
      "max",
      "p(50)",
      "p(90)",
      "p(95)",
      "p(99)",
      "p(99.99)",
      "count"
    ],
    "summaryTimeUnit": "ms",
    "noColor": false
  },
  "state": {
    "isStdOutTTY": false,
    "isStdErrTTY": false,
    "testRunDurationMs": 192628.392127
  },
  "metrics": {
    "iteration_duration": {
      "type": "trend",
      "contains": "time",
      "values": {
        "p(99.99)": 109.61442604394291,
        "med": 16.0021725,
        "p(50)": 16.0021725,
        "p(90)": 29.1809777,
        "p(95)": 30.978078749999995,
        "count": 10000,
        "avg": 19.244739556100043,
        "min": 12.760408,
        "max": 190.326794,
        "p(99)": 33.97885345
      }
    },
    "data_received": {
      "type": "counter",
      "contains": "data",
      "values": {
        "count": 6407100,
        "rate": 33261.45190359994
      }
    },
    "iterations": {
      "values": {
        "count": 10000,
        "rate": 51.913427141140204
      },
      "type": "counter",
      "contains": "default"
    },
    "checks": {
      "values": {
        "rate": 1,
        "passes": 10000,
        "fails": 0
      },
      "type": "rate",
      "contains": "default"
    },
    "http_req_connecting": {
      "type": "trend",
      "contains": "time",
      "values": {
        "med": 0,
        "p(50)": 0,
        "p(90)": 0,
        "p(99.99)": 0.43818142959999695,
        "count": 10000,
        "avg": 0.0020217105000000005,
        "min": 0,
        "max": 0.442477,
        "p(95)": 0,
        "p(99)": 0.0010109700000220673
      }
    },
    "http_req_waiting": {
      "type": "trend",
      "contains": "time",
      "values": {
        "max": 189.791599,
        "p(99)": 33.32205952000001,
        "p(99.99)": 108.85297267204275,
        "count": 10000,
        "avg": 18.637830016099986,
        "med": 15.4090685,
        "p(90)": 28.566699800000002,
        "p(95)": 30.404298899999993,
        "min": 12.22039,
        "p(50)": 15.4090685
      }
    },
    "data_sent": {
      "values": {
        "count": 4760000,
        "rate": 24710.791319182736
      },
      "type": "counter",
      "contains": "data"
    },
    "http_req_receiving": {
      "type": "trend",
      "contains": "time",
      "values": {
        "p(95)": 0.11438134999999999,
        "p(99.99)": 16.177466430199935,
        "count": 10000,
        "med": 0.07565,
        "max": 16.271759,
        "p(50)": 0.07565,
        "p(99)": 0.2631220500000002,
        "avg": 0.1132978558,
        "min": 0.045181,
        "p(90)": 0.09988810000000002
      }
    },
    "reponse_size": {
      "type": "trend",
      "contains": "default",
      "values": {
        "med": 98,
        "p(50)": 98,
        "p(90)": 98,
        "p(95)": 98,
        "avg": 97.8215,
        "min": 97,
        "max": 98,
        "p(99)": 98,
        "p(99.99)": 98,
        "count": 10000
      }
    },
    "http_req_duration{expected_response:true}": {
      "type": "trend",
      "contains": "time",
      "values": {
        "avg": 18.77266917640003,
        "min": 12.313595,
        "max": 189.891184,
        "p(50)": 15.5245935,
        "p(90)": 28.6881491,
        "p(99)": 33.42784227,
        "p(99.99)": 108.97297762984276,
        "count": 10000,
        "med": 15.5245935,
        "p(95)": 30.5266853
      }
    },
    "http_req_blocked": {
      "type": "trend",
      "contains": "time",
      "values": {
        "p(90)": 0.0053581,
        "p(95)": 0.007464649999999991,
        "p(99)": 0.17303222000000107,
        "count": 10000,
        "avg": 0.007308958100000013,
        "min": 0.002296,
        "med": 0.00407,
        "max": 0.52503,
        "p(50)": 0.00407,
        "p(99.99)": 0.5020382993999838
      }
    },
    "response_time": {
      "type": "trend",
      "contains": "default",
      "values": {
        "med": 15.5245935,
        "max": 189.891184,
        "p(50)": 15.5245935,
        "p(90)": 28.6881491,
        "p(95)": 30.5266853,
        "p(99)": 33.42784227,
        "count": 10000,
        "avg": 18.77266917640003,
        "min": 12.313595,
        "p(99.99)": 108.97297762984276
      }
    },
    "http_req_failed": {
      "type": "rate",
      "contains": "default",
      "values": {
        "rate": 0,
        "passes": 0,
        "fails": 10000
      }
    },
    "http_reqs": {
      "type": "counter",
      "contains": "default",
      "values": {
        "count": 10000,
        "rate": 51.913427141140204
      }
    },
    "http_req_duration": {
      "type": "trend",
      "contains": "time",
      "values": {
        "avg": 18.77266917640003,
        "med": 15.5245935,
        "p(50)": 15.5245935,
        "p(99)": 33.42784227,
        "p(99.99)": 108.97297762984276,
        "min": 12.313595,
        "max": 189.891184,
        "p(90)": 28.6881491,
        "p(95)": 30.5266853,
        "count": 10000
      }
    },
    "http_req_tls_handshaking": {
      "type": "trend",
      "contains": "time",
      "values": {
        "p(99.99)": 0,
        "min": 0,
        "p(50)": 0,
        "p(95)": 0,
        "p(99)": 0,
        "count": 10000,
        "avg": 0,
        "med": 0,
        "max": 0,
        "p(90)": 0
      }
    },
    "vus": {
      "values": {
        "value": 1,
        "min": 1,
        "max": 1
      },
      "type": "gauge",
      "contains": "default"
    },
    "http_req_sending": {
      "type": "trend",
      "contains": "time",
      "values": {
        "p(50)": 0.0195205,
        "p(99.99)": 0.24112758179999588,
        "med": 0.0195205,
        "max": 0.246945,
        "p(90)": 0.0261912,
        "p(95)": 0.03044659999999999,
        "p(99)": 0.074327,
        "count": 10000,
        "avg": 0.021541304500000056,
        "min": 0.010437
      }
    },
    "vus_max": {
      "type": "gauge",
      "contains": "default",
      "values": {
        "value": 1,
        "min": 1,
        "max": 1
      }
    }
  }
}