{
  "root_group": {
    "name": "",
    "path": "",
    "id": "d41d8cd98f00b204e9800998ecf8427e",
    "groups": [],
    "checks": [
        {
          "name": "is status 200",
          "path": "::is status 200",
          "id": "548d37ca5f33793206f7832e7cea54fb",
          "passes": 1000,
          "fails": 0
        }
      ]
  },
  "options": {
    "summaryTrendStats": [
      "avg",
      "min",
      "med",
      "max",
      "p(50)",
      "p(90)",
      "p(95)",
      "p(99)",
      "p(99.99)",
      "count"
    ],
    "summaryTimeUnit": "ms",
    "noColor": false
  },
  "state": {
    "isStdErrTTY": false,
    "testRunDurationMs": 2308.867164,
    "isStdOutTTY": false
  },
  "metrics": {
    "http_req_duration{expected_response:true}": {
      "values": {
        "p(90)": 2.1037528000000005,
        "p(95)": 2.373265749999998,
        "p(99)": 20.534906089999996,
        "p(99.99)": 46.87128544619968,
        "min": 0.947931,
        "med": 1.5636035,
        "p(50)": 1.5636035,
        "count": 1000,
        "avg": 2.0894572670000024,
        "max": 47.545257
      },
      "type": "trend",
      "contains": "time"
    },
    "data_sent": {
      "type": "counter",
      "contains": "data",
      "values": {
        "count": 372000,
        "rate": 161117.9741304511
      }
    },
    "http_req_waiting": {
      "type": "trend",
      "contains": "time",
      "values": {
        "max": 47.368296,
        "p(50)": 1.46007,
        "p(99)": 18.646895339999983,
        "p(99.99)": 46.69703453339968,
        "count": 1000,
        "avg": 1.9486641549999992,
        "min": 0.887611,
        "med": 1.46007,
        "p(90)": 1.9781139,
        "p(95)": 2.2259125500000003
      }
    },
    "http_req_duration": {
      "type": "trend",
      "contains": "time",
      "values": {
        "max": 47.545257,
        "p(99.99)": 46.87128544619968,
        "count": 1000,
        "avg": 2.0894572670000024,
        "med": 1.5636035,
        "p(50)": 1.5636035,
        "p(90)": 2.1037528000000005,
        "p(95)": 2.373265749999998,
        "p(99)": 20.534906089999996,
        "min": 0.947931
      }
    },
    "http_req_failed": {
      "type": "rate",
      "contains": "default",
      "values": {
        "rate": 0,
        "passes": 0,
        "fails": 1000
      }
    },
    "iterations": {
      "type": "counter",
      "contains": "default",
      "values": {
        "count": 1000,
        "rate": 433.1128336840083
      }
    },
    "http_reqs": {
      "type": "counter",
      "contains": "default",
      "values": {
        "rate": 433.1128336840083,
        "count": 1000
      }
    },
    "http_req_blocked": {
      "type": "trend",
      "contains": "time",
      "values": {
        "count": 1000,
        "avg": 0.008070971000000008,
        "med": 0.004805,
        "max": 0.334588,
        "p(90)": 0.0073703000000000015,
        "p(95)": 0.00859915,
        "p(99.99)": 0.3335452437999995,
        "min": 0.002437,
        "p(50)": 0.004805,
        "p(99)": 0.16002023999999984
      }
    },
    "http_req_connecting": {
      "values": {
        "p(95)": 0,
        "p(99.99)": 0.23875957429999864,
        "count": 1000,
        "avg": 0.0016939019999999997,
        "max": 0.241631,
        "p(50)": 0,
        "p(99)": 0.0010694099999990273,
        "min": 0,
        "med": 0,
        "p(90)": 0
      },
      "type": "trend",
      "contains": "time"
    },
    "http_req_tls_handshaking": {
      "values": {
        "count": 1000,
        "min": 0,
        "med": 0,
        "p(90)": 0,
        "p(99)": 0,
        "p(99.99)": 0,
        "avg": 0,
        "max": 0,
        "p(50)": 0,
        "p(95)": 0
      },
      "type": "trend",
      "contains": "time"
    },
    "checks": {
      "type": "rate",
      "contains": "default",
      "values": {
        "fails": 0,
        "rate": 1,
        "passes": 1000
      }
    },
    "reponse_size_body": {
      "type": "trend",
      "contains": "default",
      "values": {
        "min": 149,
        "med": 149,
        "p(50)": 149,
        "count": 1000,
        "avg": 149,
        "max": 149,
        "p(90)": 149,
        "p(95)": 149,
        "p(99)": 149,
        "p(99.99)": 149
      }
    },
    "response_size": {
      "type": "trend",
      "contains": "default",
      "values": {
        "p(99)": 511,
        "count": 1000,
        "avg": 510.48,
        "med": 511,
        "max": 511,
        "p(50)": 511,
        "p(95)": 511,
        "min": 459,
        "p(90)": 511,
        "p(99.99)": 511
      }
    },
    "vus": {
      "type": "gauge",
      "contains": "default",
      "values": {
        "min": 1,
        "max": 1,
        "value": 1
      }
    },
    "data_received": {
      "type": "counter",
      "contains": "data",
      "values": {
        "count": 557710,
        "rate": 241551.35847390827
      }
    },
    "vus_max": {
      "type": "gauge",
      "contains": "default",
      "values": {
        "value": 1,
        "min": 1,
        "max": 1
      }
    },
    "http_req_sending": {
      "type": "trend",
      "contains": "time",
      "values": {
        "count": 1000,
        "avg": 0.019661731000000023,
        "med": 0.017863999999999998,
        "p(99.99)": 0.17521055939999713,
        "p(90)": 0.026483200000000002,
        "p(95)": 0.03105425,
        "p(99)": 0.060938749999999965,
        "min": 0.007655,
        "max": 0.181164,
        "p(50)": 0.017863999999999998
      }
    },
    "iteration_duration": {
      "contains": "time",
      "values": {
        "p(95)": 2.6707195499999994,
        "p(99)": 20.762466259999993,
        "p(99.99)": 47.199812623899675,
        "count": 1000,
        "med": 1.758368,
        "max": 47.876659,
        "p(50)": 1.758368,
        "p(90)": 2.3305369999999996,
        "avg": 2.292016704000001,
        "min": 1.076665
      },
      "type": "trend"
    },
    "http_req_receiving": {
      "values": {
        "min": 0.032221,
        "med": 0.0655675,
        "max": 34.378985,
        "p(99)": 0.3978225999999999,
        "avg": 0.12113138100000019,
        "p(50)": 0.0655675,
        "p(90)": 0.11410170000000001,
        "p(95)": 0.18795844999999983,
        "p(99.99)": 31.179748239198467,
        "count": 1000
      },
      "type": "trend",
      "contains": "time"
    },
    "response_time": {
      "type": "trend",
      "contains": "default",
      "values": {
        "avg": 2.0894572670000024,
        "med": 1.5636035,
        "p(90)": 2.1037528000000005,
        "p(99.99)": 46.87128544619968,
        "count": 1000,
        "min": 0.947931,
        "max": 47.545257,
        "p(50)": 1.5636035,
        "p(95)": 2.373265749999998,
        "p(99)": 20.534906089999996
      }
    }
  }
}