{
  "state": {
    "isStdOutTTY": false,
    "isStdErrTTY": false,
    "testRunDurationMs": 898047.17533
  },
  "metrics": {
    "http_req_sending": {
      "type": "trend",
      "contains": "time",
      "values": {
        "p(99)": 0.14710499000000005,
        "count": 10000,
        "avg": 0.028253431099999938,
        "min": 0.012029,
        "max": 0.669252,
        "p(95)": 0.05340669999999983,
        "med": 0.0215815,
        "p(50)": 0.0215815,
        "p(90)": 0.035495200000000005,
        "p(99.99)": 0.5808588401999375
      }
    },
    "http_req_waiting": {
      "type": "trend",
      "contains": "time",
      "values": {
        "avg": 88.9243860672999,
        "p(50)": 90.75415050000001,
        "p(90)": 95.53968370000001,
        "p(99)": 104.12858310000001,
        "p(99.99)": 276.9007353782871,
        "count": 10000,
        "min": 60.356126,
        "med": 90.75415050000001,
        "max": 295.162692,
        "p(95)": 97.659312
      }
    },
    "http_req_receiving": {
      "type": "trend",
      "contains": "time",
      "values": {
        "min": 0.041763,
        "med": 0.1029325,
        "max": 27.06114,
        "p(50)": 0.1029325,
        "p(95)": 0.2226778999999999,
        "p(99.99)": 26.52457666169962,
        "count": 10000,
        "avg": 0.1826657805999992,
        "p(90)": 0.1479153,
        "p(99)": 0.41169255000000005
      }
    },
    "checks": {
      "type": "rate",
      "contains": "default",
      "values": {
        "passes": 10000,
        "fails": 0,
        "rate": 1
      }
    },
    "iterations": {
      "values": {
        "rate": 11.135272483124687,
        "count": 10000
      },
      "type": "counter",
      "contains": "default"
    },
    "vus_max": {
      "type": "gauge",
      "contains": "default",
      "values": {
        "max": 1,
        "value": 1,
        "min": 1
      }
    },
    "data_sent": {
      "type": "counter",
      "contains": "data",
      "values": {
        "count": 4850000,
        "rate": 5400.607154315473
      }
    },
    "http_req_blocked": {
      "values": {
        "avg": 0.005782211000000017,
        "max": 0.266377,
        "p(99.99)": 0.2220044376999686,
        "min": 0.002218,
        "med": 0.004451,
        "p(50)": 0.004451,
        "p(90)": 0.007132300000000001,
        "p(95)": 0.010849499999999993,
        "p(99)": 0.028568220000000026,
        "count": 10000
      },
      "type": "trend",
      "contains": "time"
    },
    "http_req_connecting": {
      "type": "trend",
      "contains": "time",
      "values": {
        "p(99.99)": 0.00001985979985954691,
        "count": 10000,
        "med": 0,
        "p(50)": 0,
        "max": 0.198598,
        "p(90)": 0,
        "p(95)": 0,
        "p(99)": 0,
        "avg": 0.0000198598,
        "min": 0
      }
    },
    "response_time": {
      "type": "trend",
      "contains": "default",
      "values": {
        "med": 90.922755,
        "max": 295.285022,
        "p(90)": 95.70104909999999,
        "p(95)": 97.80659169999998,
        "p(99)": 104.32956146000001,
        "p(99.99)": 277.0215705277871,
        "avg": 89.13530527899964,
        "min": 60.479336,
        "p(50)": 90.922755,
        "count": 10000
      }
    },
    "http_req_failed": {
      "type": "rate",
      "contains": "default",
      "values": {
        "rate": 0,
        "passes": 0,
        "fails": 10000
      }
    },
    "vus": {
      "type": "gauge",
      "contains": "default",
      "values": {
        "value": 1,
        "min": 1,
        "max": 1
      }
    },
    "reponse_size": {
      "type": "trend",
      "contains": "default",
      "values": {
        "p(50)": 97,
        "p(90)": 98,
        "p(99)": 98,
        "avg": 97.3087,
        "med": 97,
        "max": 98,
        "count": 10000,
        "min": 97,
        "p(95)": 98,
        "p(99.99)": 98
      }
    },
    "data_received": {
      "type": "counter",
      "contains": "data",
      "values": {
        "count": 6839636,
        "rate": 7616.1210545389
      }
    },
    "http_req_duration{expected_response:true}": {
      "type": "trend",
      "contains": "time",
      "values": {
        "avg": 89.13530527899964,
        "max": 295.285022,
        "p(50)": 90.922755,
        "p(99.99)": 277.0215705277871,
        "count": 10000,
        "min": 60.479336,
        "med": 90.922755,
        "p(90)": 95.70104909999999,
        "p(95)": 97.80659169999998,
        "p(99)": 104.32956146000001
      }
    },
    "http_req_tls_handshaking": {
      "type": "trend",
      "contains": "time",
      "values": {
        "min": 0,
        "p(90)": 0,
        "count": 10000,
        "p(99.99)": 0,
        "avg": 0,
        "med": 0,
        "max": 0,
        "p(50)": 0,
        "p(95)": 0,
        "p(99)": 0
      }
    },
    "http_reqs": {
      "type": "counter",
      "contains": "default",
      "values": {
        "count": 10000,
        "rate": 11.135272483124687
      }
    },
    "iteration_duration": {
      "type": "trend",
      "contains": "time",
      "values": {
        "p(99)": 104.94092739000001,
        "count": 10000,
        "min": 61.043531,
        "med": 91.5716165,
        "max": 295.888518,
        "p(50)": 91.5716165,
        "p(90)": 96.3354154,
        "avg": 89.78016979609993,
        "p(95)": 98.4692336,
        "p(99.99)": 277.6217348609871
      }
    },
    "http_req_duration": {
      "type": "trend",
      "contains": "time",
      "values": {
        "p(95)": 97.80659169999998,
        "p(99)": 104.32956146000001,
        "min": 60.479336,
        "max": 295.285022,
        "p(50)": 90.922755,
        "p(90)": 95.70104909999999,
        "p(99.99)": 277.0215705277871,
        "count": 10000,
        "avg": 89.13530527899964,
        "med": 90.922755
      }
    }
  },
  "root_group": {
    "checks": [
      {
        "name": "status is 200",
        "path": "::status is 200",
        "id": "6210a8cd14cd70477eba5c5e4cb3fb5f",
        "passes": 10000,
        "fails": 0
      }
    ],
    "name": "",
    "path": "",
    "id": "d41d8cd98f00b204e9800998ecf8427e",
    "groups": []
  },
  "options": {
    "summaryTrendStats": [
      "avg",
      "min",
      "med",
      "max",
      "p(50)",
      "p(90)",
      "p(95)",
      "p(99)",
      "p(99.99)",
      "count"
    ],
    "summaryTimeUnit": "ms",
    "noColor": false
  }
}