{
  "metrics": {
    "http_req_duration{expected_response:true}": {
      "type": "trend",
      "contains": "time",
      "values": {
        "min": 0.698532,
        "med": 1.354908,
        "max": 9.988617,
        "p(50)": 1.354908,
        "p(90)": 1.6709885000000002,
        "p(99.99)": 9.634072457999748,
        "avg": 1.4466540738,
        "p(95)": 1.8116913999999997,
        "p(99)": 6.054256860000016,
        "count": 10000
      }
    },
    "data_sent": {
      "contains": "data",
      "values": {
        "count": 3780000,
        "rate": 228544.51301369132
      },
      "type": "counter"
    },
    "vus_max": {
      "type": "gauge",
      "contains": "default",
      "values": {
        "value": 1,
        "min": 1,
        "max": 1
      }
    },
    "http_req_sending": {
      "type": "trend",
      "contains": "time",
      "values": {
        "p(50)": 0.017176499999999997,
        "p(95)": 0.0241331,
        "p(99)": 0.055269800000000015,
        "p(99.99)": 0.28065782959999414,
        "avg": 0.018145303700000108,
        "min": 0.005025,
        "med": 0.017176499999999997,
        "max": 0.288953,
        "p(90)": 0.0210514,
        "count": 10000
      }
    },
    "http_req_duration": {
      "type": "trend",
      "contains": "time",
      "values": {
        "med": 1.354908,
        "max": 9.988617,
        "p(99.99)": 9.634072457999748,
        "count": 10000,
        "avg": 1.4466540738,
        "min": 0.698532,
        "p(50)": 1.354908,
        "p(90)": 1.6709885000000002,
        "p(95)": 1.8116913999999997,
        "p(99)": 6.054256860000016
      }
    },
    "http_req_connecting": {
      "type": "trend",
      "contains": "time",
      "values": {
        "med": 0,
        "max": 0.243396,
        "p(50)": 0,
        "p(90)": 0,
        "p(99.99)": 0.23864647499999664,
        "min": 0,
        "p(95)": 0,
        "p(99)": 0.0011363000000248029,
        "count": 10000,
        "avg": 0.0016216024000000001
      }
    },
    "response_size": {
      "type": "trend",
      "contains": "default",
      "values": {
        "min": 494,
        "p(50)": 546,
        "p(95)": 546,
        "p(90)": 546,
        "p(99)": 546,
        "p(99.99)": 546,
        "count": 10000,
        "avg": 545.48,
        "med": 546,
        "max": 546
      }
    },
    "checks": {
      "type": "rate",
      "contains": "default",
      "values": {
        "fails": 0,
        "rate": 1,
        "passes": 10000
      }
    },
    "iteration_duration": {
      "type": "trend",
      "contains": "time",
      "values": {
        "p(99.99)": 10.445627461799976,
        "p(50)": 1.542951,
        "p(90)": 1.8775659,
        "p(95)": 2.027503849999999,
        "p(99)": 6.449808320000009,
        "avg": 1.6384627988000011,
        "min": 0.791619,
        "med": 1.542951,
        "max": 10.480242,
        "count": 10000
      }
    },
    "http_req_tls_handshaking": {
      "values": {
        "p(50)": 0,
        "p(99)": 0,
        "p(99.99)": 0,
        "count": 10000,
        "avg": 0,
        "med": 0,
        "max": 0,
        "min": 0,
        "p(90)": 0,
        "p(95)": 0
      },
      "type": "trend",
      "contains": "time"
    },
    "data_received": {
      "type": "counter",
      "contains": "data",
      "values": {
        "count": 5887100,
        "rate": 355942.96364097943
      }
    },
    "http_req_waiting": {
      "type": "trend",
      "contains": "time",
      "values": {
        "p(99)": 5.918042700000022,
        "avg": 1.3602007245999965,
        "min": 0.657663,
        "med": 1.270651,
        "p(95)": 1.702227299999999,
        "p(99.99)": 9.384559566599677,
        "count": 10000,
        "max": 9.84018,
        "p(50)": 1.270651,
        "p(90)": 1.5726649000000001
      }
    },
    "http_req_failed": {
      "type": "rate",
      "contains": "default",
      "values": {
        "rate": 0,
        "passes": 0,
        "fails": 10000
      }
    },
    "http_reqs": {
      "type": "counter",
      "contains": "default",
      "values": {
        "count": 10000,
        "rate": 604.6151137928342
      }
    },
    "http_req_blocked": {
      "type": "trend",
      "contains": "time",
      "values": {
        "max": 0.454503,
        "p(50)": 0.004212,
        "p(99)": 0.18599406,
        "avg": 0.006995235799999986,
        "min": 0.001311,
        "med": 0.004212,
        "count": 10000,
        "p(90)": 0.0053801000000000005,
        "p(95)": 0.006362099999999998,
        "p(99.99)": 0.3394385075999186
      }
    },
    "iterations": {
      "contains": "default",
      "values": {
        "count": 10000,
        "rate": 604.6151137928342
      },
      "type": "counter"
    },
    "response_time": {
      "values": {
        "avg": 1.4466540738,
        "max": 9.988617,
        "p(90)": 1.6709885000000002,
        "p(95)": 1.8116913999999997,
        "p(99)": 6.054256860000016,
        "min": 0.698532,
        "med": 1.354908,
        "p(50)": 1.354908,
        "p(99.99)": 9.634072457999748,
        "count": 10000
      },
      "type": "trend",
      "contains": "default"
    },
    "vus": {
      "type": "gauge",
      "contains": "default",
      "values": {
        "value": 1,
        "min": 1,
        "max": 1
      }
    },
    "reponse_size_body": {
      "type": "trend",
      "contains": "default",
      "values": {
        "min": 46,
        "max": 46,
        "p(90)": 46,
        "p(95)": 46,
        "avg": 46,
        "med": 46,
        "p(50)": 46,
        "p(99)": 46,
        "p(99.99)": 46,
        "count": 10000
      }
    },
    "http_req_receiving": {
      "type": "trend",
      "contains": "time",
      "values": {
        "max": 2.165942,
        "p(50)": 0.060796,
        "p(90)": 0.08133600000000002,
        "p(99)": 0.2379326200000002,
        "avg": 0.0683080454999999,
        "med": 0.060796,
        "p(95)": 0.10086919999999999,
        "p(99.99)": 2.0890356913999453,
        "count": 10000,
        "min": 0.024418
      }
    }
  },
  "root_group": {
    "groups": [],
    "checks": [
        {
          "name": "is status 200",
          "path": "::is status 200",
          "id": "548d37ca5f33793206f7832e7cea54fb",
          "passes": 10000,
          "fails": 0
        }
      ],
    "name": "",
    "path": "",
    "id": "d41d8cd98f00b204e9800998ecf8427e"
  },
  "options": {
    "summaryTrendStats": [
      "avg",
      "min",
      "med",
      "max",
      "p(50)",
      "p(90)",
      "p(95)",
      "p(99)",
      "p(99.99)",
      "count"
    ],
    "summaryTimeUnit": "ms",
    "noColor": false
  },
  "state": {
    "isStdOutTTY": false,
    "isStdErrTTY": false,
    "testRunDurationMs": 16539.447612
  }
}