{
  "options": {
    "summaryTrendStats": [
      "avg",
      "min",
      "med",
      "max",
      "p(50)",
      "p(90)",
      "p(95)",
      "p(99)",
      "p(99.99)",
      "count"
    ],
    "summaryTimeUnit": "ms",
    "noColor": false
  },
  "state": {
    "isStdOutTTY": false,
    "isStdErrTTY": false,
    "testRunDurationMs": 20080.327409
  },
  "metrics": {
    "iteration_duration": {
      "type": "trend",
      "contains": "time",
      "values": {
        "avg": 20.06196454200002,
        "p(90)": 37.1635835,
        "count": 1000,
        "p(99)": 42.23234767,
        "p(99.99)": 47.67255236479986,
        "min": 13.273032,
        "med": 15.8656795,
        "max": 47.95943,
        "p(50)": 15.8656795,
        "p(95)": 39.4204454
      }
    },
    "http_req_blocked": {
      "type": "trend",
      "contains": "time",
      "values": {
        "min": 0.002294,
        "p(50)": 0.0040905,
        "p(90)": 0.005839800000000001,
        "count": 1000,
        "p(99)": 0.17952293999999994,
        "p(99.99)": 0.4277461832999998,
        "avg": 0.007385633999999992,
        "med": 0.0040905,
        "max": 0.428229,
        "p(95)": 0.00829094999999999
      }
    },
    "http_req_tls_handshaking": {
      "contains": "time",
      "values": {
        "p(90)": 0,
        "p(95)": 0,
        "p(99.99)": 0,
        "max": 0,
        "min": 0,
        "med": 0,
        "p(50)": 0,
        "p(99)": 0,
        "count": 1000,
        "avg": 0
      },
      "type": "trend"
    },
    "checks": {
      "type": "rate",
      "contains": "default",
      "values": {
        "rate": 1,
        "passes": 1000,
        "fails": 0
      }
    },
    "data_sent": {
      "type": "counter",
      "contains": "data",
      "values": {
        "count": 475000,
        "rate": 23654.99278597943
      }
    },
    "http_req_sending": {
      "type": "trend",
      "contains": "time",
      "values": {
        "p(50)": 0.019643,
        "p(90)": 0.028842400000000004,
        "p(95)": 0.03706595,
        "p(99)": 0.08736546999999999,
        "min": 0.01263,
        "med": 0.019643,
        "p(99.99)": 0.4051722872999901,
        "count": 1000,
        "avg": 0.023157050999999994,
        "max": 0.425739
      }
    },
    "http_req_receiving": {
      "type": "trend",
      "contains": "time",
      "values": {
        "p(99.99)": 4.553871730099974,
        "med": 0.076379,
        "max": 4.607648,
        "p(50)": 0.076379,
        "p(95)": 0.11711939999999997,
        "p(99)": 0.26307672000000004,
        "count": 1000,
        "avg": 0.09136671999999994,
        "min": 0.047199,
        "p(90)": 0.10261590000000001
      }
    },
    "response_time": {
      "type": "trend",
      "contains": "default",
      "values": {
        "p(90)": 36.753276799999995,
        "p(95)": 38.918735899999994,
        "p(99.99)": 47.19170917709986,
        "avg": 19.57248817700001,
        "med": 15.401126999999999,
        "p(50)": 15.401126999999999,
        "count": 1000,
        "min": 12.747422,
        "max": 47.486691,
        "p(99)": 41.61950929
      }
    },
    "vus_max": {
      "type": "gauge",
      "contains": "default",
      "values": {
        "value": 1,
        "min": 1,
        "max": 1
      }
    },
    "http_req_failed": {
      "type": "rate",
      "contains": "default",
      "values": {
        "rate": 0,
        "passes": 0,
        "fails": 1000
      }
    },
    "http_req_connecting": {
      "type": "trend",
      "contains": "time",
      "values": {
        "p(50)": 0,
        "p(95)": 0,
        "p(99)": 0.001181889999998925,
        "p(99.99)": 0.32897844749999905,
        "count": 1000,
        "avg": 0.0018676329999999996,
        "min": 0,
        "med": 0,
        "max": 0.330924,
        "p(90)": 0
      }
    },
    "data_received": {
      "type": "counter",
      "contains": "data",
      "values": {
        "count": 639710,
        "rate": 31857.548284460845
      }
    },
    "http_reqs": {
      "type": "counter",
      "contains": "default",
      "values": {
        "count": 1000,
        "rate": 49.79998481258828
      }
    },
    "http_req_waiting": {
      "type": "trend",
      "contains": "time",
      "values": {
        "p(99.99)": 47.07125338959986,
        "avg": 19.457964405999974,
        "min": 12.663952,
        "max": 47.364949,
        "p(50)": 15.304079999999999,
        "p(90)": 36.6001068,
        "med": 15.304079999999999,
        "p(95)": 38.80914845,
        "p(99)": 41.523605100000005,
        "count": 1000
      }
    },
    "reponse_size": {
      "type": "trend",
      "contains": "default",
      "values": {
        "med": 97,
        "max": 97,
        "p(90)": 97,
        "p(99)": 97,
        "p(99.99)": 97,
        "count": 1000,
        "avg": 97,
        "min": 97,
        "p(50)": 97,
        "p(95)": 97
      }
    },
    "http_req_duration{expected_response:true}": {
      "type": "trend",
      "contains": "time",
      "values": {
        "p(99)": 41.61950929,
        "p(99.99)": 47.19170917709986,
        "avg": 19.57248817700001,
        "max": 47.486691,
        "p(95)": 38.918735899999994,
        "p(90)": 36.753276799999995,
        "count": 1000,
        "min": 12.747422,
        "med": 15.401126999999999,
        "p(50)": 15.401126999999999
      }
    },
    "iterations": {
      "type": "counter",
      "contains": "default",
      "values": {
        "count": 1000,
        "rate": 49.79998481258828
      }
    },
    "http_req_duration": {
      "type": "trend",
      "contains": "time",
      "values": {
        "p(95)": 38.918735899999994,
        "med": 15.401126999999999,
        "min": 12.747422,
        "max": 47.486691,
        "p(50)": 15.401126999999999,
        "p(90)": 36.753276799999995,
        "p(99)": 41.61950929,
        "p(99.99)": 47.19170917709986,
        "count": 1000,
        "avg": 19.57248817700001
      }
    },
    "vus": {
      "type": "gauge",
      "contains": "default",
      "values": {
        "value": 1,
        "min": 1,
        "max": 1
      }
    }
  },
  "root_group": {
    "groups": [],
    "checks": [
        {
          "name": "status is 200",
          "path": "::status is 200",
          "id": "6210a8cd14cd70477eba5c5e4cb3fb5f",
          "passes": 1000,
          "fails": 0
        }
      ],
    "name": "",
    "path": "",
    "id": "d41d8cd98f00b204e9800998ecf8427e"
  }
}