{
  "root_group": {
    "name": "",
    "path": "",
    "id": "d41d8cd98f00b204e9800998ecf8427e",
    "groups": [],
    "checks": [
        {
          "passes": 10000,
          "fails": 0,
          "name": "is status 200",
          "path": "::is status 200",
          "id": "548d37ca5f33793206f7832e7cea54fb"
        }
      ]
  },
  "options": {
    "summaryTimeUnit": "ms",
    "noColor": false,
    "summaryTrendStats": [
      "avg",
      "min",
      "med",
      "max",
      "p(50)",
      "p(90)",
      "p(95)",
      "p(99)",
      "p(99.99)",
      "count"
    ]
  },
  "state": {
    "isStdOutTTY": false,
    "isStdErrTTY": false,
    "testRunDurationMs": 189786.853159
  },
  "metrics": {
    "http_req_blocked": {
      "type": "trend",
      "contains": "time",
      "values": {
        "avg": 0.0047795691,
        "p(90)": 0.005645400000000001,
        "p(95)": 0.008854,
        "p(99.99)": 0.3087998813999584,
        "count": 10000,
        "min": 0.002335,
        "med": 0.0041,
        "max": 0.367608,
        "p(50)": 0.0041,
        "p(99)": 0.01698332000000003
      }
    },
    "data_received": {
      "type": "counter",
      "contains": "data",
      "values": {
        "count": 6591393,
        "rate": 34730.503669175916
      }
    },
    "http_req_duration{expected_response:true}": {
      "type": "trend",
      "contains": "time",
      "values": {
        "min": 12.854952,
        "med": 16.1009715,
        "p(50)": 16.1009715,
        "p(90)": 29.5191312,
        "p(99.99)": 98.2273723919225,
        "avg": 18.670638766200007,
        "max": 207.790335,
        "p(95)": 32.54065615,
        "p(99)": 35.82994526,
        "count": 10000
      }
    },
    "http_req_receiving": {
      "type": "trend",
      "contains": "time",
      "values": {
        "med": 0.0783905,
        "max": 18.782368,
        "count": 10000,
        "p(95)": 0.25671944999999985,
        "p(99)": 0.4946034900000004,
        "p(99.99)": 16.516621597298396,
        "avg": 0.12777385839999963,
        "min": 0.042569,
        "p(50)": 0.0783905,
        "p(90)": 0.115793
      }
    },
    "checks": {
      "values": {
        "rate": 1,
        "passes": 10000,
        "fails": 0
      },
      "type": "rate",
      "contains": "default"
    },
    "http_reqs": {
      "contains": "default",
      "values": {
        "rate": 52.69068870446037,
        "count": 10000
      },
      "type": "counter"
    },
    "vus": {
      "type": "gauge",
      "contains": "default",
      "values": {
        "value": 1,
        "min": 1,
        "max": 1
      }
    },
    "http_req_sending": {
      "values": {
        "p(50)": 0.020811,
        "p(90)": 0.0277221,
        "p(99)": 0.04643808000000004,
        "avg": 0.022511735100000065,
        "med": 0.020811,
        "max": 0.468166,
        "p(95)": 0.0308311,
        "p(99.99)": 0.26005381329985283,
        "count": 10000,
        "min": 0.011962
      },
      "type": "trend",
      "contains": "time"
    },
    "http_req_connecting": {
      "type": "trend",
      "contains": "time",
      "values": {
        "p(90)": 0,
        "min": 0,
        "max": 0.260615,
        "p(50)": 0,
        "p(95)": 0,
        "p(99)": 0,
        "p(99.99)": 0.000026061499815687055,
        "count": 10000,
        "avg": 0.000026061499999999998,
        "med": 0
      }
    },
    "http_req_failed": {
      "contains": "default",
      "values": {
        "fails": 10000,
        "rate": 0,
        "passes": 0
      },
      "type": "rate"
    },
    "iteration_duration": {
      "values": {
        "count": 10000,
        "min": 13.090582,
        "max": 208.124808,
        "p(90)": 29.810066199999998,
        "p(95)": 32.823133399999996,
        "p(99.99)": 98.52512306452248,
        "avg": 18.960141990600036,
        "med": 16.3871105,
        "p(50)": 16.3871105,
        "p(99)": 36.14502352
      },
      "type": "trend",
      "contains": "time"
    },
    "reponse_size": {
      "type": "trend",
      "contains": "default",
      "values": {
        "avg": 206.7673,
        "min": 199,
        "max": 207,
        "p(90)": 207,
        "p(95)": 207,
        "med": 207,
        "p(50)": 207,
        "p(99)": 207,
        "p(99.99)": 207,
        "count": 10000
      }
    },
    "vus_max": {
      "type": "gauge",
      "contains": "default",
      "values": {
        "min": 1,
        "max": 1,
        "value": 1
      }
    },
    "response_time": {
      "type": "trend",
      "contains": "default",
      "values": {
        "avg": 18.670638766200007,
        "min": 12.854952,
        "max": 207.790335,
        "p(50)": 16.1009715,
        "p(90)": 29.5191312,
        "med": 16.1009715,
        "p(95)": 32.54065615,
        "p(99)": 35.82994526,
        "p(99.99)": 98.2273723919225,
        "count": 10000
      }
    },
    "http_req_tls_handshaking": {
      "type": "trend",
      "contains": "time",
      "values": {
        "min": 0,
        "med": 0,
        "max": 0,
        "p(50)": 0,
        "p(99)": 0,
        "count": 10000,
        "avg": 0,
        "p(90)": 0,
        "p(95)": 0,
        "p(99.99)": 0
      }
    },
    "http_req_waiting": {
      "type": "trend",
      "contains": "time",
      "values": {
        "avg": 18.520353172700048,
        "med": 15.9751485,
        "p(99)": 35.66534759,
        "p(95)": 32.3749297,
        "p(99.99)": 98.11337444942252,
        "count": 10000,
        "min": 12.747271,
        "max": 207.646915,
        "p(50)": 15.9751485,
        "p(90)": 29.232000400000008
      }
    },
    "iterations": {
      "contains": "default",
      "values": {
        "count": 10000,
        "rate": 52.69068870446037
      },
      "type": "counter"
    },
    "http_req_duration": {
      "type": "trend",
      "contains": "time",
      "values": {
        "max": 207.790335,
        "p(99)": 35.82994526,
        "med": 16.1009715,
        "min": 12.854952,
        "p(50)": 16.1009715,
        "p(90)": 29.5191312,
        "p(95)": 32.54065615,
        "p(99.99)": 98.2273723919225,
        "count": 10000,
        "avg": 18.670638766200007
      }
    },
    "data_sent": {
      "type": "counter",
      "contains": "data",
      "values": {
        "count": 4920000,
        "rate": 25923.8188425945
      }
    }
  }
}