{
  "root_group": {
    "checks": [
      {
        "id": "548d37ca5f33793206f7832e7cea54fb",
        "passes": 10000,
        "fails": 0,
        "name": "is status 200",
        "path": "::is status 200"
      }
    ],
    "name": "",
    "path": "",
    "id": "d41d8cd98f00b204e9800998ecf8427e",
    "groups": []
  },
  "options": {
    "summaryTrendStats": [
      "avg",
      "min",
      "med",
      "max",
      "p(50)",
      "p(90)",
      "p(95)",
      "p(99)",
      "p(99.99)",
      "count"
    ],
    "summaryTimeUnit": "ms",
    "noColor": false
  },
  "state": {
    "isStdErrTTY": false,
    "testRunDurationMs": 35181.953398,
    "isStdOutTTY": false
  },
  "metrics": {
    "iteration_duration": {
      "type": "trend",
      "contains": "time",
      "values": {
        "p(99)": 5.6965676400000005,
        "avg": 3.497573407000016,
        "med": 3.4569975,
        "max": 44.714993,
        "p(50)": 3.4569975,
        "p(90)": 4.008592,
        "min": 1.913146,
        "p(95)": 4.369481699999999,
        "p(99.99)": 42.62906261389852,
        "count": 10000
      }
    },
    "http_req_connecting": {
      "type": "trend",
      "contains": "time",
      "values": {
        "min": 0,
        "med": 0,
        "max": 0.277295,
        "avg": 0.000027729500000000003,
        "p(90)": 0,
        "p(95)": 0,
        "p(99)": 0,
        "p(99.99)": 0.000027729499803890578,
        "count": 10000,
        "p(50)": 0
      }
    },
    "http_req_failed": {
      "type": "rate",
      "contains": "default",
      "values": {
        "rate": 0,
        "passes": 0,
        "fails": 10000
      }
    },
    "http_req_receiving": {
      "type": "trend",
      "contains": "time",
      "values": {
        "count": 10000,
        "avg": 0.13105238319999998,
        "med": 0.115949,
        "p(50)": 0.115949,
        "p(90)": 0.17432600000000004,
        "p(95)": 0.22795309999999996,
        "p(99)": 0.3297713900000003,
        "p(99.99)": 1.854104448182585,
        "min": 0.047377,
        "max": 26.476124
      }
    },
    "http_req_waiting": {
      "contains": "time",
      "values": {
        "min": 1.653336,
        "med": 3.0677570000000003,
        "p(50)": 3.0677570000000003,
        "p(90)": 3.5722838,
        "p(95)": 3.9227555499999993,
        "p(99.99)": 42.086252311598805,
        "count": 10000,
        "avg": 3.1078882713000096,
        "max": 43.779199,
        "p(99)": 5.2409586500000005
      },
      "type": "trend"
    },
    "http_req_duration{expected_response:true}": {
      "contains": "time",
      "values": {
        "p(90)": 3.7401571,
        "count": 10000,
        "min": 1.749249,
        "med": 3.22145,
        "max": 43.939115,
        "p(50)": 3.22145,
        "avg": 3.2620207239999957,
        "p(95)": 4.09837385,
        "p(99)": 5.424369650000002,
        "p(99.99)": 42.382284698598895
      },
      "type": "trend"
    },
    "data_sent": {
      "type": "counter",
      "contains": "data",
      "values": {
        "count": 4030000,
        "rate": 114547.36337150328
      }
    },
    "data_received": {
      "contains": "data",
      "values": {
        "count": 76022154,
        "rate": 2160828.113777266
      },
      "type": "counter"
    },
    "response_time": {
      "type": "trend",
      "contains": "default",
      "values": {
        "p(50)": 3.22145,
        "count": 10000,
        "avg": 3.2620207239999957,
        "med": 3.22145,
        "max": 43.939115,
        "p(99)": 5.424369650000002,
        "p(99.99)": 42.382284698598895,
        "min": 1.749249,
        "p(90)": 3.7401571,
        "p(95)": 4.09837385
      }
    },
    "vus": {
      "values": {
        "value": 1,
        "min": 1,
        "max": 1
      },
      "type": "gauge",
      "contains": "default"
    },
    "http_req_duration": {
      "values": {
        "count": 10000,
        "avg": 3.2620207239999957,
        "min": 1.749249,
        "p(50)": 3.22145,
        "p(95)": 4.09837385,
        "p(99.99)": 42.382284698598895,
        "med": 3.22145,
        "max": 43.939115,
        "p(90)": 3.7401571,
        "p(99)": 5.424369650000002
      },
      "type": "trend",
      "contains": "time"
    },
    "vus_max": {
      "type": "gauge",
      "contains": "default",
      "values": {
        "value": 1,
        "min": 1,
        "max": 1
      }
    },
    "iterations": {
      "type": "counter",
      "contains": "default",
      "values": {
        "count": 10000,
        "rate": 284.2366336761868
      }
    },
    "http_req_blocked": {
      "type": "trend",
      "contains": "time",
      "values": {
        "count": 10000,
        "med": 0.0054295,
        "max": 0.380042,
        "p(90)": 0.0068203000000000005,
        "p(99)": 0.01525933000000003,
        "p(99.99)": 0.29651135389994093,
        "avg": 0.005870432799999983,
        "min": 0.002391,
        "p(50)": 0.0054295,
        "p(95)": 0.007815499999999994
      }
    },
    "http_req_tls_handshaking": {
      "type": "trend",
      "contains": "time",
      "values": {
        "min": 0,
        "max": 0,
        "p(50)": 0,
        "p(95)": 0,
        "p(99)": 0,
        "count": 10000,
        "avg": 0,
        "med": 0,
        "p(90)": 0,
        "p(99.99)": 0
      }
    },
    "http_req_sending": {
      "type": "trend",
      "contains": "time",
      "values": {
        "p(99.99)": 0.291884095499971,
        "min": 0.008008,
        "med": 0.022751,
        "max": 0.332835,
        "p(90)": 0.0267772,
        "p(95)": 0.02947359999999998,
        "p(99)": 0.05226755000000003,
        "avg": 0.023080069499999998,
        "p(50)": 0.022751,
        "count": 10000
      }
    },
    "response_size": {
      "type": "trend",
      "contains": "default",
      "values": {
        "count": 10000,
        "avg": 7528,
        "min": 7528,
        "p(95)": 7528,
        "p(99)": 7528,
        "p(99.99)": 7528,
        "med": 7528,
        "max": 7528,
        "p(50)": 7528,
        "p(90)": 7528
      }
    },
    "reponse_size_body": {
      "type": "trend",
      "contains": "default",
      "values": {
        "p(90)": 7147,
        "p(95)": 7147,
        "count": 10000,
        "avg": 7147,
        "med": 7147,
        "max": 7147,
        "p(50)": 7147,
        "min": 7147,
        "p(99)": 7147,
        "p(99.99)": 7147
      }
    },
    "http_reqs": {
      "type": "counter",
      "contains": "default",
      "values": {
        "count": 10000,
        "rate": 284.2366336761868
      }
    },
    "checks": {
      "contains": "default",
      "values": {
        "rate": 1,
        "passes": 10000,
        "fails": 0
      },
      "type": "rate"
    }
  }
}