{
  "root_group": {
    "name": "",
    "path": "",
    "id": "d41d8cd98f00b204e9800998ecf8427e",
    "groups": [],
    "checks": [
        {
          "passes": 1000,
          "fails": 0,
          "name": "is status 200",
          "path": "::is status 200",
          "id": "548d37ca5f33793206f7832e7cea54fb"
        }
      ]
  },
  "options": {
    "summaryTrendStats": [
      "avg",
      "min",
      "med",
      "max",
      "p(50)",
      "p(90)",
      "p(95)",
      "p(99)",
      "p(99.99)",
      "count"
    ],
    "summaryTimeUnit": "ms",
    "noColor": false
  },
  "state": {
    "isStdOutTTY": false,
    "isStdErrTTY": false,
    "testRunDurationMs": 95767.550676
  },
  "metrics": {
    "http_req_receiving": {
      "type": "trend",
      "contains": "time",
      "values": {
        "avg": 0.21633344300000004,
        "min": 0.046911,
        "med": 0.094774,
        "p(95)": 0.21961479999999975,
        "p(99.99)": 33.71734136639942,
        "count": 1000,
        "max": 34.935888,
        "p(50)": 0.094774,
        "p(90)": 0.1389598,
        "p(99)": 0.3659340199999831
      }
    },
    "http_req_blocked": {
      "type": "trend",
      "contains": "time",
      "values": {
        "min": 0.002262,
        "max": 0.395803,
        "p(50)": 0.004448499999999999,
        "p(90)": 0.008913,
        "p(95)": 0.0116403,
        "count": 1000,
        "avg": 0.008494672999999998,
        "med": 0.004448499999999999,
        "p(99)": 0.18926593999999983,
        "p(99.99)": 0.3951403632999997
      }
    },
    "vus": {
      "values": {
        "value": 1,
        "min": 1,
        "max": 1
      },
      "type": "gauge",
      "contains": "default"
    },
    "http_req_waiting": {
      "type": "trend",
      "contains": "time",
      "values": {
        "avg": 95.15467499500006,
        "max": 283.522597,
        "p(90)": 105.9536667,
        "p(95)": 135.8873181499999,
        "p(99.99)": 282.2931226050994,
        "count": 1000,
        "min": 58.253426,
        "med": 92.1419735,
        "p(50)": 92.1419735,
        "p(99)": 189.02476491999997
      }
    },
    "http_req_failed": {
      "type": "rate",
      "contains": "default",
      "values": {
        "rate": 0,
        "passes": 0,
        "fails": 1000
      }
    },
    "reponse_size": {
      "type": "trend",
      "contains": "default",
      "values": {
        "p(99.99)": 212,
        "avg": 211.154,
        "min": 208,
        "med": 211,
        "max": 212,
        "count": 1000,
        "p(50)": 211,
        "p(90)": 212,
        "p(95)": 212,
        "p(99)": 212
      }
    },
    "iteration_duration": {
      "type": "trend",
      "contains": "time",
      "values": {
        "p(50)": 92.6609655,
        "p(99)": 189.56138359999997,
        "p(99.99)": 282.8114102936994,
        "count": 1000,
        "avg": 95.74319937299991,
        "min": 58.646823,
        "p(90)": 106.8725653,
        "p(95)": 136.40832384999987,
        "med": 92.6609655,
        "max": 284.052162
      }
    },
    "http_req_duration{expected_response:true}": {
      "type": "trend",
      "contains": "time",
      "values": {
        "p(95)": 136.03453574999986,
        "p(99)": 189.18944877999996,
        "p(99.99)": 282.40894142269946,
        "count": 1000,
        "p(50)": 92.33833899999999,
        "min": 58.388137,
        "med": 92.33833899999999,
        "max": 283.636835,
        "p(90)": 106.4561946,
        "avg": 95.39982950000021
      }
    },
    "http_reqs": {
      "type": "counter",
      "contains": "default",
      "values": {
        "count": 1000,
        "rate": 10.441950252890898
      }
    },
    "http_req_tls_handshaking": {
      "type": "trend",
      "contains": "time",
      "values": {
        "min": 0,
        "med": 0,
        "p(50)": 0,
        "p(95)": 0,
        "p(99)": 0,
        "count": 1000,
        "avg": 0,
        "max": 0,
        "p(90)": 0,
        "p(99.99)": 0
      }
    },
    "iterations": {
      "contains": "default",
      "values": {
        "count": 1000,
        "rate": 10.441950252890898
      },
      "type": "counter"
    },
    "http_req_sending": {
      "type": "trend",
      "contains": "time",
      "values": {
        "avg": 0.028821062000000012,
        "p(90)": 0.0375013,
        "p(95)": 0.06082594999999995,
        "p(50)": 0.023321,
        "p(99)": 0.14419658999999968,
        "p(99.99)": 0.3513499236999968,
        "count": 1000,
        "min": 0.011873,
        "med": 0.023321,
        "max": 0.357967
      }
    },
    "data_sent": {
      "type": "counter",
      "contains": "data",
      "values": {
        "count": 530000,
        "rate": 5534.233634032175
      }
    },
    "response_time": {
      "contains": "default",
      "values": {
        "p(90)": 106.4561946,
        "count": 1000,
        "avg": 95.39982950000021,
        "min": 58.388137,
        "p(50)": 92.33833899999999,
        "p(99)": 189.18944877999996,
        "p(99.99)": 282.40894142269946,
        "med": 92.33833899999999,
        "max": 283.636835,
        "p(95)": 136.03453574999986
      },
      "type": "trend"
    },
    "data_received": {
      "type": "counter",
      "contains": "data",
      "values": {
        "count": 619864,
        "rate": 6472.589051557963
      }
    },
    "http_req_connecting": {
      "type": "trend",
      "contains": "time",
      "values": {
        "count": 1000,
        "min": 0,
        "med": 0,
        "max": 0.313693,
        "p(50)": 0,
        "p(90)": 0,
        "p(95)": 0,
        "avg": 0.001996801,
        "p(99)": 0.0013790299999987459,
        "p(99.99)": 0.31068740859999855
      }
    },
    "checks": {
      "type": "rate",
      "contains": "default",
      "values": {
        "fails": 0,
        "rate": 1,
        "passes": 1000
      }
    },
    "http_req_duration": {
      "contains": "time",
      "values": {
        "avg": 95.39982950000021,
        "med": 92.33833899999999,
        "p(90)": 106.4561946,
        "p(95)": 136.03453574999986,
        "count": 1000,
        "min": 58.388137,
        "max": 283.636835,
        "p(50)": 92.33833899999999,
        "p(99)": 189.18944877999996,
        "p(99.99)": 282.40894142269946
      },
      "type": "trend"
    },
    "vus_max": {
      "values": {
        "min": 1,
        "max": 1,
        "value": 1
      },
      "type": "gauge",
      "contains": "default"
    }
  }
}