{
  "metrics": {
    "http_req_duration": {
      "contains": "time",
      "values": {
        "min": 0.717416,
        "med": 1.319693,
        "p(99)": 5.8063863700000224,
        "p(90)": 1.6270143000000001,
        "p(95)": 1.7595172999999995,
        "p(99.99)": 9.597184359299595,
        "count": 10000,
        "avg": 1.4129519156000068,
        "max": 10.17072,
        "p(50)": 1.319693
      },
      "type": "trend"
    },
    "reponse_size_body": {
      "type": "trend",
      "contains": "default",
      "values": {
        "max": 46,
        "p(90)": 46,
        "p(99)": 46,
        "p(99.99)": 46,
        "avg": 46,
        "min": 46,
        "med": 46,
        "p(50)": 46,
        "p(95)": 46,
        "count": 10000
      }
    },
    "iterations": {
      "values": {
        "rate": 618.065547571891,
        "count": 10000
      },
      "type": "counter",
      "contains": "default"
    },
    "http_reqs": {
      "values": {
        "count": 10000,
        "rate": 618.065547571891
      },
      "type": "counter",
      "contains": "default"
    },
    "vus": {
      "type": "gauge",
      "contains": "default",
      "values": {
        "value": 1,
        "min": 1,
        "max": 1
      }
    },
    "http_req_blocked": {
      "type": "trend",
      "contains": "time",
      "values": {
        "p(50)": 0.004193,
        "p(90)": 0.0053461,
        "count": 10000,
        "avg": 0.006996223400000021,
        "med": 0.004193,
        "p(95)": 0.006243649999999991,
        "p(99)": 0.17129868000000023,
        "p(99.99)": 0.48121626129994866,
        "min": 0.001546,
        "max": 0.553822
      }
    },
    "http_req_sending": {
      "type": "trend",
      "contains": "time",
      "values": {
        "min": 0.00641,
        "med": 0.016915,
        "p(95)": 0.023981599999999992,
        "p(99.99)": 0.3420746349998965,
        "count": 10000,
        "avg": 0.017777720200000097,
        "max": 0.48841,
        "p(50)": 0.016915,
        "p(90)": 0.020788,
        "p(99)": 0.05525617
      }
    },
    "http_req_failed": {
      "type": "rate",
      "contains": "default",
      "values": {
        "rate": 0,
        "passes": 0,
        "fails": 10000
      }
    },
    "response_time": {
      "type": "trend",
      "contains": "default",
      "values": {
        "p(95)": 1.7595172999999995,
        "count": 10000,
        "min": 0.717416,
        "med": 1.319693,
        "max": 10.17072,
        "p(50)": 1.319693,
        "p(90)": 1.6270143000000001,
        "p(99)": 5.8063863700000224,
        "p(99.99)": 9.597184359299595,
        "avg": 1.4129519156000068
      }
    },
    "response_size": {
      "values": {
        "count": 10000,
        "avg": 545.48,
        "med": 546,
        "p(50)": 546,
        "p(95)": 546,
        "p(99.99)": 546,
        "min": 494,
        "max": 546,
        "p(90)": 546,
        "p(99)": 546
      },
      "type": "trend",
      "contains": "default"
    },
    "iteration_duration": {
      "type": "trend",
      "contains": "time",
      "values": {
        "p(90)": 1.8318181,
        "p(95)": 1.9747153499999996,
        "p(99.99)": 10.589821734999932,
        "count": 10000,
        "med": 1.5082215,
        "max": 10.687162,
        "p(50)": 1.5082215,
        "avg": 1.602740581400001,
        "min": 0.814554,
        "p(99)": 6.218532930000023
      }
    },
    "data_received": {
      "contains": "data",
      "values": {
        "count": 5887100,
        "rate": 363861.3685110479
      },
      "type": "counter"
    },
    "data_sent": {
      "type": "counter",
      "contains": "data",
      "values": {
        "rate": 233628.77698217478,
        "count": 3780000
      }
    },
    "http_req_tls_handshaking": {
      "type": "trend",
      "contains": "time",
      "values": {
        "count": 10000,
        "avg": 0,
        "med": 0,
        "max": 0,
        "p(99)": 0,
        "p(99.99)": 0,
        "min": 0,
        "p(50)": 0,
        "p(90)": 0,
        "p(95)": 0
      }
    },
    "http_req_duration{expected_response:true}": {
      "type": "trend",
      "contains": "time",
      "values": {
        "med": 1.319693,
        "p(50)": 1.319693,
        "p(90)": 1.6270143000000001,
        "p(99.99)": 9.597184359299595,
        "avg": 1.4129519156000068,
        "min": 0.717416,
        "max": 10.17072,
        "p(95)": 1.7595172999999995,
        "p(99)": 5.8063863700000224,
        "count": 10000
      }
    },
    "checks": {
      "type": "rate",
      "contains": "default",
      "values": {
        "rate": 1,
        "passes": 10000,
        "fails": 0
      }
    },
    "http_req_connecting": {
      "type": "trend",
      "contains": "time",
      "values": {
        "count": 10000,
        "min": 0,
        "med": 0,
        "max": 0.346859,
        "p(90)": 0,
        "p(99.99)": 0.2704196446999459,
        "avg": 0.0016276368999999999,
        "p(50)": 0,
        "p(95)": 0,
        "p(99)": 0.0011124100000242817
      }
    },
    "http_req_waiting": {
      "values": {
        "p(50)": 1.2384585000000001,
        "p(95)": 1.6466870999999992,
        "p(99)": 5.683256720000018,
        "count": 10000,
        "avg": 1.3283299870000027,
        "min": 0.668075,
        "med": 1.2384585000000001,
        "max": 10.020005,
        "p(90)": 1.5341585,
        "p(99.99)": 9.361892817799534
      },
      "type": "trend",
      "contains": "time"
    },
    "http_req_receiving": {
      "type": "trend",
      "contains": "time",
      "values": {
        "p(50)": 0.059629,
        "p(95)": 0.09813599999999999,
        "p(99.99)": 1.6282576273996632,
        "count": 10000,
        "avg": 0.0668442084000002,
        "min": 0.021759,
        "med": 0.059629,
        "max": 2.104484,
        "p(90)": 0.0803819,
        "p(99)": 0.22367936000000035
      }
    },
    "vus_max": {
      "type": "gauge",
      "contains": "default",
      "values": {
        "value": 1,
        "min": 1,
        "max": 1
      }
    }
  },
  "root_group": {
    "name": "",
    "path": "",
    "id": "d41d8cd98f00b204e9800998ecf8427e",
    "groups": [],
    "checks": [
        {
          "name": "is status 200",
          "path": "::is status 200",
          "id": "548d37ca5f33793206f7832e7cea54fb",
          "passes": 10000,
          "fails": 0
        }
      ]
  },
  "options": {
    "summaryTrendStats": [
      "avg",
      "min",
      "med",
      "max",
      "p(50)",
      "p(90)",
      "p(95)",
      "p(99)",
      "p(99.99)",
      "count"
    ],
    "summaryTimeUnit": "ms",
    "noColor": false
  },
  "state": {
    "isStdOutTTY": false,
    "isStdErrTTY": false,
    "testRunDurationMs": 16179.513709
  }
}