{
  "root_group": {
    "name": "",
    "path": "",
    "id": "d41d8cd98f00b204e9800998ecf8427e",
    "groups": [],
    "checks": [
        {
          "name": "status is 200",
          "path": "::status is 200",
          "id": "6210a8cd14cd70477eba5c5e4cb3fb5f",
          "passes": 10000,
          "fails": 0
        }
      ]
  },
  "options": {
    "summaryTrendStats": [
      "avg",
      "min",
      "med",
      "max",
      "p(50)",
      "p(90)",
      "p(95)",
      "p(99)",
      "p(99.99)",
      "count"
    ],
    "summaryTimeUnit": "ms",
    "noColor": false
  },
  "state": {
    "isStdOutTTY": false,
    "isStdErrTTY": false,
    "testRunDurationMs": 199603.314923
  },
  "metrics": {
    "reponse_size": {
      "type": "trend",
      "contains": "default",
      "values": {
        "p(95)": 98,
        "min": 97,
        "med": 98,
        "max": 98,
        "p(90)": 98,
        "count": 10000,
        "avg": 97.922,
        "p(50)": 98,
        "p(99)": 98,
        "p(99.99)": 98
      }
    },
    "http_req_connecting": {
      "contains": "time",
      "values": {
        "p(95)": 0,
        "p(99)": 0,
        "p(99.99)": 0.000030336099785456098,
        "avg": 0.0000303361,
        "min": 0,
        "max": 0.303361,
        "p(50)": 0,
        "med": 0,
        "p(90)": 0,
        "count": 10000
      },
      "type": "trend"
    },
    "http_req_sending": {
      "type": "trend",
      "contains": "time",
      "values": {
        "p(90)": 0.0267374,
        "p(95)": 0.030071149999999998,
        "p(99.99)": 0.22451676579995922,
        "count": 10000,
        "p(99)": 0.04725299000000004,
        "avg": 0.022016324200000124,
        "min": 0.012312,
        "med": 0.020552,
        "max": 0.282169,
        "p(50)": 0.020552
      }
    },
    "http_req_duration": {
      "contains": "time",
      "values": {
        "p(95)": 27.556444299999992,
        "p(99.99)": 101.81842520942062,
        "avg": 19.467806607900105,
        "p(50)": 17.244326,
        "p(90)": 25.9962628,
        "p(99)": 30.551466580000003,
        "count": 10000,
        "min": 13.442339,
        "med": 17.244326,
        "max": 214.049296
      },
      "type": "trend"
    },
    "data_sent": {
      "type": "counter",
      "contains": "data",
      "values": {
        "count": 4760000,
        "rate": 23847.299338872414
      }
    },
    "http_req_duration{expected_response:true}": {
      "values": {
        "p(50)": 17.244326,
        "p(99)": 30.551466580000003,
        "p(99.99)": 101.81842520942062,
        "avg": 19.467806607900105,
        "min": 13.442339,
        "med": 17.244326,
        "max": 214.049296,
        "p(90)": 25.9962628,
        "p(95)": 27.556444299999992,
        "count": 10000
      },
      "type": "trend",
      "contains": "time"
    },
    "http_req_tls_handshaking": {
      "type": "trend",
      "contains": "time",
      "values": {
        "p(50)": 0,
        "p(90)": 0,
        "p(95)": 0,
        "p(99)": 0,
        "count": 10000,
        "avg": 0,
        "med": 0,
        "max": 0,
        "min": 0,
        "p(99.99)": 0
      }
    },
    "http_req_blocked": {
      "contains": "time",
      "values": {
        "p(90)": 0.0053051,
        "p(99.99)": 0.17111420129982882,
        "count": 10000,
        "avg": 0.004581528400000005,
        "min": 0.002231,
        "med": 0.004178,
        "max": 0.413103,
        "p(50)": 0.004178,
        "p(95)": 0.006439449999999994,
        "p(99)": 0.01291687000000002
      },
      "type": "trend"
    },
    "data_received": {
      "type": "counter",
      "contains": "data",
      "values": {
        "rate": 34286.98066783158,
        "count": 6843795
      }
    },
    "http_req_waiting": {
      "type": "trend",
      "contains": "time",
      "values": {
        "max": 213.959135,
        "p(50)": 17.099107,
        "p(90)": 25.8559133,
        "p(95)": 27.414175899999996,
        "p(99)": 30.4304872,
        "count": 10000,
        "avg": 19.321857493199904,
        "min": 13.34861,
        "med": 17.099107,
        "p(99.99)": 101.6990981263206
      }
    },
    "http_req_failed": {
      "values": {
        "passes": 0,
        "fails": 10000,
        "rate": 0
      },
      "type": "rate",
      "contains": "default"
    },
    "checks": {
      "values": {
        "rate": 1,
        "passes": 10000,
        "fails": 0
      },
      "type": "rate",
      "contains": "default"
    },
    "iteration_duration": {
      "type": "trend",
      "contains": "time",
      "values": {
        "avg": 19.942172930199963,
        "p(50)": 17.722638500000002,
        "p(95)": 28.0569942,
        "p(99.99)": 102.38405649412061,
        "count": 10000,
        "min": 13.8083,
        "med": 17.722638500000002,
        "max": 214.627773,
        "p(90)": 26.4645365,
        "p(99)": 31.05268849
      }
    },
    "vus_max": {
      "type": "gauge",
      "contains": "default",
      "values": {
        "value": 1,
        "min": 1,
        "max": 1
      }
    },
    "http_req_receiving": {
      "contains": "time",
      "values": {
        "med": 0.0796095,
        "max": 14.398868,
        "p(50)": 0.0796095,
        "p(95)": 0.24180884999999996,
        "p(99)": 0.48508448000000015,
        "p(99.99)": 14.342194667899959,
        "avg": 0.12393279049999989,
        "min": 0.042855,
        "p(90)": 0.11270790000000003,
        "count": 10000
      },
      "type": "trend"
    },
    "response_time": {
      "type": "trend",
      "contains": "default",
      "values": {
        "max": 214.049296,
        "p(95)": 27.556444299999992,
        "p(99.99)": 101.81842520942062,
        "count": 10000,
        "p(99)": 30.551466580000003,
        "avg": 19.467806607900105,
        "min": 13.442339,
        "med": 17.244326,
        "p(50)": 17.244326,
        "p(90)": 25.9962628
      }
    },
    "iterations": {
      "type": "counter",
      "contains": "default",
      "values": {
        "count": 10000,
        "rate": 50.09936835897566
      }
    },
    "vus": {
      "type": "gauge",
      "contains": "default",
      "values": {
        "value": 1,
        "min": 1,
        "max": 1
      }
    },
    "http_reqs": {
      "type": "counter",
      "contains": "default",
      "values": {
        "rate": 50.09936835897566,
        "count": 10000
      }
    }
  }
}