{
  "root_group": {
    "path": "",
    "id": "d41d8cd98f00b204e9800998ecf8427e",
    "groups": [],
    "checks": [
        {
          "name": "is status 200",
          "path": "::is status 200",
          "id": "548d37ca5f33793206f7832e7cea54fb",
          "passes": 10000,
          "fails": 0
        }
      ],
    "name": ""
  },
  "options": {
    "summaryTrendStats": [
      "avg",
      "min",
      "med",
      "max",
      "p(50)",
      "p(90)",
      "p(95)",
      "p(99)",
      "p(99.99)",
      "count"
    ],
    "summaryTimeUnit": "ms",
    "noColor": false
  },
  "state": {
    "isStdErrTTY": false,
    "testRunDurationMs": 90605.932539,
    "isStdOutTTY": false
  },
  "metrics": {
    "response_time": {
      "type": "trend",
      "contains": "default",
      "values": {
        "avg": 8.831909122900003,
        "p(90)": 14.166572,
        "p(99)": 21.260105890000006,
        "count": 10000,
        "p(95)": 16.842059799999998,
        "p(99.99)": 45.81213077379929,
        "min": 5.240435,
        "med": 7.491267000000001,
        "max": 46.809769,
        "p(50)": 7.491267000000001
      }
    },
    "iterations": {
      "type": "counter",
      "contains": "default",
      "values": {
        "count": 10000,
        "rate": 110.36804897621518
      }
    },
    "vus_max": {
      "type": "gauge",
      "contains": "default",
      "values": {
        "value": 1,
        "min": 1,
        "max": 1
      }
    },
    "http_req_sending": {
      "type": "trend",
      "contains": "time",
      "values": {
        "p(99)": 0.06942678000000015,
        "avg": 0.018745493299999923,
        "med": 0.0161655,
        "p(50)": 0.0161655,
        "p(90)": 0.0248645,
        "count": 10000,
        "min": 0.006125,
        "max": 0.436928,
        "p(95)": 0.029152399999999995,
        "p(99.99)": 0.33677301649992913
      }
    },
    "http_req_failed": {
      "contains": "default",
      "values": {
        "fails": 10000,
        "rate": 0,
        "passes": 0
      },
      "type": "rate"
    },
    "http_req_blocked": {
      "type": "trend",
      "contains": "time",
      "values": {
        "p(99.99)": 0.43343696289996486,
        "count": 10000,
        "min": 0.002303,
        "med": 0.0043055,
        "p(50)": 0.0043055,
        "p(95)": 0.00972374999999999,
        "p(99)": 0.18235931000000005,
        "avg": 0.0077432045,
        "max": 0.483061,
        "p(90)": 0.0072574000000000015
      }
    },
    "http_req_duration{expected_response:true}": {
      "type": "trend",
      "contains": "time",
      "values": {
        "med": 7.491267000000001,
        "max": 46.809769,
        "p(95)": 16.842059799999998,
        "p(99)": 21.260105890000006,
        "p(99.99)": 45.81213077379929,
        "count": 10000,
        "avg": 8.831909122900003,
        "min": 5.240435,
        "p(50)": 7.491267000000001,
        "p(90)": 14.166572
      }
    },
    "checks": {
      "type": "rate",
      "contains": "default",
      "values": {
        "rate": 1,
        "passes": 10000,
        "fails": 0
      }
    },
    "http_req_receiving": {
      "type": "trend",
      "contains": "time",
      "values": {
        "min": 0.026216,
        "p(99)": 0.24915566000000008,
        "p(99.99)": 10.554687568799324,
        "count": 10000,
        "avg": 0.09797847420000022,
        "max": 11.51028,
        "p(50)": 0.077338,
        "p(90)": 0.10573240000000002,
        "p(95)": 0.11986545,
        "med": 0.077338
      }
    },
    "http_req_duration": {
      "contains": "time",
      "values": {
        "avg": 8.831909122900003,
        "p(99.99)": 45.81213077379929,
        "count": 10000,
        "min": 5.240435,
        "med": 7.491267000000001,
        "max": 46.809769,
        "p(50)": 7.491267000000001,
        "p(90)": 14.166572,
        "p(95)": 16.842059799999998,
        "p(99)": 21.260105890000006
      },
      "type": "trend"
    },
    "http_req_connecting": {
      "values": {
        "avg": 0.0018419497000000003,
        "min": 0,
        "p(50)": 0,
        "count": 10000,
        "med": 0,
        "max": 0.396957,
        "p(90)": 0,
        "p(95)": 0,
        "p(99)": 0.001129470000024654,
        "p(99.99)": 0.3504056555999671
      },
      "type": "trend",
      "contains": "time"
    },
    "http_req_waiting": {
      "type": "trend",
      "contains": "time",
      "values": {
        "min": 5.15939,
        "med": 7.385827,
        "p(90)": 14.0256882,
        "p(95)": 16.676817299999996,
        "p(99.99)": 45.716091790699316,
        "avg": 8.715185155400034,
        "max": 46.673903,
        "p(50)": 7.385827,
        "p(99)": 21.14742587,
        "count": 10000
      }
    },
    "vus": {
      "type": "gauge",
      "contains": "default",
      "values": {
        "value": 1,
        "min": 1,
        "max": 1
      }
    },
    "data_sent": {
      "type": "counter",
      "contains": "data",
      "values": {
        "count": 3785401,
        "rate": 41778.73229626139
      }
    },
    "http_reqs": {
      "contains": "default",
      "values": {
        "count": 10000,
        "rate": 110.36804897621518
      },
      "type": "counter"
    },
    "reponse_size": {
      "values": {
        "avg": 97,
        "max": 97,
        "p(50)": 97,
        "p(99)": 97,
        "p(99.99)": 97,
        "count": 10000,
        "min": 97,
        "med": 97,
        "p(90)": 97,
        "p(95)": 97
      },
      "type": "trend",
      "contains": "default"
    },
    "http_req_tls_handshaking": {
      "type": "trend",
      "contains": "time",
      "values": {
        "p(90)": 0,
        "p(95)": 0,
        "p(99)": 0,
        "p(99.99)": 0,
        "avg": 0,
        "med": 0,
        "max": 0,
        "p(50)": 0,
        "min": 0,
        "count": 10000
      }
    },
    "data_received": {
      "type": "counter",
      "contains": "data",
      "values": {
        "count": 6397100,
        "rate": 70603.54461057461
      }
    },
    "iteration_duration": {
      "type": "trend",
      "contains": "time",
      "values": {
        "avg": 9.041691089900025,
        "min": 5.43011,
        "max": 47.339521,
        "p(50)": 7.6932685,
        "med": 7.6932685,
        "p(90)": 14.395589100000004,
        "p(95)": 17.090843849999995,
        "p(99)": 21.46097805000002,
        "p(99.99)": 46.03045591959907,
        "count": 10000
      }
    }
  }
}