{
  "metrics": {
    "http_req_sending": {
      "type": "trend",
      "contains": "time",
      "values": {
        "avg": 0.019859480199999946,
        "min": 0.006052,
        "med": 0.018716,
        "p(95)": 0.029589249999999997,
        "p(99)": 0.05792601000000013,
        "count": 10000,
        "max": 0.210412,
        "p(50)": 0.018716,
        "p(90)": 0.025089300000000002,
        "p(99.99)": 0.17169487209997264
      }
    },
    "data_received": {
      "type": "counter",
      "contains": "data",
      "values": {
        "count": 6397100,
        "rate": 228804.88972806177
      }
    },
    "response_time": {
      "type": "trend",
      "contains": "default",
      "values": {
        "med": 2.2553254999999996,
        "p(50)": 2.2553254999999996,
        "p(90)": 3.4074925,
        "p(99.99)": 43.400466355799736,
        "avg": 2.5719666699999912,
        "min": 0.879468,
        "p(99)": 9.353036180000002,
        "count": 10000,
        "max": 43.773987,
        "p(95)": 3.9787980499999995
      }
    },
    "vus": {
      "type": "gauge",
      "contains": "default",
      "values": {
        "value": 1,
        "min": 1,
        "max": 1
      }
    },
    "http_req_receiving": {
      "type": "trend",
      "contains": "time",
      "values": {
        "max": 31.498357,
        "p(50)": 0.072587,
        "p(90)": 0.10309560000000006,
        "count": 10000,
        "p(99.99)": 27.817434129097396,
        "avg": 0.0885931656999998,
        "min": 0.024125,
        "med": 0.072587,
        "p(95)": 0.12775824999999996,
        "p(99)": 0.27284533
      }
    },
    "data_sent": {
      "type": "counter",
      "contains": "data",
      "values": {
        "count": 3781401,
        "rate": 135249.25963680143
      }
    },
    "reponse_size": {
      "type": "trend",
      "contains": "default",
      "values": {
        "avg": 97,
        "max": 97,
        "p(99.99)": 97,
        "min": 97,
        "med": 97,
        "p(50)": 97,
        "p(90)": 97,
        "p(95)": 97,
        "p(99)": 97,
        "count": 10000
      }
    },
    "http_req_tls_handshaking": {
      "values": {
        "med": 0,
        "count": 10000,
        "p(99)": 0,
        "p(99.99)": 0,
        "avg": 0,
        "min": 0,
        "max": 0,
        "p(50)": 0,
        "p(90)": 0,
        "p(95)": 0
      },
      "type": "trend",
      "contains": "time"
    },
    "checks": {
      "values": {
        "passes": 10000,
        "fails": 0,
        "rate": 1
      },
      "type": "rate",
      "contains": "default"
    },
    "vus_max": {
      "type": "gauge",
      "contains": "default",
      "values": {
        "value": 1,
        "min": 1,
        "max": 1
      }
    },
    "http_req_connecting": {
      "type": "trend",
      "contains": "time",
      "values": {
        "avg": 0.0016884696000000002,
        "min": 0,
        "p(50)": 0,
        "med": 0,
        "max": 0.282071,
        "p(90)": 0,
        "p(95)": 0,
        "p(99)": 0.0010024000000218801,
        "p(99.99)": 0.27967723939999833,
        "count": 10000
      }
    },
    "iteration_duration": {
      "type": "trend",
      "contains": "time",
      "values": {
        "med": 2.45252,
        "max": 44.044546,
        "p(50)": 2.45252,
        "avg": 2.7778511875999974,
        "min": 0.975454,
        "p(90)": 3.6481295,
        "p(95)": 4.241212799999997,
        "p(99)": 9.794542400000006,
        "p(99.99)": 43.77457499979981,
        "count": 10000
      }
    },
    "iterations": {
      "type": "counter",
      "contains": "default",
      "values": {
        "count": 10000,
        "rate": 357.6697092871172
      }
    },
    "http_req_failed": {
      "type": "rate",
      "contains": "default",
      "values": {
        "rate": 0,
        "passes": 0,
        "fails": 10000
      }
    },
    "http_reqs": {
      "type": "counter",
      "contains": "default",
      "values": {
        "count": 10000,
        "rate": 357.6697092871172
      }
    },
    "http_req_duration{expected_response:true}": {
      "type": "trend",
      "contains": "time",
      "values": {
        "avg": 2.5719666699999912,
        "min": 0.879468,
        "max": 43.773987,
        "p(50)": 2.2553254999999996,
        "p(90)": 3.4074925,
        "p(99)": 9.353036180000002,
        "count": 10000,
        "med": 2.2553254999999996,
        "p(95)": 3.9787980499999995,
        "p(99.99)": 43.400466355799736
      }
    },
    "http_req_blocked": {
      "contains": "time",
      "values": {
        "p(90)": 0.00655,
        "p(99.99)": 0.37376379929999437,
        "p(95)": 0.008571749999999973,
        "p(99)": 0.1475969600000018,
        "count": 10000,
        "avg": 0.007727153600000021,
        "min": 0.001664,
        "med": 0.00477,
        "max": 0.381756,
        "p(50)": 0.00477
      },
      "type": "trend"
    },
    "http_req_waiting": {
      "type": "trend",
      "contains": "time",
      "values": {
        "p(99)": 9.149069600000002,
        "p(99.99)": 43.24351329329972,
        "p(50)": 2.157998,
        "p(90)": 3.2911395000000003,
        "p(95)": 3.824380999999998,
        "max": 43.636407,
        "count": 10000,
        "avg": 2.4635140241000046,
        "min": 0.83765,
        "med": 2.157998
      }
    },
    "http_req_duration": {
      "contains": "time",
      "values": {
        "avg": 2.5719666699999912,
        "min": 0.879468,
        "p(90)": 3.4074925,
        "p(95)": 3.9787980499999995,
        "p(99)": 9.353036180000002,
        "med": 2.2553254999999996,
        "max": 43.773987,
        "p(50)": 2.2553254999999996,
        "p(99.99)": 43.400466355799736,
        "count": 10000
      },
      "type": "trend"
    }
  },
  "root_group": {
    "name": "",
    "path": "",
    "id": "d41d8cd98f00b204e9800998ecf8427e",
    "groups": [],
    "checks": [
        {
          "name": "is status 200",
          "path": "::is status 200",
          "id": "548d37ca5f33793206f7832e7cea54fb",
          "passes": 10000,
          "fails": 0
        }
      ]
  },
  "options": {
    "summaryTrendStats": [
      "avg",
      "min",
      "med",
      "max",
      "p(50)",
      "p(90)",
      "p(95)",
      "p(99)",
      "p(99.99)",
      "count"
    ],
    "summaryTimeUnit": "ms",
    "noColor": false
  },
  "state": {
    "isStdOutTTY": false,
    "isStdErrTTY": false,
    "testRunDurationMs": 27958.755635
  }
}