{
  "state": {
    "isStdOutTTY": false,
    "isStdErrTTY": false,
    "testRunDurationMs": 957675.74501
  },
  "metrics": {
    "http_req_failed": {
      "type": "rate",
      "contains": "default",
      "values": {
        "rate": 0,
        "passes": 0,
        "fails": 10000
      }
    },
    "reponse_size": {
      "type": "trend",
      "contains": "default",
      "values": {
        "p(50)": 98,
        "p(90)": 98,
        "p(95)": 98,
        "p(99.99)": 98,
        "med": 98,
        "min": 97,
        "max": 98,
        "p(99)": 98,
        "count": 10000,
        "avg": 97.901
      }
    },
    "iterations": {
      "type": "counter",
      "contains": "default",
      "values": {
        "rate": 10.441947655148748,
        "count": 10000
      }
    },
    "vus": {
      "type": "gauge",
      "contains": "default",
      "values": {
        "min": 1,
        "max": 1,
        "value": 1
      }
    },
    "checks": {
      "type": "rate",
      "contains": "default",
      "values": {
        "fails": 0,
        "rate": 1,
        "passes": 10000
      }
    },
    "http_req_tls_handshaking": {
      "contains": "time",
      "values": {
        "min": 0,
        "med": 0,
        "p(95)": 0,
        "p(99)": 0,
        "p(99.99)": 0,
        "avg": 0,
        "p(50)": 0,
        "p(90)": 0,
        "count": 10000,
        "max": 0
      },
      "type": "trend"
    },
    "http_req_sending": {
      "type": "trend",
      "contains": "time",
      "values": {
        "p(95)": 0.06262639999999998,
        "p(99)": 0.15756579000000018,
        "avg": 0.030355541800000014,
        "med": 0.0246195,
        "max": 0.569673,
        "p(50)": 0.0246195,
        "p(90)": 0.0393116,
        "p(99.99)": 0.5077881890999562,
        "count": 10000,
        "min": 0.0122
      }
    },
    "http_req_receiving": {
      "type": "trend",
      "contains": "time",
      "values": {
        "avg": 0.16726412200000024,
        "med": 0.10139000000000001,
        "max": 31.044685,
        "p(95)": 0.1686140999999999,
        "p(99)": 0.30626955000000056,
        "min": 0.041499,
        "p(50)": 0.10139000000000001,
        "p(90)": 0.1370734,
        "p(99.99)": 30.52159031469963,
        "count": 10000
      }
    },
    "vus_max": {
      "type": "gauge",
      "contains": "default",
      "values": {
        "value": 1,
        "min": 1,
        "max": 1
      }
    },
    "http_reqs": {
      "type": "counter",
      "contains": "default",
      "values": {
        "count": 10000,
        "rate": 10.441947655148748
      }
    },
    "http_req_duration": {
      "type": "trend",
      "contains": "time",
      "values": {
        "min": 61.526707,
        "p(99)": 130.15206192000002,
        "p(99.99)": 247.91853138867788,
        "avg": 95.10316468209973,
        "med": 95.62788599999999,
        "max": 279.19929,
        "p(50)": 95.62788599999999,
        "p(90)": 100.9279275,
        "p(95)": 103.10781094999999,
        "count": 10000
      }
    },
    "data_received": {
      "values": {
        "count": 6407100,
        "rate": 6690.260282130354
      },
      "type": "counter",
      "contains": "data"
    },
    "iteration_duration": {
      "type": "trend",
      "contains": "time",
      "values": {
        "med": 96.263364,
        "max": 279.803731,
        "p(90)": 101.5764922,
        "p(99.99)": 248.31111157687772,
        "avg": 95.74333252969959,
        "min": 62.160221,
        "p(50)": 96.263364,
        "p(95)": 103.7372891,
        "p(99)": 130.61232161000007,
        "count": 10000
      }
    },
    "http_req_duration{expected_response:true}": {
      "type": "trend",
      "contains": "time",
      "values": {
        "med": 95.62788599999999,
        "p(50)": 95.62788599999999,
        "p(95)": 103.10781094999999,
        "count": 10000,
        "min": 61.526707,
        "max": 279.19929,
        "p(90)": 100.9279275,
        "p(99)": 130.15206192000002,
        "p(99.99)": 247.91853138867788,
        "avg": 95.10316468209973
      }
    },
    "data_sent": {
      "type": "counter",
      "contains": "data",
      "values": {
        "count": 4850000,
        "rate": 5064.3446127471425
      }
    },
    "http_req_connecting": {
      "values": {
        "max": 0.515622,
        "p(90)": 0,
        "p(95)": 0,
        "p(99)": 0.001074170000023447,
        "min": 0,
        "med": 0,
        "p(50)": 0,
        "p(99.99)": 0.3781487486999028,
        "count": 10000,
        "avg": 0.002362796499999999
      },
      "type": "trend",
      "contains": "time"
    },
    "http_req_blocked": {
      "type": "trend",
      "contains": "time",
      "values": {
        "med": 0.004837,
        "p(50)": 0.004837,
        "p(95)": 0.011471349999999995,
        "p(99)": 0.196083050000001,
        "p(99.99)": 0.6589843466998773,
        "count": 10000,
        "avg": 0.00924183939999999,
        "min": 0.002303,
        "max": 0.832434,
        "p(90)": 0.00742
      }
    },
    "http_req_waiting": {
      "type": "trend",
      "contains": "time",
      "values": {
        "p(99.99)": 247.82110191157793,
        "count": 10000,
        "avg": 94.90554501830003,
        "max": 279.047095,
        "p(90)": 100.7611765,
        "p(95)": 102.86644804999997,
        "min": 61.431032,
        "med": 95.4831715,
        "p(50)": 95.4831715,
        "p(99)": 128.98506339000016
      }
    },
    "response_time": {
      "type": "trend",
      "contains": "default",
      "values": {
        "med": 95.62788599999999,
        "max": 279.19929,
        "p(95)": 103.10781094999999,
        "p(99)": 130.15206192000002,
        "p(99.99)": 247.91853138867788,
        "avg": 95.10316468209973,
        "min": 61.526707,
        "count": 10000,
        "p(50)": 95.62788599999999,
        "p(90)": 100.9279275
      }
    }
  },
  "root_group": {
    "name": "",
    "path": "",
    "id": "d41d8cd98f00b204e9800998ecf8427e",
    "groups": [],
    "checks": [
        {
          "name": "status is 200",
          "path": "::status is 200",
          "id": "6210a8cd14cd70477eba5c5e4cb3fb5f",
          "passes": 10000,
          "fails": 0
        }
      ]
  },
  "options": {
    "noColor": false,
    "summaryTrendStats": [
      "avg",
      "min",
      "med",
      "max",
      "p(50)",
      "p(90)",
      "p(95)",
      "p(99)",
      "p(99.99)",
      "count"
    ],
    "summaryTimeUnit": "ms"
  }
}