{
  "root_group": {
    "name": "",
    "path": "",
    "id": "d41d8cd98f00b204e9800998ecf8427e",
    "groups": [],
    "checks": [
        {
          "name": "is status 200",
          "path": "::is status 200",
          "id": "548d37ca5f33793206f7832e7cea54fb",
          "passes": 1000,
          "fails": 0
        }
      ]
  },
  "options": {
    "summaryTrendStats": [
      "avg",
      "min",
      "med",
      "max",
      "p(50)",
      "p(90)",
      "p(95)",
      "p(99)",
      "p(99.99)",
      "count"
    ],
    "summaryTimeUnit": "ms",
    "noColor": false
  },
  "state": {
    "isStdOutTTY": false,
    "isStdErrTTY": false,
    "testRunDurationMs": 20962.370869
  },
  "metrics": {
    "http_req_duration": {
      "type": "trend",
      "contains": "time",
      "values": {
        "med": 17.035988,
        "max": 91.505646,
        "p(95)": 36.48943164999997,
        "count": 1000,
        "p(99)": 52.17923341999998,
        "p(99.99)": 90.96326762129974,
        "avg": 20.643536032999993,
        "min": 14.04319,
        "p(50)": 17.035988,
        "p(90)": 33.469008800000005
      }
    },
    "http_req_duration{expected_response:true}": {
      "type": "trend",
      "contains": "time",
      "values": {
        "min": 14.04319,
        "med": 17.035988,
        "max": 91.505646,
        "p(99.99)": 90.96326762129974,
        "count": 1000,
        "avg": 20.643536032999993,
        "p(50)": 17.035988,
        "p(90)": 33.469008800000005,
        "p(95)": 36.48943164999997,
        "p(99)": 52.17923341999998
      }
    },
    "data_received": {
      "type": "counter",
      "contains": "data",
      "values": {
        "count": 658183,
        "rate": 31398.30909934656
      }
    },
    "http_req_receiving": {
      "type": "trend",
      "contains": "time",
      "values": {
        "p(95)": 0.21050754999999985,
        "p(99)": 0.5725694899999999,
        "avg": 0.18357445499999997,
        "med": 0.0776425,
        "p(90)": 0.1132896,
        "p(99.99)": 33.496528238799115,
        "count": 1000,
        "min": 0.048793,
        "max": 35.344717,
        "p(50)": 0.0776425
      }
    },
    "vus": {
      "type": "gauge",
      "contains": "default",
      "values": {
        "value": 1,
        "min": 1,
        "max": 1
      }
    },
    "vus_max": {
      "type": "gauge",
      "contains": "default",
      "values": {
        "value": 1,
        "min": 1,
        "max": 1
      }
    },
    "http_req_waiting": {
      "contains": "time",
      "values": {
        "p(50)": 16.918638,
        "p(95)": 36.27877,
        "p(99)": 49.942941859999955,
        "p(99.99)": 90.86640499059973,
        "count": 1000,
        "avg": 20.436156843999996,
        "min": 13.92072,
        "med": 16.918638,
        "max": 91.415446,
        "p(90)": 33.2830523
      },
      "type": "trend"
    },
    "http_reqs": {
      "values": {
        "count": 1000,
        "rate": 47.704527615186905
      },
      "type": "counter",
      "contains": "default"
    },
    "http_req_failed": {
      "contains": "default",
      "values": {
        "rate": 0,
        "passes": 0,
        "fails": 1000
      },
      "type": "rate"
    },
    "http_req_sending": {
      "type": "trend",
      "contains": "time",
      "values": {
        "min": 0.012282,
        "med": 0.020308,
        "max": 0.537902,
        "p(90)": 0.0289486,
        "p(95)": 0.03524674999999998,
        "avg": 0.023804734000000008,
        "p(99)": 0.06506426999999992,
        "p(99.99)": 0.5207307883999918,
        "count": 1000,
        "p(50)": 0.020308
      }
    },
    "http_req_blocked": {
      "type": "trend",
      "contains": "time",
      "values": {
        "avg": 0.0055982699999999955,
        "med": 0.004095,
        "p(50)": 0.004095,
        "count": 1000,
        "p(99)": 0.019456949999999983,
        "p(99.99)": 0.31469289029999226,
        "min": 0.002351,
        "max": 0.330867,
        "p(90)": 0.0061818,
        "p(95)": 0.009234149999999998
      }
    },
    "http_req_tls_handshaking": {
      "type": "trend",
      "contains": "time",
      "values": {
        "max": 0,
        "p(90)": 0,
        "p(95)": 0,
        "count": 1000,
        "min": 0,
        "med": 0,
        "p(99)": 0,
        "p(99.99)": 0,
        "avg": 0,
        "p(50)": 0
      }
    },
    "iteration_duration": {
      "type": "trend",
      "contains": "time",
      "values": {
        "p(95)": 36.786555049999976,
        "count": 1000,
        "avg": 20.943168231000037,
        "min": 14.288357,
        "med": 17.3423745,
        "p(50)": 17.3423745,
        "max": 91.798163,
        "p(90)": 33.825009300000005,
        "p(99)": 52.506075879999976,
        "p(99.99)": 91.26038751379974
      }
    },
    "checks": {
      "values": {
        "rate": 1,
        "passes": 1000,
        "fails": 0
      },
      "type": "rate",
      "contains": "default"
    },
    "data_sent": {
      "type": "counter",
      "contains": "data",
      "values": {
        "count": 491000,
        "rate": 23422.923059056768
      }
    },
    "iterations": {
      "type": "counter",
      "contains": "default",
      "values": {
        "count": 1000,
        "rate": 47.704527615186905
      }
    },
    "http_req_connecting": {
      "type": "trend",
      "contains": "time",
      "values": {
        "avg": 0.0002228,
        "min": 0,
        "med": 0,
        "max": 0.2228,
        "count": 1000,
        "p(50)": 0,
        "p(90)": 0,
        "p(95)": 0,
        "p(99)": 0,
        "p(99.99)": 0.20054227999998933
      }
    },
    "response_time": {
      "type": "trend",
      "contains": "default",
      "values": {
        "avg": 20.643536032999993,
        "max": 91.505646,
        "p(50)": 17.035988,
        "p(99)": 52.17923341999998,
        "p(99.99)": 90.96326762129974,
        "count": 1000,
        "min": 14.04319,
        "med": 17.035988,
        "p(90)": 33.469008800000005,
        "p(95)": 36.48943164999997
      }
    },
    "reponse_size": {
      "type": "trend",
      "contains": "default",
      "values": {
        "p(99.99)": 206,
        "min": 203,
        "med": 206,
        "max": 206,
        "p(50)": 206,
        "p(95)": 206,
        "avg": 205.781,
        "p(90)": 206,
        "p(99)": 206,
        "count": 1000
      }
    }
  }
}