{
  "state": {
    "isStdOutTTY": false,
    "isStdErrTTY": false,
    "testRunDurationMs": 27070.608348
  },
  "metrics": {
    "http_reqs": {
      "type": "counter",
      "contains": "default",
      "values": {
        "count": 10000,
        "rate": 369.4043322354375
      }
    },
    "http_req_sending": {
      "type": "trend",
      "contains": "time",
      "values": {
        "p(50)": 0.020192,
        "p(90)": 0.0271668,
        "p(95)": 0.03193354999999998,
        "count": 10000,
        "avg": 0.022107458000000035,
        "max": 0.358197,
        "p(99)": 0.0687634500000001,
        "p(99.99)": 0.33325549439998237,
        "min": 0.007928,
        "med": 0.020192
      }
    },
    "http_req_duration": {
      "type": "trend",
      "contains": "time",
      "values": {
        "min": 1.579247,
        "med": 2.1761315000000003,
        "max": 38.778036,
        "p(50)": 2.1761315000000003,
        "p(99.99)": 36.63435038999848,
        "count": 10000,
        "avg": 2.4051632347000083,
        "p(90)": 3.039344500000001,
        "p(95)": 3.55708525,
        "p(99)": 7.30125862
      }
    },
    "http_req_duration{expected_response:true}": {
      "type": "trend",
      "contains": "time",
      "values": {
        "med": 2.1761315000000003,
        "max": 38.778036,
        "p(50)": 2.1761315000000003,
        "p(99)": 7.30125862,
        "count": 10000,
        "avg": 2.4051632347000083,
        "min": 1.579247,
        "p(90)": 3.039344500000001,
        "p(95)": 3.55708525,
        "p(99.99)": 36.63435038999848
      }
    },
    "reponse_size_body": {
      "values": {
        "p(99)": 63574,
        "p(99.99)": 63574,
        "count": 10000,
        "med": 63574,
        "max": 63574,
        "p(95)": 63574,
        "p(90)": 63574,
        "avg": 63574,
        "min": 63574,
        "p(50)": 63574
      },
      "type": "trend",
      "contains": "default"
    },
    "data_sent": {
      "contains": "data",
      "values": {
        "count": 3910000,
        "rate": 144437.09390405606
      },
      "type": "counter"
    },
    "http_req_blocked": {
      "type": "trend",
      "contains": "time",
      "values": {
        "avg": 0.008173266300000011,
        "med": 0.005251499999999999,
        "p(50)": 0.005251499999999999,
        "p(90)": 0.007858300000000002,
        "p(99.99)": 0.3755820696998368,
        "count": 10000,
        "min": 0.00266,
        "max": 0.606256,
        "p(95)": 0.009432099999999999,
        "p(99)": 0.16687575000000165
      }
    },
    "http_req_tls_handshaking": {
      "type": "trend",
      "contains": "time",
      "values": {
        "min": 0,
        "med": 0,
        "max": 0,
        "p(90)": 0,
        "count": 10000,
        "avg": 0,
        "p(95)": 0,
        "p(99)": 0,
        "p(99.99)": 0,
        "p(50)": 0
      }
    },
    "iteration_duration": {
      "type": "trend",
      "contains": "time",
      "values": {
        "min": 1.789279,
        "p(90)": 3.3633907000000005,
        "p(99)": 7.77271152000001,
        "count": 10000,
        "avg": 2.6882916331999964,
        "med": 2.456528,
        "max": 39.257261,
        "p(50)": 2.456528,
        "p(95)": 3.855361249999999,
        "p(99.99)": 37.05994375369845
      }
    },
    "http_req_connecting": {
      "type": "trend",
      "contains": "time",
      "values": {
        "p(50)": 0,
        "count": 10000,
        "max": 0.398383,
        "p(90)": 0,
        "p(95)": 0,
        "p(99)": 0.001028410000022448,
        "p(99.99)": 0.26737310229990735,
        "avg": 0.0015870860000000001,
        "min": 0,
        "med": 0
      }
    },
    "http_req_receiving": {
      "type": "trend",
      "contains": "time",
      "values": {
        "max": 36.469541,
        "p(99)": 2.0698510000000003,
        "med": 0.476793,
        "p(50)": 0.476793,
        "p(90)": 0.7774447999999999,
        "p(95)": 0.9529739499999994,
        "p(99.99)": 35.051638804399,
        "count": 10000,
        "avg": 0.5574999575999979,
        "min": 0.096395
      }
    },
    "data_received": {
      "type": "counter",
      "contains": "data",
      "values": {
        "count": 640407100,
        "rate": 23656915.713433303
      }
    },
    "checks": {
      "type": "rate",
      "contains": "default",
      "values": {
        "fails": 0,
        "rate": 1,
        "passes": 10000
      }
    },
    "iterations": {
      "type": "counter",
      "contains": "default",
      "values": {
        "count": 10000,
        "rate": 369.4043322354375
      }
    },
    "vus": {
      "type": "gauge",
      "contains": "default",
      "values": {
        "value": 1,
        "min": 1,
        "max": 1
      }
    },
    "vus_max": {
      "type": "gauge",
      "contains": "default",
      "values": {
        "min": 1,
        "max": 1,
        "value": 1
      }
    },
    "http_req_waiting": {
      "type": "trend",
      "contains": "time",
      "values": {
        "avg": 1.8255558191000087,
        "min": 1.077149,
        "max": 23.798126,
        "p(90)": 2.1761179,
        "p(99)": 6.696180810000001,
        "med": 1.6687495,
        "p(50)": 1.6687495,
        "p(95)": 2.5651900999999993,
        "p(99.99)": 9.724955457790045,
        "count": 10000
      }
    },
    "response_time": {
      "values": {
        "p(99)": 7.30125862,
        "p(99.99)": 36.63435038999848,
        "count": 10000,
        "avg": 2.4051632347000083,
        "min": 1.579247,
        "p(50)": 2.1761315000000003,
        "p(90)": 3.039344500000001,
        "med": 2.1761315000000003,
        "max": 38.778036,
        "p(95)": 3.55708525
      },
      "type": "trend",
      "contains": "default"
    },
    "response_size": {
      "type": "trend",
      "contains": "default",
      "values": {
        "p(90)": 63936,
        "p(95)": 63936,
        "p(99)": 63936,
        "p(99.99)": 63936,
        "avg": 63935.48,
        "min": 63884,
        "med": 63936,
        "max": 63936,
        "p(50)": 63936,
        "count": 10000
      }
    },
    "http_req_failed": {
      "values": {
        "rate": 0,
        "passes": 0,
        "fails": 10000
      },
      "type": "rate",
      "contains": "default"
    }
  },
  "root_group": {
    "path": "",
    "id": "d41d8cd98f00b204e9800998ecf8427e",
    "groups": [],
    "checks": [
        {
          "id": "548d37ca5f33793206f7832e7cea54fb",
          "passes": 10000,
          "fails": 0,
          "name": "is status 200",
          "path": "::is status 200"
        }
      ],
    "name": ""
  },
  "options": {
    "summaryTrendStats": [
      "avg",
      "min",
      "med",
      "max",
      "p(50)",
      "p(90)",
      "p(95)",
      "p(99)",
      "p(99.99)",
      "count"
    ],
    "summaryTimeUnit": "ms",
    "noColor": false
  }
}