{
  "state": {
    "testRunDurationMs": 26314.886615,
    "isStdOutTTY": false,
    "isStdErrTTY": false
  },
  "metrics": {
    "http_reqs": {
      "contains": "default",
      "values": {
        "count": 10000,
        "rate": 380.01303772670656
      },
      "type": "counter"
    },
    "vus": {
      "type": "gauge",
      "contains": "default",
      "values": {
        "value": 1,
        "min": 1,
        "max": 1
      }
    },
    "http_req_duration": {
      "values": {
        "max": 15.727258,
        "p(95)": 3.4259889999999995,
        "p(99)": 6.5217908600000065,
        "avg": 2.334955138500002,
        "min": 1.535208,
        "p(90)": 2.9840494000000004,
        "p(99.99)": 11.321632606596884,
        "count": 10000,
        "med": 2.1121165,
        "p(50)": 2.1121165
      },
      "type": "trend",
      "contains": "time"
    },
    "response_size": {
      "type": "trend",
      "contains": "default",
      "values": {
        "min": 63892,
        "p(50)": 63944,
        "p(95)": 63944,
        "p(99.99)": 63944,
        "count": 10000,
        "avg": 63943.48,
        "med": 63944,
        "max": 63944,
        "p(90)": 63944,
        "p(99)": 63944
      }
    },
    "checks": {
      "contains": "default",
      "values": {
        "fails": 0,
        "rate": 1,
        "passes": 10000
      },
      "type": "rate"
    },
    "iterations": {
      "type": "counter",
      "contains": "default",
      "values": {
        "count": 10000,
        "rate": 380.01303772670656
      }
    },
    "http_req_failed": {
      "type": "rate",
      "contains": "default",
      "values": {
        "rate": 0,
        "passes": 0,
        "fails": 10000
      }
    },
    "response_time": {
      "values": {
        "p(50)": 2.1121165,
        "p(90)": 2.9840494000000004,
        "p(99)": 6.5217908600000065,
        "count": 10000,
        "avg": 2.334955138500002,
        "max": 15.727258,
        "p(95)": 3.4259889999999995,
        "p(99.99)": 11.321632606596884,
        "min": 1.535208,
        "med": 2.1121165
      },
      "type": "trend",
      "contains": "default"
    },
    "vus_max": {
      "type": "gauge",
      "contains": "default",
      "values": {
        "value": 1,
        "min": 1,
        "max": 1
      }
    },
    "data_received": {
      "type": "counter",
      "contains": "data",
      "values": {
        "rate": 24339344.849576887,
        "count": 640487100
      }
    },
    "http_req_waiting": {
      "type": "trend",
      "contains": "time",
      "values": {
        "avg": 1.7904405204000082,
        "med": 1.627437,
        "p(90)": 2.1689568,
        "p(95)": 2.49311305,
        "p(99)": 6.086756250000028,
        "p(99.99)": 11.015802756098926,
        "count": 10000,
        "min": 1.06085,
        "max": 12.533212,
        "p(50)": 1.627437
      }
    },
    "reponse_size_body": {
      "values": {
        "p(95)": 63582,
        "p(99)": 63582,
        "count": 10000,
        "min": 63582,
        "p(50)": 63582,
        "max": 63582,
        "p(90)": 63582,
        "p(99.99)": 63582,
        "avg": 63582,
        "med": 63582
      },
      "type": "trend",
      "contains": "default"
    },
    "http_req_connecting": {
      "type": "trend",
      "contains": "time",
      "values": {
        "p(99)": 0.001007290000021987,
        "p(50)": 0,
        "p(90)": 0,
        "p(95)": 0,
        "p(99.99)": 0.2645353381999693,
        "avg": 0.0015832678,
        "min": 0,
        "med": 0,
        "max": 0.307913,
        "count": 10000
      }
    },
    "http_req_sending": {
      "type": "trend",
      "contains": "time",
      "values": {
        "med": 0.019641,
        "p(50)": 0.019641,
        "p(90)": 0.0259081,
        "p(99.99)": 0.2901895058999469,
        "count": 10000,
        "avg": 0.02143730949999998,
        "max": 0.365241,
        "p(95)": 0.031962899999999975,
        "p(99)": 0.062309180000000006,
        "min": 0.007992
      }
    },
    "http_req_tls_handshaking": {
      "type": "trend",
      "contains": "time",
      "values": {
        "med": 0,
        "max": 0,
        "p(50)": 0,
        "p(95)": 0,
        "count": 10000,
        "avg": 0,
        "min": 0,
        "p(90)": 0,
        "p(99)": 0,
        "p(99.99)": 0
      }
    },
    "http_req_blocked": {
      "type": "trend",
      "contains": "time",
      "values": {
        "avg": 0.007759116399999962,
        "max": 0.603472,
        "p(50)": 0.004844,
        "p(90)": 0.006963,
        "p(99)": 0.16102940000000188,
        "count": 10000,
        "min": 0.002427,
        "med": 0.004844,
        "p(95)": 0.008833549999999992,
        "p(99.99)": 0.5161227357999382
      }
    },
    "http_req_receiving": {
      "type": "trend",
      "contains": "time",
      "values": {
        "p(99.99)": 3.796490800799174,
        "count": 10000,
        "min": 0.108544,
        "max": 4.964382,
        "p(50)": 0.4624025,
        "p(90)": 0.7271766000000001,
        "p(99)": 2.0131715500000005,
        "avg": 0.5230773085999977,
        "med": 0.4624025,
        "p(95)": 0.8447798999999996
      }
    },
    "iteration_duration": {
      "type": "trend",
      "contains": "time",
      "values": {
        "count": 10000,
        "min": 1.712214,
        "med": 2.3881195,
        "max": 16.109793,
        "p(90)": 3.3012780999999998,
        "p(95)": 3.7470694499999984,
        "avg": 2.6130799227000114,
        "p(50)": 2.3881195,
        "p(99)": 6.970970840000006,
        "p(99.99)": 11.823060716096968
      }
    },
    "http_req_duration{expected_response:true}": {
      "type": "trend",
      "contains": "time",
      "values": {
        "p(99.99)": 11.321632606596884,
        "count": 10000,
        "min": 1.535208,
        "med": 2.1121165,
        "max": 15.727258,
        "p(90)": 2.9840494000000004,
        "p(95)": 3.4259889999999995,
        "p(99)": 6.5217908600000065,
        "avg": 2.334955138500002,
        "p(50)": 2.1121165
      }
    },
    "data_sent": {
      "type": "counter",
      "contains": "data",
      "values": {
        "count": 3910000,
        "rate": 148585.09775114225
      }
    }
  },
  "root_group": {
    "checks": [
      {
        "path": "::is status 200",
        "id": "548d37ca5f33793206f7832e7cea54fb",
        "passes": 10000,
        "fails": 0,
        "name": "is status 200"
      }
    ],
    "name": "",
    "path": "",
    "id": "d41d8cd98f00b204e9800998ecf8427e",
    "groups": []
  },
  "options": {
    "summaryTrendStats": [
      "avg",
      "min",
      "med",
      "max",
      "p(50)",
      "p(90)",
      "p(95)",
      "p(99)",
      "p(99.99)",
      "count"
    ],
    "summaryTimeUnit": "ms",
    "noColor": false
  }
}