{
  "options": {
    "summaryTrendStats": [
      "avg",
      "min",
      "med",
      "max",
      "p(50)",
      "p(90)",
      "p(95)",
      "p(99)",
      "p(99.99)",
      "count"
    ],
    "summaryTimeUnit": "ms",
    "noColor": false
  },
  "state": {
    "testRunDurationMs": 65887.49318,
    "isStdOutTTY": false,
    "isStdErrTTY": false
  },
  "metrics": {
    "checks": {
      "values": {
        "rate": 1,
        "passes": 10000,
        "fails": 0
      },
      "type": "rate",
      "contains": "default"
    },
    "http_req_tls_handshaking": {
      "type": "trend",
      "contains": "time",
      "values": {
        "avg": 0,
        "min": 0,
        "med": 0,
        "p(95)": 0,
        "p(99)": 0,
        "max": 0,
        "p(50)": 0,
        "p(90)": 0,
        "p(99.99)": 0,
        "count": 10000
      }
    },
    "http_req_receiving": {
      "type": "trend",
      "contains": "time",
      "values": {
        "min": 0.030088,
        "p(50)": 0.0742795,
        "p(99)": 0.24285362000000016,
        "p(99.99)": 9.729737945098897,
        "avg": 0.09326868820000005,
        "med": 0.0742795,
        "max": 11.289033,
        "p(90)": 0.0994361,
        "p(95)": 0.11267354999999997,
        "count": 10000
      }
    },
    "http_req_sending": {
      "values": {
        "p(99.99)": 0.22587794519983065,
        "med": 0.017019,
        "p(95)": 0.028954449999999993,
        "p(99)": 0.06771832000000001,
        "p(50)": 0.017019,
        "p(90)": 0.024794300000000002,
        "count": 10000,
        "avg": 0.019252138299999926,
        "min": 0.006889,
        "max": 0.465306
      },
      "type": "trend",
      "contains": "time"
    },
    "http_req_failed": {
      "type": "rate",
      "contains": "default",
      "values": {
        "fails": 10000,
        "rate": 0,
        "passes": 0
      }
    },
    "reponse_size": {
      "type": "trend",
      "contains": "default",
      "values": {
        "p(90)": 207,
        "p(99)": 207,
        "count": 10000,
        "avg": 206.7685,
        "min": 200,
        "p(50)": 207,
        "p(95)": 207,
        "p(99.99)": 207,
        "med": 207,
        "max": 207
      }
    },
    "http_req_waiting": {
      "type": "trend",
      "contains": "time",
      "values": {
        "p(50)": 5.607134500000001,
        "p(95)": 11.339464599999992,
        "p(99)": 15.293848160000001,
        "p(99.99)": 23.20358181188979,
        "min": 3.534868,
        "med": 5.607134500000001,
        "max": 37.640257,
        "avg": 6.25108244599998,
        "p(90)": 8.271409600000004,
        "count": 10000
      }
    },
    "http_req_connecting": {
      "type": "trend",
      "contains": "time",
      "values": {
        "avg": 0.0018398300000000002,
        "p(50)": 0,
        "count": 10000,
        "p(99.99)": 0.32310228579993433,
        "min": 0,
        "med": 0,
        "max": 0.415951,
        "p(90)": 0,
        "p(95)": 0,
        "p(99)": 0.0010253600000223815
      }
    },
    "http_req_blocked": {
      "contains": "time",
      "values": {
        "p(95)": 0.008988099999999999,
        "p(99.99)": 0.4296085759999535,
        "min": 0.00183,
        "med": 0.004332,
        "max": 0.495362,
        "p(90)": 0.0066081,
        "avg": 0.007690253299999995,
        "p(50)": 0.004332,
        "p(99)": 0.1682777700000008,
        "count": 10000
      },
      "type": "trend"
    },
    "http_reqs": {
      "type": "counter",
      "contains": "default",
      "values": {
        "count": 10000,
        "rate": 151.77387266321853
      }
    },
    "http_req_duration{expected_response:true}": {
      "type": "trend",
      "contains": "time",
      "values": {
        "med": 5.7091965,
        "p(50)": 5.7091965,
        "p(90)": 8.460597300000002,
        "p(99)": 15.436211500000004,
        "p(99.99)": 23.3374359119898,
        "count": 10000,
        "avg": 6.363603272500014,
        "min": 3.598178,
        "max": 37.755114,
        "p(95)": 11.556221049999996
      }
    },
    "data_received": {
      "type": "counter",
      "contains": "data",
      "values": {
        "count": 6154785,
        "rate": 93413.55548594875
      }
    },
    "iteration_duration": {
      "values": {
        "avg": 6.569981372400026,
        "min": 3.760005,
        "med": 5.9104395,
        "p(95)": 11.863500349999999,
        "count": 10000,
        "max": 37.99017,
        "p(50)": 5.9104395,
        "p(90)": 8.7000984,
        "p(99)": 15.748632310000005,
        "p(99.99)": 23.58477268378981
      },
      "type": "trend",
      "contains": "time"
    },
    "vus_max": {
      "type": "gauge",
      "contains": "default",
      "values": {
        "value": 1,
        "min": 1,
        "max": 1
      }
    },
    "vus": {
      "type": "gauge",
      "contains": "default",
      "values": {
        "max": 1,
        "value": 1,
        "min": 1
      }
    },
    "response_time": {
      "values": {
        "p(50)": 5.7091965,
        "p(90)": 8.460597300000002,
        "p(99)": 15.436211500000004,
        "count": 10000,
        "avg": 6.363603272500014,
        "min": 3.598178,
        "max": 37.755114,
        "med": 5.7091965,
        "p(95)": 11.556221049999996,
        "p(99.99)": 23.3374359119898
      },
      "type": "trend",
      "contains": "default"
    },
    "iterations": {
      "type": "counter",
      "contains": "default",
      "values": {
        "count": 10000,
        "rate": 151.77387266321853
      }
    },
    "data_sent": {
      "type": "counter",
      "contains": "data",
      "values": {
        "count": 3790000,
        "rate": 57522.29773935982
      }
    },
    "http_req_duration": {
      "type": "trend",
      "contains": "time",
      "values": {
        "p(99.99)": 23.3374359119898,
        "count": 10000,
        "avg": 6.363603272500014,
        "min": 3.598178,
        "max": 37.755114,
        "p(90)": 8.460597300000002,
        "med": 5.7091965,
        "p(50)": 5.7091965,
        "p(95)": 11.556221049999996,
        "p(99)": 15.436211500000004
      }
    }
  },
  "root_group": {
    "id": "d41d8cd98f00b204e9800998ecf8427e",
    "groups": [],
    "checks": [
        {
          "fails": 0,
          "name": "is status 200",
          "path": "::is status 200",
          "id": "548d37ca5f33793206f7832e7cea54fb",
          "passes": 10000
        }
      ],
    "name": "",
    "path": ""
  }
}