{
  "root_group": {
    "name": "",
    "path": "",
    "id": "d41d8cd98f00b204e9800998ecf8427e",
    "groups": [],
    "checks": [
        {
          "name": "is status 200",
          "path": "::is status 200",
          "id": "548d37ca5f33793206f7832e7cea54fb",
          "passes": 10000,
          "fails": 0
        }
      ]
  },
  "options": {
    "summaryTrendStats": [
      "avg",
      "min",
      "med",
      "max",
      "p(50)",
      "p(90)",
      "p(95)",
      "p(99)",
      "p(99.99)",
      "count"
    ],
    "summaryTimeUnit": "ms",
    "noColor": false
  },
  "state": {
    "isStdOutTTY": false,
    "isStdErrTTY": false,
    "testRunDurationMs": 67869.59462
  },
  "metrics": {
    "http_req_duration": {
      "type": "trend",
      "contains": "time",
      "values": {
        "p(90)": 8.8775147,
        "p(95)": 11.980035299999997,
        "p(99)": 16.02135025,
        "p(99.99)": 27.99989401239409,
        "count": 10000,
        "min": 3.929247,
        "max": 36.359182,
        "p(50)": 5.842086500000001,
        "avg": 6.562917985799984,
        "med": 5.842086500000001
      }
    },
    "http_reqs": {
      "type": "counter",
      "contains": "default",
      "values": {
        "count": 10000,
        "rate": 147.341383958306
      }
    },
    "http_req_receiving": {
      "contains": "time",
      "values": {
        "min": 0.022767,
        "med": 0.0730225,
        "max": 8.916817,
        "p(95)": 0.11080589999999986,
        "p(99)": 0.22880450000000013,
        "p(99.99)": 7.796608032099208,
        "count": 10000,
        "avg": 0.08625740780000005,
        "p(90)": 0.0979546,
        "p(50)": 0.0730225
      },
      "type": "trend"
    },
    "http_req_duration{expected_response:true}": {
      "type": "trend",
      "contains": "time",
      "values": {
        "p(50)": 5.842086500000001,
        "p(99)": 16.02135025,
        "p(99.99)": 27.99989401239409,
        "avg": 6.562917985799984,
        "med": 5.842086500000001,
        "p(90)": 8.8775147,
        "p(95)": 11.980035299999997,
        "count": 10000,
        "min": 3.929247,
        "max": 36.359182
      }
    },
    "reponse_size": {
      "type": "trend",
      "contains": "default",
      "values": {
        "p(90)": 207,
        "p(99)": 207,
        "min": 203,
        "med": 207,
        "max": 207,
        "p(99.99)": 207,
        "count": 10000,
        "avg": 206.7899,
        "p(50)": 207,
        "p(95)": 207
      }
    },
    "vus_max": {
      "type": "gauge",
      "contains": "default",
      "values": {
        "value": 1,
        "min": 1,
        "max": 1
      }
    },
    "http_req_sending": {
      "contains": "time",
      "values": {
        "count": 10000,
        "min": 0.005138,
        "med": 0.0164225,
        "p(90)": 0.0244433,
        "p(99)": 0.06679836000000017,
        "p(99.99)": 0.35302128829995555,
        "avg": 0.018658071200000015,
        "max": 0.415898,
        "p(50)": 0.0164225,
        "p(95)": 0.028629749999999992
      },
      "type": "trend"
    },
    "data_received": {
      "values": {
        "count": 6154999,
        "rate": 90688.60709219896
      },
      "type": "counter",
      "contains": "data"
    },
    "response_time": {
      "contains": "default",
      "values": {
        "avg": 6.562917985799984,
        "med": 5.842086500000001,
        "p(50)": 5.842086500000001,
        "p(90)": 8.8775147,
        "p(99)": 16.02135025,
        "count": 10000,
        "min": 3.929247,
        "max": 36.359182,
        "p(95)": 11.980035299999997,
        "p(99.99)": 27.99989401239409
      },
      "type": "trend"
    },
    "http_req_waiting": {
      "type": "trend",
      "contains": "time",
      "values": {
        "avg": 6.4580025068,
        "min": 3.85126,
        "med": 5.743296,
        "p(50)": 5.743296,
        "p(90)": 8.662590300000005,
        "p(99)": 15.916120170000001,
        "p(99.99)": 27.87120449589408,
        "count": 10000,
        "max": 36.245326,
        "p(95)": 11.829795799999996
      }
    },
    "checks": {
      "contains": "default",
      "values": {
        "rate": 1,
        "passes": 10000,
        "fails": 0
      },
      "type": "rate"
    },
    "http_req_tls_handshaking": {
      "type": "trend",
      "contains": "time",
      "values": {
        "avg": 0,
        "max": 0,
        "p(50)": 0,
        "p(95)": 0,
        "p(99.99)": 0,
        "count": 10000,
        "min": 0,
        "med": 0,
        "p(90)": 0,
        "p(99)": 0
      }
    },
    "iteration_duration": {
      "type": "trend",
      "contains": "time",
      "values": {
        "p(99.99)": 28.263439972794078,
        "med": 6.036804,
        "max": 36.632331,
        "p(50)": 6.036804,
        "p(90)": 9.097172400000002,
        "count": 10000,
        "avg": 6.768186438399971,
        "min": 4.075584,
        "p(95)": 12.251077699999987,
        "p(99)": 16.301442150000003
      }
    },
    "http_req_blocked": {
      "type": "trend",
      "contains": "time",
      "values": {
        "avg": 0.007535041500000034,
        "med": 0.004288,
        "p(50)": 0.004288,
        "p(95)": 0.008915449999999993,
        "count": 10000,
        "min": 0.001232,
        "max": 0.603626,
        "p(90)": 0.0067001000000000005,
        "p(99)": 0.1640099100000011,
        "p(99.99)": 0.39601676299985317
      }
    },
    "http_req_connecting": {
      "values": {
        "avg": 0.001754732,
        "max": 0.305759,
        "p(50)": 0,
        "count": 10000,
        "min": 0,
        "med": 0,
        "p(90)": 0,
        "p(95)": 0,
        "p(99)": 0.0009147600000199672,
        "p(99.99)": 0.30216335959999746
      },
      "type": "trend",
      "contains": "time"
    },
    "http_req_failed": {
      "contains": "default",
      "values": {
        "rate": 0,
        "passes": 0,
        "fails": 10000
      },
      "type": "rate"
    },
    "data_sent": {
      "type": "counter",
      "contains": "data",
      "values": {
        "count": 3790000,
        "rate": 55842.38452019798
      }
    },
    "vus": {
      "type": "gauge",
      "contains": "default",
      "values": {
        "value": 1,
        "min": 1,
        "max": 1
      }
    },
    "iterations": {
      "type": "counter",
      "contains": "default",
      "values": {
        "count": 10000,
        "rate": 147.341383958306
      }
    }
  }
}