{
  "metrics": {
    "reponse_size_body": {
      "values": {
        "max": 609,
        "p(90)": 609,
        "p(95)": 609,
        "p(99)": 609,
        "count": 1000,
        "avg": 609,
        "min": 609,
        "p(99.99)": 609,
        "med": 609,
        "p(50)": 609
      },
      "type": "trend",
      "contains": "default"
    },
    "data_received": {
      "type": "counter",
      "contains": "data",
      "values": {
        "count": 1199146,
        "rate": 168117.48856057826
      }
    },
    "http_reqs": {
      "type": "counter",
      "contains": "default",
      "values": {
        "count": 1000,
        "rate": 140.1976811502338
      }
    },
    "http_req_tls_handshaking": {
      "values": {
        "avg": 0,
        "p(90)": 0,
        "p(99)": 0,
        "p(99.99)": 0,
        "count": 1000,
        "min": 0,
        "med": 0,
        "max": 0,
        "p(50)": 0,
        "p(95)": 0
      },
      "type": "trend",
      "contains": "time"
    },
    "checks": {
      "type": "rate",
      "contains": "default",
      "values": {
        "rate": 1,
        "passes": 1000,
        "fails": 0
      }
    },
    "response_size": {
      "type": "trend",
      "contains": "default",
      "values": {
        "p(95)": 1130,
        "p(99.99)": 1130,
        "count": 1000,
        "min": 1130,
        "p(50)": 1130,
        "max": 1130,
        "p(90)": 1130,
        "p(99)": 1130,
        "avg": 1130,
        "med": 1130
      }
    },
    "http_req_sending": {
      "type": "trend",
      "contains": "time",
      "values": {
        "avg": 0.024123607999999998,
        "med": 0.0226105,
        "p(50)": 0.0226105,
        "count": 1000,
        "p(99)": 0.05629043999999999,
        "p(99.99)": 0.30722114069999434,
        "min": 0.01219,
        "max": 0.31905,
        "p(90)": 0.0294421,
        "p(95)": 0.033726849999999996
      }
    },
    "response_time": {
      "type": "trend",
      "contains": "default",
      "values": {
        "med": 4.636527,
        "max": 45.82284,
        "p(95)": 27.78090354999997,
        "count": 1000,
        "p(99.99)": 45.628102931999905,
        "avg": 6.845517185999997,
        "min": 2.951293,
        "p(50)": 4.636527,
        "p(90)": 8.23265550000003,
        "p(99)": 38.53987597
      }
    },
    "http_req_receiving": {
      "type": "trend",
      "contains": "time",
      "values": {
        "p(99.99)": 33.8044985761998,
        "avg": 0.39673339199999913,
        "min": 0.053917,
        "max": 34.233845,
        "p(50)": 0.0964795,
        "p(95)": 0.2594996999999999,
        "p(99)": 18.161675239999997,
        "med": 0.0964795,
        "p(90)": 0.17729770000000003,
        "count": 1000
      }
    },
    "http_req_waiting": {
      "values": {
        "min": 2.706053,
        "med": 4.4612065,
        "p(50)": 4.4612065,
        "avg": 6.424660185999995,
        "p(90)": 6.736800400000002,
        "p(95)": 25.892780499999994,
        "p(99)": 38.43073942,
        "p(99.99)": 45.478695015999904,
        "count": 1000,
        "max": 45.671518
      },
      "type": "trend",
      "contains": "time"
    },
    "iteration_duration": {
      "type": "trend",
      "contains": "time",
      "values": {
        "avg": 7.110938808999995,
        "max": 46.165664,
        "p(50)": 4.892066,
        "p(90)": 8.442177700000032,
        "p(95)": 28.02947149999996,
        "p(99)": 38.758097299999996,
        "count": 1000,
        "min": 3.162691,
        "med": 4.892066,
        "p(99.99)": 45.96735340909991
      }
    },
    "vus": {
      "type": "gauge",
      "contains": "default",
      "values": {
        "value": 1,
        "min": 1,
        "max": 1
      }
    },
    "http_req_duration": {
      "type": "trend",
      "contains": "time",
      "values": {
        "avg": 6.845517185999997,
        "max": 45.82284,
        "p(99)": 38.53987597,
        "p(99.99)": 45.628102931999905,
        "p(95)": 27.78090354999997,
        "count": 1000,
        "min": 2.951293,
        "med": 4.636527,
        "p(50)": 4.636527,
        "p(90)": 8.23265550000003
      }
    },
    "data_sent": {
      "type": "counter",
      "contains": "data",
      "values": {
        "count": 409000,
        "rate": 57340.85159044562
      }
    },
    "http_req_blocked": {
      "type": "trend",
      "contains": "time",
      "values": {
        "med": 0.005716,
        "p(50)": 0.005716,
        "p(95)": 0.009642299999999993,
        "p(99)": 0.019411179999999997,
        "avg": 0.006632809999999995,
        "max": 0.384515,
        "p(90)": 0.0075953,
        "p(99.99)": 0.361546591399989,
        "count": 1000,
        "min": 0.003065
      }
    },
    "iterations": {
      "type": "counter",
      "contains": "default",
      "values": {
        "count": 1000,
        "rate": 140.1976811502338
      }
    },
    "http_req_connecting": {
      "type": "trend",
      "contains": "time",
      "values": {
        "avg": 0.00029051799999999997,
        "min": 0,
        "med": 0,
        "p(95)": 0,
        "p(99.99)": 0.2614952517999861,
        "max": 0.290518,
        "p(50)": 0,
        "p(90)": 0,
        "p(99)": 0,
        "count": 1000
      }
    },
    "vus_max": {
      "type": "gauge",
      "contains": "default",
      "values": {
        "value": 1,
        "min": 1,
        "max": 1
      }
    },
    "http_req_duration{expected_response:true}": {
      "contains": "time",
      "values": {
        "p(99.99)": 45.628102931999905,
        "med": 4.636527,
        "p(50)": 4.636527,
        "p(90)": 8.23265550000003,
        "p(95)": 27.78090354999997,
        "p(99)": 38.53987597,
        "count": 1000,
        "avg": 6.845517185999997,
        "min": 2.951293,
        "max": 45.82284
      },
      "type": "trend"
    },
    "http_req_failed": {
      "type": "rate",
      "contains": "default",
      "values": {
        "rate": 0,
        "passes": 0,
        "fails": 1000
      }
    }
  },
  "root_group": {
    "name": "",
    "path": "",
    "id": "d41d8cd98f00b204e9800998ecf8427e",
    "groups": [],
    "checks": [
        {
          "fails": 0,
          "name": "is status 200",
          "path": "::is status 200",
          "id": "548d37ca5f33793206f7832e7cea54fb",
          "passes": 1000
        }
      ]
  },
  "options": {
    "summaryTrendStats": [
      "avg",
      "min",
      "med",
      "max",
      "p(50)",
      "p(90)",
      "p(95)",
      "p(99)",
      "p(99.99)",
      "count"
    ],
    "summaryTimeUnit": "ms",
    "noColor": false
  },
  "state": {
    "isStdErrTTY": false,
    "testRunDurationMs": 7132.785591,
    "isStdOutTTY": false
  }
}