{
  "metrics": {
    "iterations": {
      "type": "counter",
      "contains": "default",
      "values": {
        "count": 1000,
        "rate": 52.46180546254788
      }
    },
    "vus_max": {
      "values": {
        "value": 1,
        "min": 1,
        "max": 1
      },
      "type": "gauge",
      "contains": "default"
    },
    "data_received": {
      "type": "counter",
      "contains": "data",
      "values": {
        "count": 683389,
        "rate": 35851.820773245134
      }
    },
    "http_req_connecting": {
      "type": "trend",
      "contains": "time",
      "values": {
        "p(99)": 0,
        "count": 1000,
        "avg": 0.000377392,
        "max": 0.377392,
        "p(90)": 0,
        "p(95)": 0,
        "min": 0,
        "med": 0,
        "p(50)": 0,
        "p(99.99)": 0.33969053919998193
      }
    },
    "http_req_blocked": {
      "type": "trend",
      "contains": "time",
      "values": {
        "p(99)": 0.020001129999999978,
        "p(50)": 0.0041055,
        "p(90)": 0.006010100000000003,
        "p(95)": 0.009528,
        "max": 0.504577,
        "p(99.99)": 0.4705363746999838,
        "count": 1000,
        "avg": 0.005446011999999989,
        "min": 0.002317,
        "med": 0.0041055
      }
    },
    "http_req_sending": {
      "type": "trend",
      "contains": "time",
      "values": {
        "avg": 0.01776262900000001,
        "p(90)": 0.022715700000000002,
        "p(95)": 0.026487249999999997,
        "p(99.99)": 0.18187014259999965,
        "count": 1000,
        "min": 0.010731,
        "med": 0.0156,
        "max": 0.182612,
        "p(50)": 0.0156,
        "p(99)": 0.04267739999999998
      }
    },
    "vus": {
      "type": "gauge",
      "contains": "default",
      "values": {
        "value": 1,
        "min": 1,
        "max": 1
      }
    },
    "http_req_failed": {
      "type": "rate",
      "contains": "default",
      "values": {
        "fails": 1000,
        "rate": 0,
        "passes": 0
      }
    },
    "checks": {
      "type": "rate",
      "contains": "default",
      "values": {
        "rate": 1,
        "passes": 1000,
        "fails": 0
      }
    },
    "http_req_waiting": {
      "type": "trend",
      "contains": "time",
      "values": {
        "p(90)": 28.8225811,
        "p(99)": 34.900126019999995,
        "avg": 18.688547930000002,
        "max": 45.775811,
        "p(50)": 16.198471,
        "p(95)": 30.942626549999996,
        "p(99.99)": 45.67800830059995,
        "count": 1000,
        "min": 13.26637,
        "med": 16.198471
      }
    },
    "http_req_receiving": {
      "type": "trend",
      "contains": "time",
      "values": {
        "avg": 0.13511574,
        "med": 0.07886599999999999,
        "max": 17.139895,
        "count": 1000,
        "min": 0.049463,
        "p(50)": 0.07886599999999999,
        "p(90)": 0.1109972,
        "p(95)": 0.23991224999999955,
        "p(99)": 0.4827708599999999,
        "p(99.99)": 17.074695364899966
      }
    },
    "reponse_size": {
      "type": "trend",
      "contains": "default",
      "values": {
        "count": 1000,
        "avg": 97,
        "p(50)": 97,
        "p(90)": 97,
        "p(99)": 97,
        "p(99.99)": 97,
        "min": 97,
        "med": 97,
        "max": 97,
        "p(95)": 97
      }
    },
    "iteration_duration": {
      "values": {
        "avg": 19.043052851000013,
        "med": 16.510983500000002,
        "max": 46.097388,
        "p(90)": 29.2055126,
        "p(99.99)": 45.998772713999955,
        "count": 1000,
        "min": 13.576849,
        "p(50)": 16.510983500000002,
        "p(95)": 31.329565,
        "p(99)": 35.37387797
      },
      "type": "trend",
      "contains": "time"
    },
    "http_reqs": {
      "type": "counter",
      "contains": "default",
      "values": {
        "count": 1000,
        "rate": 52.46180546254788
      }
    },
    "http_req_duration{expected_response:true}": {
      "type": "trend",
      "contains": "time",
      "values": {
        "p(99)": 35.20337145,
        "p(99.99)": 45.78949279669995,
        "max": 45.88889,
        "p(50)": 16.3012855,
        "med": 16.3012855,
        "p(90)": 29.0360707,
        "p(95)": 31.13591975,
        "count": 1000,
        "avg": 18.84142629899999,
        "min": 13.353279
      }
    },
    "response_time": {
      "type": "trend",
      "contains": "default",
      "values": {
        "avg": 18.84142629899999,
        "med": 16.3012855,
        "p(50)": 16.3012855,
        "p(90)": 29.0360707,
        "p(99)": 35.20337145,
        "p(99.99)": 45.78949279669995,
        "count": 1000,
        "min": 13.353279,
        "max": 45.88889,
        "p(95)": 31.13591975
      }
    },
    "http_req_tls_handshaking": {
      "type": "trend",
      "contains": "time",
      "values": {
        "avg": 0,
        "p(99)": 0,
        "count": 1000,
        "min": 0,
        "med": 0,
        "max": 0,
        "p(50)": 0,
        "p(90)": 0,
        "p(95)": 0,
        "p(99.99)": 0
      }
    },
    "http_req_duration": {
      "contains": "time",
      "values": {
        "min": 13.353279,
        "max": 45.88889,
        "p(99.99)": 45.78949279669995,
        "count": 1000,
        "p(95)": 31.13591975,
        "p(99)": 35.20337145,
        "avg": 18.84142629899999,
        "med": 16.3012855,
        "p(50)": 16.3012855,
        "p(90)": 29.0360707
      },
      "type": "trend"
    },
    "data_sent": {
      "type": "counter",
      "contains": "data",
      "values": {
        "rate": 20145.333297618385,
        "count": 384000
      }
    }
  },
  "root_group": {
    "id": "d41d8cd98f00b204e9800998ecf8427e",
    "groups": [],
    "checks": [
        {
          "name": "is status 200",
          "path": "::is status 200",
          "id": "548d37ca5f33793206f7832e7cea54fb",
          "passes": 1000,
          "fails": 0
        }
      ],
    "name": "",
    "path": ""
  },
  "options": {
    "summaryTrendStats": [
      "avg",
      "min",
      "med",
      "max",
      "p(50)",
      "p(90)",
      "p(95)",
      "p(99)",
      "p(99.99)",
      "count"
    ],
    "summaryTimeUnit": "ms",
    "noColor": false
  },
  "state": {
    "isStdOutTTY": false,
    "isStdErrTTY": false,
    "testRunDurationMs": 19061.486565
  }
}