{
  "root_group": {
    "id": "d41d8cd98f00b204e9800998ecf8427e",
    "groups": [],
    "checks": [
        {
          "name": "is status 200",
          "path": "::is status 200",
          "id": "548d37ca5f33793206f7832e7cea54fb",
          "passes": 10000,
          "fails": 0
        }
      ],
    "name": "",
    "path": ""
  },
  "options": {
    "summaryTrendStats": [
      "avg",
      "min",
      "med",
      "max",
      "p(50)",
      "p(90)",
      "p(95)",
      "p(99)",
      "p(99.99)",
      "count"
    ],
    "summaryTimeUnit": "ms",
    "noColor": false
  },
  "state": {
    "isStdOutTTY": false,
    "isStdErrTTY": false,
    "testRunDurationMs": 26374.823824
  },
  "metrics": {
    "http_req_tls_handshaking": {
      "type": "trend",
      "contains": "time",
      "values": {
        "avg": 0,
        "med": 0,
        "max": 0,
        "p(90)": 0,
        "p(99)": 0,
        "count": 10000,
        "min": 0,
        "p(50)": 0,
        "p(95)": 0,
        "p(99.99)": 0
      }
    },
    "http_req_sending": {
      "type": "trend",
      "contains": "time",
      "values": {
        "min": 0.008796,
        "med": 0.0199065,
        "p(90)": 0.0258164,
        "avg": 0.021685425799999988,
        "max": 0.497075,
        "p(50)": 0.0199065,
        "p(95)": 0.030367299999999996,
        "p(99)": 0.062007100000000065,
        "p(99.99)": 0.3130104082998698,
        "count": 10000
      }
    },
    "response_size": {
      "type": "trend",
      "contains": "default",
      "values": {
        "max": 63944,
        "p(90)": 63944,
        "p(95)": 63944,
        "p(99)": 63944,
        "p(99.99)": 63944,
        "count": 10000,
        "avg": 63943.48,
        "min": 63892,
        "med": 63944,
        "p(50)": 63944
      }
    },
    "http_req_duration": {
      "type": "trend",
      "contains": "time",
      "values": {
        "avg": 2.339187648499997,
        "min": 1.543463,
        "p(50)": 2.1298335,
        "count": 10000,
        "med": 2.1298335,
        "max": 11.266891,
        "p(90)": 2.9155979000000007,
        "p(95)": 3.446637749999999,
        "p(99)": 6.959621340000003,
        "p(99.99)": 10.343085389799347
      }
    },
    "http_req_receiving": {
      "type": "trend",
      "contains": "time",
      "values": {
        "avg": 0.5283721078000009,
        "min": 0.095327,
        "med": 0.47355499999999995,
        "max": 3.325025,
        "p(50)": 0.47355499999999995,
        "p(95)": 0.8602563499999999,
        "p(90)": 0.7235842,
        "p(99)": 2.00153568,
        "p(99.99)": 2.8136841391996383,
        "count": 10000
      }
    },
    "response_time": {
      "type": "trend",
      "contains": "default",
      "values": {
        "avg": 2.339187648499997,
        "med": 2.1298335,
        "max": 11.266891,
        "p(90)": 2.9155979000000007,
        "p(95)": 3.446637749999999,
        "p(99)": 6.959621340000003,
        "p(99.99)": 10.343085389799347,
        "count": 10000,
        "min": 1.543463,
        "p(50)": 2.1298335
      }
    },
    "http_req_connecting": {
      "type": "trend",
      "contains": "time",
      "values": {
        "p(50)": 0,
        "p(90)": 0,
        "count": 10000,
        "p(99.99)": 0.44257459949995337,
        "avg": 0.0016581973999999998,
        "min": 0,
        "med": 0,
        "max": 0.508563,
        "p(95)": 0,
        "p(99)": 0.0009575500000209013
      }
    },
    "data_sent": {
      "type": "counter",
      "contains": "data",
      "values": {
        "count": 3910000,
        "rate": 148247.43573991428
      }
    },
    "checks": {
      "values": {
        "rate": 1,
        "passes": 10000,
        "fails": 0
      },
      "type": "rate",
      "contains": "default"
    },
    "iteration_duration": {
      "type": "trend",
      "contains": "time",
      "values": {
        "p(95)": 3.7578191999999992,
        "avg": 2.618899318299994,
        "max": 12.242382,
        "p(50)": 2.4050510000000003,
        "p(90)": 3.2425014000000005,
        "p(99)": 7.438683580000009,
        "p(99.99)": 10.829551297199,
        "count": 10000,
        "min": 1.698085,
        "med": 2.4050510000000003
      }
    },
    "http_req_blocked": {
      "values": {
        "min": 0.002316,
        "max": 0.653897,
        "p(99.99)": 0.5356148293999163,
        "p(90)": 0.0068671,
        "p(95)": 0.008516,
        "p(99)": 0.15591481000000068,
        "count": 10000,
        "avg": 0.007841944600000017,
        "med": 0.004876500000000001,
        "p(50)": 0.004876500000000001
      },
      "type": "trend",
      "contains": "time"
    },
    "http_req_failed": {
      "type": "rate",
      "contains": "default",
      "values": {
        "rate": 0,
        "passes": 0,
        "fails": 10000
      }
    },
    "data_received": {
      "type": "counter",
      "contains": "data",
      "values": {
        "count": 640487100,
        "rate": 24284033.29910334
      }
    },
    "iterations": {
      "type": "counter",
      "contains": "default",
      "values": {
        "count": 10000,
        "rate": 379.1494520202411
      }
    },
    "reponse_size_body": {
      "type": "trend",
      "contains": "default",
      "values": {
        "avg": 63582,
        "min": 63582,
        "med": 63582,
        "max": 63582,
        "p(99)": 63582,
        "p(50)": 63582,
        "p(90)": 63582,
        "p(95)": 63582,
        "p(99.99)": 63582,
        "count": 10000
      }
    },
    "vus": {
      "type": "gauge",
      "contains": "default",
      "values": {
        "value": 1,
        "min": 1,
        "max": 1
      }
    },
    "http_reqs": {
      "type": "counter",
      "contains": "default",
      "values": {
        "count": 10000,
        "rate": 379.1494520202411
      }
    },
    "http_req_waiting": {
      "type": "trend",
      "contains": "time",
      "values": {
        "max": 10.378421,
        "p(95)": 2.5051579999999998,
        "p(99)": 6.385726010000003,
        "p(99.99)": 9.427200131599326,
        "count": 10000,
        "avg": 1.7891301148999985,
        "min": 1.032344,
        "med": 1.6384365,
        "p(50)": 1.6384365,
        "p(90)": 2.1286081
      }
    },
    "vus_max": {
      "type": "gauge",
      "contains": "default",
      "values": {
        "value": 1,
        "min": 1,
        "max": 1
      }
    },
    "http_req_duration{expected_response:true}": {
      "values": {
        "count": 10000,
        "avg": 2.339187648499997,
        "max": 11.266891,
        "p(95)": 3.446637749999999,
        "p(99.99)": 10.343085389799347,
        "p(99)": 6.959621340000003,
        "min": 1.543463,
        "med": 2.1298335,
        "p(50)": 2.1298335,
        "p(90)": 2.9155979000000007
      },
      "type": "trend",
      "contains": "time"
    }
  }
}