{
  "state": {
    "isStdOutTTY": false,
    "isStdErrTTY": false,
    "testRunDurationMs": 20030.388602
  },
  "metrics": {
    "http_req_duration{expected_response:true}": {
      "type": "trend",
      "contains": "time",
      "values": {
        "p(95)": 2.3651002,
        "p(99)": 6.762313470000007,
        "p(99.99)": 18.756582081799817,
        "p(50)": 1.6769895,
        "min": 0.891473,
        "med": 1.6769895,
        "max": 19.017374,
        "p(90)": 2.0915659,
        "count": 10000,
        "avg": 1.7869666850000017
      }
    },
    "response_time": {
      "type": "trend",
      "contains": "default",
      "values": {
        "avg": 1.7869666850000017,
        "p(90)": 2.0915659,
        "p(95)": 2.3651002,
        "p(99)": 6.762313470000007,
        "count": 10000,
        "min": 0.891473,
        "med": 1.6769895,
        "max": 19.017374,
        "p(50)": 1.6769895,
        "p(99.99)": 18.756582081799817
      }
    },
    "vus": {
      "type": "gauge",
      "contains": "default",
      "values": {
        "value": 1,
        "min": 1,
        "max": 1
      }
    },
    "http_req_duration": {
      "type": "trend",
      "contains": "time",
      "values": {
        "med": 1.6769895,
        "p(90)": 2.0915659,
        "avg": 1.7869666850000017,
        "max": 19.017374,
        "p(50)": 1.6769895,
        "p(95)": 2.3651002,
        "p(99)": 6.762313470000007,
        "p(99.99)": 18.756582081799817,
        "count": 10000,
        "min": 0.891473
      }
    },
    "http_req_sending": {
      "contains": "time",
      "values": {
        "min": 0.005586,
        "med": 0.017457,
        "max": 0.458742,
        "p(50)": 0.017457,
        "p(99.99)": 0.3734245325999397,
        "avg": 0.018774936300000003,
        "p(90)": 0.023012300000000003,
        "p(95)": 0.027077,
        "p(99)": 0.05865523,
        "count": 10000
      },
      "type": "trend"
    },
    "http_req_tls_handshaking": {
      "type": "trend",
      "contains": "time",
      "values": {
        "avg": 0,
        "min": 0,
        "p(99)": 0,
        "count": 10000,
        "p(99.99)": 0,
        "med": 0,
        "max": 0,
        "p(50)": 0,
        "p(90)": 0,
        "p(95)": 0
      }
    },
    "vus_max": {
      "type": "gauge",
      "contains": "default",
      "values": {
        "value": 1,
        "min": 1,
        "max": 1
      }
    },
    "http_req_connecting": {
      "type": "trend",
      "contains": "time",
      "values": {
        "min": 0,
        "p(50)": 0,
        "p(90)": 0,
        "p(95)": 0,
        "p(99.99)": 0.295593250399977,
        "avg": 0.0016402609000000002,
        "max": 0.328094,
        "p(99)": 0.0011630900000253878,
        "count": 10000,
        "med": 0
      }
    },
    "http_req_waiting": {
      "type": "trend",
      "contains": "time",
      "values": {
        "count": 10000,
        "avg": 1.6950319565999983,
        "min": 0.82242,
        "med": 1.5900050000000001,
        "max": 18.873557,
        "p(90)": 1.9761846,
        "p(99)": 6.615909750000005,
        "p(99.99)": 18.5854198165998,
        "p(50)": 1.5900050000000001,
        "p(95)": 2.20392055
      }
    },
    "http_req_receiving": {
      "contains": "time",
      "values": {
        "med": 0.062458,
        "max": 1.825424,
        "p(50)": 0.062458,
        "p(95)": 0.11444484999999978,
        "p(99.99)": 1.7593216108999532,
        "count": 10000,
        "avg": 0.0731597921000002,
        "min": 0.022537,
        "p(90)": 0.08962730000000001,
        "p(99)": 0.31966636
      },
      "type": "trend"
    },
    "reponse_size_body": {
      "type": "trend",
      "contains": "default",
      "values": {
        "p(90)": 609,
        "p(95)": 609,
        "p(99)": 609,
        "p(99.99)": 609,
        "count": 10000,
        "avg": 609,
        "min": 609,
        "med": 609,
        "max": 609,
        "p(50)": 609
      }
    },
    "iterations": {
      "type": "counter",
      "contains": "default",
      "values": {
        "count": 10000,
        "rate": 499.24143753264565
      }
    },
    "data_received": {
      "values": {
        "count": 11547100,
        "rate": 576479.0803333212
      },
      "type": "counter",
      "contains": "data"
    },
    "http_reqs": {
      "type": "counter",
      "contains": "default",
      "values": {
        "count": 10000,
        "rate": 499.24143753264565
      }
    },
    "checks": {
      "type": "rate",
      "contains": "default",
      "values": {
        "rate": 1,
        "passes": 10000,
        "fails": 0
      }
    },
    "data_sent": {
      "values": {
        "count": 4090000,
        "rate": 204189.74795085206
      },
      "type": "counter",
      "contains": "data"
    },
    "iteration_duration": {
      "type": "trend",
      "contains": "time",
      "values": {
        "avg": 1.9868600966000056,
        "p(50)": 1.8735745000000001,
        "p(90)": 2.3157112,
        "p(99)": 7.196022410000012,
        "p(99.99)": 19.203818414099835,
        "min": 0.994169,
        "med": 1.8735745000000001,
        "max": 19.437936,
        "p(95)": 2.611994549999999,
        "count": 10000
      }
    },
    "response_size": {
      "contains": "default",
      "values": {
        "avg": 1110.48,
        "min": 1059,
        "p(90)": 1111,
        "p(95)": 1111,
        "p(99.99)": 1111,
        "med": 1111,
        "max": 1111,
        "p(50)": 1111,
        "p(99)": 1111,
        "count": 10000
      },
      "type": "trend"
    },
    "http_req_blocked": {
      "type": "trend",
      "contains": "time",
      "values": {
        "min": 0.001439,
        "med": 0.00463,
        "p(90)": 0.006263,
        "p(95)": 0.007346,
        "p(99.99)": 0.3731712695999627,
        "avg": 0.0075302894000000105,
        "max": 0.425862,
        "p(50)": 0.00463,
        "p(99)": 0.1845027000000015,
        "count": 10000
      }
    },
    "http_req_failed": {
      "type": "rate",
      "contains": "default",
      "values": {
        "rate": 0,
        "passes": 0,
        "fails": 10000
      }
    }
  },
  "root_group": {
    "name": "",
    "path": "",
    "id": "d41d8cd98f00b204e9800998ecf8427e",
    "groups": [],
    "checks": [
        {
          "path": "::is status 200",
          "id": "548d37ca5f33793206f7832e7cea54fb",
          "passes": 10000,
          "fails": 0,
          "name": "is status 200"
        }
      ]
  },
  "options": {
    "summaryTrendStats": [
      "avg",
      "min",
      "med",
      "max",
      "p(50)",
      "p(90)",
      "p(95)",
      "p(99)",
      "p(99.99)",
      "count"
    ],
    "summaryTimeUnit": "ms",
    "noColor": false
  }
}