{
  "root_group": {
    "groups": [],
    "checks": [
        {
          "id": "548d37ca5f33793206f7832e7cea54fb",
          "passes": 1000,
          "fails": 0,
          "name": "is status 200",
          "path": "::is status 200"
        }
      ],
    "name": "",
    "path": "",
    "id": "d41d8cd98f00b204e9800998ecf8427e"
  },
  "options": {
    "summaryTrendStats": [
      "avg",
      "min",
      "med",
      "max",
      "p(50)",
      "p(90)",
      "p(95)",
      "p(99)",
      "p(99.99)",
      "count"
    ],
    "summaryTimeUnit": "ms",
    "noColor": false
  },
  "state": {
    "isStdOutTTY": false,
    "isStdErrTTY": false,
    "testRunDurationMs": 3885.519131
  },
  "metrics": {
    "vus": {
      "type": "gauge",
      "contains": "default",
      "values": {
        "max": 1,
        "value": 1,
        "min": 1
      }
    },
    "http_req_duration": {
      "values": {
        "p(90)": 3.8002510000000003,
        "med": 2.972915,
        "max": 53.917732,
        "p(50)": 2.972915,
        "p(99)": 35.871068299999926,
        "p(99.99)": 53.82812899269996,
        "count": 1000,
        "avg": 3.6211896090000018,
        "min": 1.615998,
        "p(95)": 4.259195899999998
      },
      "type": "trend",
      "contains": "time"
    },
    "http_req_duration{expected_response:true}": {
      "type": "trend",
      "contains": "time",
      "values": {
        "p(95)": 4.259195899999998,
        "count": 1000,
        "p(99.99)": 53.82812899269996,
        "avg": 3.6211896090000018,
        "min": 1.615998,
        "med": 2.972915,
        "max": 53.917732,
        "p(50)": 2.972915,
        "p(90)": 3.8002510000000003,
        "p(99)": 35.871068299999926
      }
    },
    "http_req_sending": {
      "type": "trend",
      "contains": "time",
      "values": {
        "p(99.99)": 0.19292250289999455,
        "p(50)": 0.0227585,
        "p(95)": 0.03435449999999999,
        "med": 0.0227585,
        "max": 0.204314,
        "p(90)": 0.0304046,
        "p(99)": 0.05528478999999997,
        "count": 1000,
        "avg": 0.023792818000000018,
        "min": 0.009229
      }
    },
    "vus_max": {
      "values": {
        "value": 1,
        "min": 1,
        "max": 1
      },
      "type": "gauge",
      "contains": "default"
    },
    "http_reqs": {
      "type": "counter",
      "contains": "default",
      "values": {
        "count": 1000,
        "rate": 257.36586702704875
      }
    },
    "http_req_failed": {
      "type": "rate",
      "contains": "default",
      "values": {
        "rate": 0,
        "passes": 0,
        "fails": 1000
      }
    },
    "response_size": {
      "type": "trend",
      "contains": "default",
      "values": {
        "p(99.99)": 531,
        "avg": 531,
        "med": 531,
        "p(50)": 531,
        "p(99)": 531,
        "count": 1000,
        "min": 531,
        "max": 531,
        "p(90)": 531,
        "p(95)": 531
      }
    },
    "reponse_size_body": {
      "contains": "default",
      "values": {
        "min": 150,
        "med": 150,
        "p(50)": 150,
        "p(95)": 150,
        "count": 1000,
        "avg": 150,
        "max": 150,
        "p(90)": 150,
        "p(99)": 150,
        "p(99.99)": 150
      },
      "type": "trend"
    },
    "data_sent": {
      "type": "counter",
      "contains": "data",
      "values": {
        "count": 372000,
        "rate": 95740.10253406213
      }
    },
    "response_time": {
      "values": {
        "count": 1000,
        "avg": 3.6211896090000018,
        "p(50)": 2.972915,
        "max": 53.917732,
        "p(90)": 3.8002510000000003,
        "p(95)": 4.259195899999998,
        "p(99)": 35.871068299999926,
        "p(99.99)": 53.82812899269996,
        "min": 1.615998,
        "med": 2.972915
      },
      "type": "trend",
      "contains": "default"
    },
    "data_received": {
      "type": "counter",
      "contains": "data",
      "values": {
        "count": 602877,
        "rate": 155159.96181566606
      }
    },
    "iteration_duration": {
      "type": "trend",
      "contains": "time",
      "values": {
        "p(90)": 4.0841368000000005,
        "p(99)": 36.31689406999993,
        "count": 1000,
        "p(50)": 3.214727,
        "p(95)": 4.5755640500000005,
        "p(99.99)": 54.177312162699955,
        "avg": 3.864418776000001,
        "min": 1.747853,
        "med": 3.214727,
        "max": 54.269083
      }
    },
    "http_req_blocked": {
      "contains": "time",
      "values": {
        "min": 0.002671,
        "max": 0.466506,
        "p(90)": 0.008677500000000001,
        "p(99)": 0.01933719,
        "p(99.99)": 0.4250584889999801,
        "avg": 0.006887703000000005,
        "med": 0.005967,
        "p(50)": 0.005967,
        "p(95)": 0.009876199999999998,
        "count": 1000
      },
      "type": "trend"
    },
    "http_req_waiting": {
      "type": "trend",
      "contains": "time",
      "values": {
        "min": 1.561721,
        "med": 2.8048085,
        "p(50)": 2.8048085,
        "p(90)": 3.5598683,
        "p(95)": 4.083704699999998,
        "p(99)": 29.51136399999995,
        "p(99.99)": 53.42446579079997,
        "count": 1000,
        "avg": 3.4170601389999993,
        "max": 53.487993
      }
    },
    "checks": {
      "values": {
        "rate": 1,
        "passes": 1000,
        "fails": 0
      },
      "type": "rate",
      "contains": "default"
    },
    "iterations": {
      "type": "counter",
      "contains": "default",
      "values": {
        "count": 1000,
        "rate": 257.36586702704875
      }
    },
    "http_req_receiving": {
      "type": "trend",
      "contains": "time",
      "values": {
        "med": 0.10251350000000001,
        "max": 42.191458,
        "p(90)": 0.2555413,
        "p(99.99)": 38.08013763579803,
        "count": 1000,
        "avg": 0.180336652,
        "min": 0.038308,
        "p(50)": 0.10251350000000001,
        "p(95)": 0.30397975,
        "p(99)": 0.41865917
      }
    },
    "http_req_connecting": {
      "values": {
        "p(90)": 0,
        "p(99.99)": 0.2550325337999864,
        "min": 0,
        "med": 0,
        "max": 0.283338,
        "p(99)": 0,
        "count": 1000,
        "avg": 0.000283338,
        "p(50)": 0,
        "p(95)": 0
      },
      "type": "trend",
      "contains": "time"
    },
    "http_req_tls_handshaking": {
      "type": "trend",
      "contains": "time",
      "values": {
        "p(50)": 0,
        "p(95)": 0,
        "p(99)": 0,
        "count": 1000,
        "avg": 0,
        "med": 0,
        "max": 0,
        "p(90)": 0,
        "p(99.99)": 0,
        "min": 0
      }
    }
  }
}