{
  "metrics": {
    "http_req_waiting": {
      "type": "trend",
      "contains": "time",
      "values": {
        "p(95)": 4.1577503,
        "count": 10000,
        "avg": 3.227902246799999,
        "med": 3.18757,
        "max": 15.489513,
        "p(90)": 3.8238644,
        "min": 1.701771,
        "p(50)": 3.18757,
        "p(99)": 5.585023440000002,
        "p(99.99)": 13.490878883398587
      }
    },
    "http_req_duration{expected_response:true}": {
      "type": "trend",
      "contains": "time",
      "values": {
        "min": 1.774428,
        "med": 3.369141,
        "max": 15.704825,
        "p(90)": 4.0393496,
        "p(95)": 4.37944335,
        "p(99)": 5.771907490000002,
        "p(99.99)": 13.624003102998527,
        "count": 10000,
        "avg": 3.408864806800016,
        "p(50)": 3.369141
      }
    },
    "http_req_sending": {
      "type": "trend",
      "contains": "time",
      "values": {
        "p(99)": 0.05254058000000004,
        "avg": 0.024848687399999944,
        "med": 0.023901,
        "max": 0.336286,
        "p(50)": 0.023901,
        "p(90)": 0.0317011,
        "p(95)": 0.03427015,
        "min": 0.009074,
        "p(99.99)": 0.2795756715999599,
        "count": 10000
      }
    },
    "iterations": {
      "type": "counter",
      "contains": "default",
      "values": {
        "count": 10000,
        "rate": 271.92912917206917
      }
    },
    "http_reqs": {
      "type": "counter",
      "contains": "default",
      "values": {
        "count": 10000,
        "rate": 271.92912917206917
      }
    },
    "response_size": {
      "type": "trend",
      "contains": "default",
      "values": {
        "p(99.99)": 7526,
        "count": 10000,
        "min": 7526,
        "med": 7526,
        "p(50)": 7526,
        "p(90)": 7526,
        "p(95)": 7526,
        "avg": 7526,
        "max": 7526,
        "p(99)": 7526
      }
    },
    "checks": {
      "type": "rate",
      "contains": "default",
      "values": {
        "rate": 1,
        "passes": 10000,
        "fails": 0
      }
    },
    "http_req_duration": {
      "values": {
        "max": 15.704825,
        "p(50)": 3.369141,
        "p(90)": 4.0393496,
        "p(95)": 4.37944335,
        "p(99)": 5.771907490000002,
        "avg": 3.408864806800016,
        "min": 1.774428,
        "med": 3.369141,
        "p(99.99)": 13.624003102998527,
        "count": 10000
      },
      "type": "trend",
      "contains": "time"
    },
    "http_req_blocked": {
      "contains": "time",
      "values": {
        "p(90)": 0.0084851,
        "med": 0.006089,
        "max": 0.387534,
        "p(50)": 0.006089,
        "p(99)": 0.01848914,
        "p(99.99)": 0.3448472690999698,
        "count": 10000,
        "avg": 0.0067048715999999745,
        "min": 0.002357,
        "p(95)": 0.009255049999999999
      },
      "type": "trend"
    },
    "http_req_tls_handshaking": {
      "type": "trend",
      "contains": "time",
      "values": {
        "avg": 0,
        "min": 0,
        "p(99)": 0,
        "p(99.99)": 0,
        "count": 10000,
        "med": 0,
        "max": 0,
        "p(50)": 0,
        "p(90)": 0,
        "p(95)": 0
      }
    },
    "vus_max": {
      "type": "gauge",
      "contains": "default",
      "values": {
        "value": 1,
        "min": 1,
        "max": 1
      }
    },
    "data_received": {
      "type": "counter",
      "contains": "data",
      "values": {
        "count": 76002094,
        "rate": 2066718.3236673742
      }
    },
    "iteration_duration": {
      "type": "trend",
      "contains": "time",
      "values": {
        "avg": 3.656235559400006,
        "min": 1.914529,
        "med": 3.619918,
        "p(50)": 3.619918,
        "count": 10000,
        "max": 16.134287,
        "p(90)": 4.3215387000000005,
        "p(95)": 4.660477599999998,
        "p(99)": 6.0401705,
        "p(99.99)": 13.859540497398392
      }
    },
    "vus": {
      "type": "gauge",
      "contains": "default",
      "values": {
        "value": 1,
        "min": 1,
        "max": 1
      }
    },
    "http_req_connecting": {
      "contains": "time",
      "values": {
        "min": 0,
        "med": 0,
        "p(50)": 0,
        "p(95)": 0,
        "avg": 0.0000255066,
        "max": 0.255066,
        "p(90)": 0,
        "p(99)": 0,
        "p(99.99)": 0.00002550659981961144,
        "count": 10000
      },
      "type": "trend"
    },
    "reponse_size_body": {
      "values": {
        "p(99.99)": 7145,
        "count": 10000,
        "avg": 7145,
        "min": 7145,
        "med": 7145,
        "p(99)": 7145,
        "max": 7145,
        "p(50)": 7145,
        "p(90)": 7145,
        "p(95)": 7145
      },
      "type": "trend",
      "contains": "default"
    },
    "http_req_receiving": {
      "type": "trend",
      "contains": "time",
      "values": {
        "min": 0.049964,
        "max": 3.562313,
        "p(95)": 0.31495779999999995,
        "p(99)": 0.44006782000000083,
        "p(99.99)": 3.132417993799696,
        "count": 10000,
        "avg": 0.15611387259999943,
        "med": 0.1283155,
        "p(50)": 0.1283155,
        "p(90)": 0.2576256
      }
    },
    "http_req_failed": {
      "type": "rate",
      "contains": "default",
      "values": {
        "rate": 0,
        "passes": 0,
        "fails": 10000
      }
    },
    "response_time": {
      "contains": "default",
      "values": {
        "p(50)": 3.369141,
        "p(99.99)": 13.624003102998527,
        "count": 10000,
        "avg": 3.408864806800016,
        "min": 1.774428,
        "max": 15.704825,
        "p(99)": 5.771907490000002,
        "med": 3.369141,
        "p(90)": 4.0393496,
        "p(95)": 4.37944335
      },
      "type": "trend"
    },
    "data_sent": {
      "type": "counter",
      "contains": "data",
      "values": {
        "count": 4030000,
        "rate": 109587.43905634388
      }
    }
  },
  "root_group": {
    "name": "",
    "path": "",
    "id": "d41d8cd98f00b204e9800998ecf8427e",
    "groups": [],
    "checks": [
        {
          "fails": 0,
          "name": "is status 200",
          "path": "::is status 200",
          "id": "548d37ca5f33793206f7832e7cea54fb",
          "passes": 10000
        }
      ]
  },
  "options": {
    "noColor": false,
    "summaryTrendStats": [
      "avg",
      "min",
      "med",
      "max",
      "p(50)",
      "p(90)",
      "p(95)",
      "p(99)",
      "p(99.99)",
      "count"
    ],
    "summaryTimeUnit": "ms"
  },
  "state": {
    "isStdOutTTY": false,
    "isStdErrTTY": false,
    "testRunDurationMs": 36774.287589
  }
}