{
  "root_group": {
    "name": "",
    "path": "",
    "id": "d41d8cd98f00b204e9800998ecf8427e",
    "groups": [],
    "checks": [
        {
          "name": "status is 200",
          "path": "::status is 200",
          "id": "6210a8cd14cd70477eba5c5e4cb3fb5f",
          "passes": 1000,
          "fails": 0
        }
      ]
  },
  "options": {
    "summaryTrendStats": [
      "avg",
      "min",
      "med",
      "max",
      "p(50)",
      "p(90)",
      "p(95)",
      "p(99)",
      "p(99.99)",
      "count"
    ],
    "summaryTimeUnit": "ms",
    "noColor": false
  },
  "state": {
    "isStdOutTTY": false,
    "isStdErrTTY": false,
    "testRunDurationMs": 88673.029301
  },
  "metrics": {
    "iterations": {
      "values": {
        "count": 1000,
        "rate": 11.277386234381446
      },
      "type": "counter",
      "contains": "default"
    },
    "response_time": {
      "type": "trend",
      "contains": "default",
      "values": {
        "p(90)": 95.0035788,
        "count": 1000,
        "min": 59.333973,
        "med": 89.45607100000001,
        "p(50)": 89.45607100000001,
        "p(99)": 118.62358612999999,
        "p(99.99)": 275.8215035476965,
        "avg": 87.99586873399997,
        "max": 283.160405,
        "p(95)": 97.75601214999999
      }
    },
    "http_req_duration": {
      "type": "trend",
      "contains": "time",
      "values": {
        "med": 89.45607100000001,
        "p(50)": 89.45607100000001,
        "p(95)": 97.75601214999999,
        "p(99)": 118.62358612999999,
        "min": 59.333973,
        "max": 283.160405,
        "p(90)": 95.0035788,
        "p(99.99)": 275.8215035476965,
        "count": 1000,
        "avg": 87.99586873399997
      }
    },
    "vus_max": {
      "contains": "default",
      "values": {
        "value": 1,
        "min": 1,
        "max": 1
      },
      "type": "gauge"
    },
    "http_req_duration{expected_response:true}": {
      "contains": "time",
      "values": {
        "p(99.99)": 275.8215035476965,
        "p(50)": 89.45607100000001,
        "p(90)": 95.0035788,
        "p(95)": 97.75601214999999,
        "p(99)": 118.62358612999999,
        "count": 1000,
        "avg": 87.99586873399997,
        "min": 59.333973,
        "med": 89.45607100000001,
        "max": 283.160405
      },
      "type": "trend"
    },
    "checks": {
      "type": "rate",
      "contains": "default",
      "values": {
        "rate": 1,
        "passes": 1000,
        "fails": 0
      }
    },
    "http_req_failed": {
      "type": "rate",
      "contains": "default",
      "values": {
        "passes": 0,
        "fails": 1000,
        "rate": 0
      }
    },
    "iteration_duration": {
      "values": {
        "p(50)": 90.17572100000001,
        "p(95)": 98.46170235,
        "p(99.99)": 276.3289933811965,
        "med": 90.17572100000001,
        "min": 59.77141,
        "max": 283.682214,
        "p(90)": 95.7274686,
        "p(99)": 119.15335506,
        "count": 1000,
        "avg": 88.64631761799994
      },
      "type": "trend",
      "contains": "time"
    },
    "vus": {
      "type": "gauge",
      "contains": "default",
      "values": {
        "value": 1,
        "min": 1,
        "max": 1
      }
    },
    "http_reqs": {
      "type": "counter",
      "contains": "default",
      "values": {
        "count": 1000,
        "rate": 11.277386234381446
      }
    },
    "http_req_sending": {
      "values": {
        "p(99)": 0.15250730999999995,
        "count": 1000,
        "min": 0.013013,
        "med": 0.0215575,
        "p(50)": 0.0215575,
        "p(95)": 0.05698899999999981,
        "p(99.99)": 0.40032549299999787,
        "avg": 0.028455089999999995,
        "max": 0.404814,
        "p(90)": 0.0353541
      },
      "type": "trend",
      "contains": "time"
    },
    "http_req_waiting": {
      "type": "trend",
      "contains": "time",
      "values": {
        "med": 89.301545,
        "max": 282.891812,
        "p(50)": 89.301545,
        "p(90)": 94.87018529999999,
        "p(99)": 118.4938488,
        "avg": 87.83967955000001,
        "min": 59.229712,
        "p(95)": 97.6370432,
        "p(99.99)": 275.5701711697965,
        "count": 1000
      }
    },
    "http_req_tls_handshaking": {
      "type": "trend",
      "contains": "time",
      "values": {
        "count": 1000,
        "avg": 0,
        "min": 0,
        "med": 0,
        "p(50)": 0,
        "p(90)": 0,
        "p(99)": 0,
        "max": 0,
        "p(95)": 0,
        "p(99.99)": 0
      }
    },
    "data_sent": {
      "type": "counter",
      "contains": "data",
      "values": {
        "count": 485000,
        "rate": 5469.532323675001
      }
    },
    "http_req_blocked": {
      "type": "trend",
      "contains": "time",
      "values": {
        "avg": 0.0060485190000000005,
        "min": 0.002242,
        "med": 0.004353,
        "p(50)": 0.004353,
        "p(95)": 0.008950899999999977,
        "max": 0.441009,
        "p(90)": 0.006517500000000001,
        "p(99)": 0.028380839999999994,
        "p(99.99)": 0.4129810559999866,
        "count": 1000
      }
    },
    "http_req_connecting": {
      "type": "trend",
      "contains": "time",
      "values": {
        "p(50)": 0,
        "max": 0.27483,
        "p(90)": 0,
        "p(95)": 0,
        "p(99)": 0,
        "p(99.99)": 0.24737448299998688,
        "avg": 0.00027483,
        "min": 0,
        "med": 0,
        "count": 1000
      }
    },
    "http_req_receiving": {
      "type": "trend",
      "contains": "time",
      "values": {
        "max": 9.325479,
        "p(50)": 0.102981,
        "p(90)": 0.1433354,
        "p(95)": 0.20690114999999998,
        "p(99)": 0.31192236999999995,
        "avg": 0.1277340940000001,
        "min": 0.044853,
        "med": 0.102981,
        "p(99.99)": 8.96875358249983,
        "count": 1000
      }
    },
    "data_received": {
      "values": {
        "count": 683616,
        "rate": 7709.401668002906
      },
      "type": "counter",
      "contains": "data"
    },
    "reponse_size": {
      "type": "trend",
      "contains": "default",
      "values": {
        "avg": 97,
        "min": 97,
        "p(99)": 97,
        "med": 97,
        "max": 97,
        "p(50)": 97,
        "p(90)": 97,
        "p(95)": 97,
        "p(99.99)": 97,
        "count": 1000
      }
    }
  }
}