{
  "options": {
    "summaryTrendStats": [
      "avg",
      "min",
      "med",
      "max",
      "p(50)",
      "p(90)",
      "p(95)",
      "p(99)",
      "p(99.99)",
      "count"
    ],
    "summaryTimeUnit": "ms",
    "noColor": false
  },
  "state": {
    "testRunDurationMs": 89680.164744,
    "isStdOutTTY": false,
    "isStdErrTTY": false
  },
  "metrics": {
    "vus": {
      "type": "gauge",
      "contains": "default",
      "values": {
        "max": 1,
        "value": 1,
        "min": 1
      }
    },
    "http_req_waiting": {
      "contains": "time",
      "values": {
        "max": 263.031396,
        "p(50)": 89.4295355,
        "p(95)": 99.0893434,
        "p(99.99)": 262.5196692389997,
        "count": 1000,
        "med": 89.4295355,
        "min": 61.403205,
        "p(90)": 95.3684952,
        "p(99)": 182.25580327999998,
        "avg": 88.79111971600001
      },
      "type": "trend"
    },
    "http_req_connecting": {
      "type": "trend",
      "contains": "time",
      "values": {
        "min": 0,
        "med": 0,
        "p(90)": 0,
        "avg": 0.000230583,
        "max": 0.230583,
        "p(50)": 0,
        "p(95)": 0,
        "p(99)": 0,
        "p(99.99)": 0.20754775829998898,
        "count": 1000
      }
    },
    "data_received": {
      "type": "counter",
      "contains": "data",
      "values": {
        "count": 683581,
        "rate": 7622.432473795546
      }
    },
    "http_reqs": {
      "type": "counter",
      "contains": "default",
      "values": {
        "count": 1000,
        "rate": 11.150737767427044
      }
    },
    "http_req_duration{expected_response:true}": {
      "type": "trend",
      "contains": "time",
      "values": {
        "avg": 89.01633475200019,
        "p(90)": 95.5051283,
        "p(99.99)": 262.60838075259977,
        "p(50)": 89.5988505,
        "p(95)": 99.20360394999999,
        "p(99)": 182.39593061,
        "count": 1000,
        "min": 61.549131,
        "med": 89.5988505,
        "max": 263.12122
      }
    },
    "checks": {
      "type": "rate",
      "contains": "default",
      "values": {
        "rate": 1,
        "passes": 1000,
        "fails": 0
      }
    },
    "iteration_duration": {
      "values": {
        "max": 263.636234,
        "p(50)": 90.28143,
        "p(90)": 96.04685029999999,
        "p(99.99)": 263.12213341519976,
        "avg": 89.65483438700011,
        "min": 62.146173,
        "p(99)": 183.08182017,
        "count": 1000,
        "med": 90.28143,
        "p(95)": 99.89107659999999
      },
      "type": "trend",
      "contains": "time"
    },
    "data_sent": {
      "type": "counter",
      "contains": "data",
      "values": {
        "rate": 5408.107817202116,
        "count": 485000
      }
    },
    "reponse_size": {
      "values": {
        "med": 97,
        "max": 97,
        "avg": 97,
        "min": 97,
        "p(50)": 97,
        "p(90)": 97,
        "p(95)": 97,
        "p(99)": 97,
        "p(99.99)": 97,
        "count": 1000
      },
      "type": "trend",
      "contains": "default"
    },
    "http_req_sending": {
      "type": "trend",
      "contains": "time",
      "values": {
        "p(99)": 0.1450716599999999,
        "count": 1000,
        "min": 0.012508,
        "p(50)": 0.021809000000000002,
        "max": 1.177673,
        "p(90)": 0.0348148,
        "p(95)": 0.055563949999999925,
        "p(99.99)": 1.0997482027999625,
        "avg": 0.029585053000000017,
        "med": 0.021809000000000002
      }
    },
    "vus_max": {
      "type": "gauge",
      "contains": "default",
      "values": {
        "value": 1,
        "min": 1,
        "max": 1
      }
    },
    "http_req_tls_handshaking": {
      "type": "trend",
      "contains": "time",
      "values": {
        "p(99)": 0,
        "med": 0,
        "max": 0,
        "p(50)": 0,
        "p(90)": 0,
        "count": 1000,
        "avg": 0,
        "min": 0,
        "p(95)": 0,
        "p(99.99)": 0
      }
    },
    "response_time": {
      "contains": "default",
      "values": {
        "min": 61.549131,
        "med": 89.5988505,
        "max": 263.12122,
        "p(99)": 182.39593061,
        "count": 1000,
        "avg": 89.01633475200019,
        "p(50)": 89.5988505,
        "p(90)": 95.5051283,
        "p(95)": 99.20360394999999,
        "p(99.99)": 262.60838075259977
      },
      "type": "trend"
    },
    "http_req_failed": {
      "values": {
        "passes": 0,
        "fails": 1000,
        "rate": 0
      },
      "type": "rate",
      "contains": "default"
    },
    "http_req_duration": {
      "type": "trend",
      "contains": "time",
      "values": {
        "min": 61.549131,
        "p(90)": 95.5051283,
        "p(95)": 99.20360394999999,
        "p(99)": 182.39593061,
        "p(99.99)": 262.60838075259977,
        "avg": 89.01633475200019,
        "med": 89.5988505,
        "max": 263.12122,
        "p(50)": 89.5988505,
        "count": 1000
      }
    },
    "http_req_receiving": {
      "contains": "time",
      "values": {
        "avg": 0.19562998300000012,
        "min": 0.047421,
        "med": 0.0994715,
        "max": 24.849473,
        "p(50)": 0.0994715,
        "p(95)": 0.19829309999999986,
        "p(99.99)": 24.733798590199946,
        "p(90)": 0.14104640000000002,
        "p(99)": 0.4623691999999998,
        "count": 1000
      },
      "type": "trend"
    },
    "iterations": {
      "values": {
        "count": 1000,
        "rate": 11.150737767427044
      },
      "type": "counter",
      "contains": "default"
    },
    "http_req_blocked": {
      "values": {
        "count": 1000,
        "avg": 0.006974844000000007,
        "p(50)": 0.0043820000000000005,
        "p(99.99)": 1.1232121933999577,
        "p(90)": 0.006518800000000001,
        "p(95)": 0.0091959,
        "p(99)": 0.026316879999999997,
        "min": 0.002416,
        "med": 0.0043820000000000005,
        "max": 1.211717
      },
      "type": "trend",
      "contains": "time"
    }
  },
  "root_group": {
    "id": "d41d8cd98f00b204e9800998ecf8427e",
    "groups": [],
    "checks": [
        {
          "passes": 1000,
          "fails": 0,
          "name": "status is 200",
          "path": "::status is 200",
          "id": "6210a8cd14cd70477eba5c5e4cb3fb5f"
        }
      ],
    "name": "",
    "path": ""
  }
}