{
  "root_group": {
    "checks": [
      {
        "path": "::is status 200",
        "id": "548d37ca5f33793206f7832e7cea54fb",
        "passes": 10000,
        "fails": 0,
        "name": "is status 200"
      }
    ],
    "name": "",
    "path": "",
    "id": "d41d8cd98f00b204e9800998ecf8427e",
    "groups": []
  },
  "options": {
    "summaryTrendStats": [
      "avg",
      "min",
      "med",
      "max",
      "p(50)",
      "p(90)",
      "p(95)",
      "p(99)",
      "p(99.99)",
      "count"
    ],
    "summaryTimeUnit": "ms",
    "noColor": false
  },
  "state": {
    "isStdOutTTY": false,
    "isStdErrTTY": false,
    "testRunDurationMs": 39619.638648
  },
  "metrics": {
    "http_req_connecting": {
      "values": {
        "avg": 0.000025532500000000003,
        "med": 0,
        "max": 0.255325,
        "p(50)": 0,
        "p(95)": 0,
        "min": 0,
        "p(90)": 0,
        "p(99)": 0,
        "p(99.99)": 0.00002553249981942827,
        "count": 10000
      },
      "type": "trend",
      "contains": "time"
    },
    "data_received": {
      "type": "counter",
      "contains": "data",
      "values": {
        "count": 640937907,
        "rate": 16177277.957893606
      }
    },
    "http_req_tls_handshaking": {
      "contains": "time",
      "values": {
        "avg": 0,
        "min": 0,
        "p(95)": 0,
        "p(99)": 0,
        "med": 0,
        "max": 0,
        "p(50)": 0,
        "p(90)": 0,
        "p(99.99)": 0,
        "count": 10000
      },
      "type": "trend"
    },
    "http_reqs": {
      "type": "counter",
      "contains": "default",
      "values": {
        "count": 10000,
        "rate": 252.4000809004047
      }
    },
    "iteration_duration": {
      "type": "trend",
      "contains": "time",
      "values": {
        "max": 50.31899,
        "p(99)": 6.27023244,
        "p(99.99)": 46.367262212297206,
        "count": 10000,
        "p(95)": 5.170279349999999,
        "avg": 3.9403471190000086,
        "min": 2.641482,
        "med": 3.788921,
        "p(50)": 3.788921,
        "p(90)": 4.7695485
      }
    },
    "http_req_duration": {
      "type": "trend",
      "contains": "time",
      "values": {
        "min": 2.368787,
        "p(90)": 4.4215175,
        "p(99.99)": 46.0480930785972,
        "count": 10000,
        "avg": 3.629381636399985,
        "med": 3.48252,
        "max": 50.008483,
        "p(50)": 3.48252,
        "p(95)": 4.816561199999997,
        "p(99)": 5.91343263
      }
    },
    "http_req_failed": {
      "values": {
        "rate": 0,
        "passes": 0,
        "fails": 10000
      },
      "type": "rate",
      "contains": "default"
    },
    "reponse_size_body": {
      "type": "trend",
      "contains": "default",
      "values": {
        "avg": 63563,
        "med": 63563,
        "p(50)": 63563,
        "p(95)": 63563,
        "p(99)": 63563,
        "p(99.99)": 63563,
        "count": 10000,
        "min": 63563,
        "max": 63563,
        "p(90)": 63563
      }
    },
    "checks": {
      "type": "rate",
      "contains": "default",
      "values": {
        "rate": 1,
        "passes": 10000,
        "fails": 0
      }
    },
    "http_req_duration{expected_response:true}": {
      "type": "trend",
      "contains": "time",
      "values": {
        "p(99)": 5.91343263,
        "p(99.99)": 46.0480930785972,
        "min": 2.368787,
        "p(50)": 3.48252,
        "p(95)": 4.816561199999997,
        "p(90)": 4.4215175,
        "count": 10000,
        "avg": 3.629381636399985,
        "med": 3.48252,
        "max": 50.008483
      }
    },
    "response_time": {
      "type": "trend",
      "contains": "default",
      "values": {
        "avg": 3.629381636399985,
        "min": 2.368787,
        "p(95)": 4.816561199999997,
        "p(99)": 5.91343263,
        "p(99.99)": 46.0480930785972,
        "count": 10000,
        "med": 3.48252,
        "max": 50.008483,
        "p(50)": 3.48252,
        "p(90)": 4.4215175
      }
    },
    "response_size": {
      "type": "trend",
      "contains": "default",
      "values": {
        "min": 63944,
        "p(50)": 63944,
        "p(90)": 63944,
        "p(99.99)": 63944,
        "avg": 63944,
        "med": 63944,
        "max": 63944,
        "p(95)": 63944,
        "p(99)": 63944,
        "count": 10000
      }
    },
    "http_req_sending": {
      "type": "trend",
      "contains": "time",
      "values": {
        "p(90)": 0.0315502,
        "p(99)": 0.06254435000000005,
        "p(99.99)": 0.3521520312999715,
        "count": 10000,
        "min": 0.00825,
        "max": 0.392461,
        "p(50)": 0.023298,
        "avg": 0.02510731479999985,
        "med": 0.023298,
        "p(95)": 0.03520664999999998
      }
    },
    "http_req_receiving": {
      "type": "trend",
      "contains": "time",
      "values": {
        "count": 10000,
        "med": 0.501029,
        "max": 25.481005,
        "p(50)": 0.501029,
        "p(99.99)": 13.015024722691184,
        "p(99)": 1.873249100000002,
        "avg": 0.5573824821000025,
        "min": 0.097711,
        "p(90)": 0.8083364000000001,
        "p(95)": 0.9309023499999999
      }
    },
    "vus_max": {
      "type": "gauge",
      "contains": "default",
      "values": {
        "max": 1,
        "value": 1,
        "min": 1
      }
    },
    "data_sent": {
      "type": "counter",
      "contains": "data",
      "values": {
        "count": 3910000,
        "rate": 98688.43163205823
      }
    },
    "vus": {
      "type": "gauge",
      "contains": "default",
      "values": {
        "value": 1,
        "min": 1,
        "max": 1
      }
    },
    "iterations": {
      "type": "counter",
      "contains": "default",
      "values": {
        "count": 10000,
        "rate": 252.4000809004047
      }
    },
    "http_req_blocked": {
      "type": "trend",
      "contains": "time",
      "values": {
        "med": 0.005974,
        "p(95)": 0.009574049999999999,
        "p(99.99)": 0.3782616318999743,
        "count": 10000,
        "avg": 0.006633586800000006,
        "min": 0.002742,
        "max": 0.414577,
        "p(50)": 0.005974,
        "p(90)": 0.0085692,
        "p(99)": 0.017178100000000068
      }
    },
    "http_req_waiting": {
      "type": "trend",
      "contains": "time",
      "values": {
        "max": 45.416684,
        "p(99)": 5.0702377100000025,
        "count": 10000,
        "min": 1.839696,
        "med": 2.9274415,
        "p(90)": 3.6684983000000004,
        "p(95)": 3.9947420499999984,
        "p(99.99)": 36.971086644194024,
        "avg": 3.0468918395000086,
        "p(50)": 2.9274415
      }
    }
  }
}