{
  "root_group": {
    "id": "d41d8cd98f00b204e9800998ecf8427e",
    "groups": [],
    "checks": [
        {
          "passes": 1000,
          "fails": 0,
          "name": "is status 200",
          "path": "::is status 200",
          "id": "548d37ca5f33793206f7832e7cea54fb"
        }
      ],
    "name": "",
    "path": ""
  },
  "options": {
    "summaryTrendStats": [
      "avg",
      "min",
      "med",
      "max",
      "p(50)",
      "p(90)",
      "p(95)",
      "p(99)",
      "p(99.99)",
      "count"
    ],
    "summaryTimeUnit": "ms",
    "noColor": false
  },
  "state": {
    "isStdOutTTY": false,
    "isStdErrTTY": false,
    "testRunDurationMs": 20669.150513
  },
  "metrics": {
    "http_req_blocked": {
      "type": "trend",
      "contains": "time",
      "values": {
        "med": 0.003947,
        "p(90)": 0.0068176000000000035,
        "p(95)": 0.00951235,
        "p(50)": 0.003947,
        "p(99)": 0.16797120999999984,
        "p(99.99)": 0.4020974697999994,
        "count": 1000,
        "avg": 0.007643594000000007,
        "min": 0.002329,
        "max": 0.403366
      }
    },
    "http_req_failed": {
      "type": "rate",
      "contains": "default",
      "values": {
        "fails": 1000,
        "rate": 0,
        "passes": 0
      }
    },
    "checks": {
      "values": {
        "rate": 1,
        "passes": 1000,
        "fails": 0
      },
      "type": "rate",
      "contains": "default"
    },
    "vus_max": {
      "contains": "default",
      "values": {
        "max": 1,
        "value": 1,
        "min": 1
      },
      "type": "gauge"
    },
    "vus": {
      "type": "gauge",
      "contains": "default",
      "values": {
        "value": 1,
        "min": 1,
        "max": 1
      }
    },
    "http_req_receiving": {
      "type": "trend",
      "contains": "time",
      "values": {
        "max": 16.273391,
        "p(90)": 0.09951850000000001,
        "p(95)": 0.11725714999999999,
        "count": 1000,
        "avg": 0.11518549799999998,
        "min": 0.045075,
        "med": 0.07467850000000001,
        "p(50)": 0.07467850000000001,
        "p(99)": 0.26693464,
        "p(99.99)": 16.04784886789989
      }
    },
    "response_time": {
      "contains": "default",
      "values": {
        "min": 12.920969,
        "med": 15.693577999999999,
        "p(90)": 37.605919400000005,
        "p(95)": 40.38779404999999,
        "p(99.99)": 72.15949785009997,
        "avg": 20.35325503899999,
        "max": 72.224383,
        "p(50)": 15.693577999999999,
        "p(99)": 52.85119697,
        "count": 1000
      },
      "type": "trend"
    },
    "data_sent": {
      "type": "counter",
      "contains": "data",
      "values": {
        "count": 491000,
        "rate": 23755.209469841648
      }
    },
    "http_reqs": {
      "type": "counter",
      "contains": "default",
      "values": {
        "count": 1000,
        "rate": 48.38128201597077
      }
    },
    "http_req_duration{expected_response:true}": {
      "type": "trend",
      "contains": "time",
      "values": {
        "p(90)": 37.605919400000005,
        "p(99)": 52.85119697,
        "count": 1000,
        "avg": 20.35325503899999,
        "max": 72.224383,
        "p(50)": 15.693577999999999,
        "p(99.99)": 72.15949785009997,
        "min": 12.920969,
        "med": 15.693577999999999,
        "p(95)": 40.38779404999999
      }
    },
    "http_req_connecting": {
      "contains": "time",
      "values": {
        "max": 0.298686,
        "p(95)": 0,
        "p(99)": 0.001166799999998939,
        "count": 1000,
        "avg": 0.0020204079999999996,
        "min": 0,
        "med": 0,
        "p(50)": 0,
        "p(90)": 0,
        "p(99.99)": 0.29613055799999877
      },
      "type": "trend"
    },
    "http_req_sending": {
      "type": "trend",
      "contains": "time",
      "values": {
        "med": 0.019639499999999997,
        "p(90)": 0.029293800000000002,
        "p(95)": 0.03626814999999999,
        "p(99)": 0.08922305999999998,
        "p(99.99)": 0.22080083309999812,
        "avg": 0.02288395099999998,
        "min": 0.011678,
        "max": 0.22473,
        "p(50)": 0.019639499999999997,
        "count": 1000
      }
    },
    "iterations": {
      "type": "counter",
      "contains": "default",
      "values": {
        "count": 1000,
        "rate": 48.38128201597077
      }
    },
    "http_req_tls_handshaking": {
      "type": "trend",
      "contains": "time",
      "values": {
        "med": 0,
        "p(90)": 0,
        "p(99)": 0,
        "p(99.99)": 0,
        "avg": 0,
        "min": 0,
        "p(95)": 0,
        "count": 1000,
        "max": 0,
        "p(50)": 0
      }
    },
    "reponse_size": {
      "contains": "default",
      "values": {
        "min": 202,
        "max": 206,
        "p(50)": 206,
        "p(90)": 206,
        "p(95)": 206,
        "p(99)": 206,
        "p(99.99)": 206,
        "avg": 205.774,
        "med": 206,
        "count": 1000
      },
      "type": "trend"
    },
    "iteration_duration": {
      "type": "trend",
      "contains": "time",
      "values": {
        "p(50)": 15.964019,
        "count": 1000,
        "avg": 20.649735115999988,
        "min": 13.223277,
        "med": 15.964019,
        "p(99)": 53.10207520999999,
        "p(99.99)": 72.52848778319996,
        "max": 72.605394,
        "p(90)": 37.9567008,
        "p(95)": 40.69224299999998
      }
    },
    "http_req_duration": {
      "type": "trend",
      "contains": "time",
      "values": {
        "avg": 20.35325503899999,
        "med": 15.693577999999999,
        "p(90)": 37.605919400000005,
        "p(95)": 40.38779404999999,
        "count": 1000,
        "min": 12.920969,
        "max": 72.224383,
        "p(50)": 15.693577999999999,
        "p(99)": 52.85119697,
        "p(99.99)": 72.15949785009997
      }
    },
    "http_req_waiting": {
      "values": {
        "max": 72.06093,
        "p(90)": 37.4669341,
        "p(99)": 52.763531519999994,
        "count": 1000,
        "avg": 20.215185589999994,
        "med": 15.582175,
        "p(95)": 40.27480339999999,
        "p(99.99)": 72.00281077739997,
        "min": 12.79057,
        "p(50)": 15.582175
      },
      "type": "trend",
      "contains": "time"
    },
    "data_received": {
      "type": "counter",
      "contains": "data",
      "values": {
        "count": 614484,
        "rate": 29729.523698301782
      }
    }
  }
}