{
  "root_group": {
    "name": "",
    "path": "",
    "id": "d41d8cd98f00b204e9800998ecf8427e",
    "groups": [],
    "checks": [
        {
          "passes": 10000,
          "fails": 0,
          "name": "status is 200",
          "path": "::status is 200",
          "id": "6210a8cd14cd70477eba5c5e4cb3fb5f"
        }
      ]
  },
  "options": {
    "summaryTrendStats": [
      "avg",
      "min",
      "med",
      "max",
      "p(50)",
      "p(90)",
      "p(95)",
      "p(99)",
      "p(99.99)",
      "count"
    ],
    "summaryTimeUnit": "ms",
    "noColor": false
  },
  "state": {
    "isStdOutTTY": false,
    "isStdErrTTY": false,
    "testRunDurationMs": 198255.277371
  },
  "metrics": {
    "iteration_duration": {
      "type": "trend",
      "contains": "time",
      "values": {
        "avg": 19.807064890299984,
        "max": 236.899904,
        "p(50)": 17.5514835,
        "p(90)": 26.6783894,
        "p(99.99)": 183.82132338886245,
        "count": 10000,
        "min": 14.095465,
        "med": 17.5514835,
        "p(95)": 27.7867537,
        "p(99)": 30.455877150000017
      }
    },
    "iterations": {
      "type": "counter",
      "contains": "default",
      "values": {
        "rate": 50.44001921465502,
        "count": 10000
      }
    },
    "http_req_tls_handshaking": {
      "type": "trend",
      "contains": "time",
      "values": {
        "avg": 0,
        "min": 0,
        "max": 0,
        "p(50)": 0,
        "p(99)": 0,
        "p(99.99)": 0,
        "count": 10000,
        "med": 0,
        "p(90)": 0,
        "p(95)": 0
      }
    },
    "vus": {
      "type": "gauge",
      "contains": "default",
      "values": {
        "value": 1,
        "min": 1,
        "max": 1
      }
    },
    "http_req_connecting": {
      "type": "trend",
      "contains": "time",
      "values": {
        "avg": 0.0000315233,
        "min": 0,
        "p(99.99)": 0.00003152329977705994,
        "p(99)": 0,
        "count": 10000,
        "med": 0,
        "max": 0.315233,
        "p(50)": 0,
        "p(90)": 0,
        "p(95)": 0
      }
    },
    "http_req_waiting": {
      "type": "trend",
      "contains": "time",
      "values": {
        "avg": 19.187703727999928,
        "med": 16.925427499999998,
        "max": 236.2905,
        "p(99)": 29.75194194000001,
        "p(99.99)": 183.20908867196246,
        "min": 13.56582,
        "p(50)": 16.925427499999998,
        "p(90)": 26.0771395,
        "p(95)": 27.1747514,
        "count": 10000
      }
    },
    "data_sent": {
      "contains": "data",
      "values": {
        "count": 4760000,
        "rate": 24009.449146175786
      },
      "type": "counter"
    },
    "http_req_receiving": {
      "type": "trend",
      "contains": "time",
      "values": {
        "p(95)": 0.2412018499999999,
        "p(99.99)": 14.257108708699748,
        "avg": 0.12186697890000033,
        "med": 0.07985500000000001,
        "p(50)": 0.07985500000000001,
        "p(90)": 0.11307740000000004,
        "p(99)": 0.4752238400000003,
        "count": 10000,
        "min": 0.044973,
        "max": 14.61416
      }
    },
    "data_received": {
      "type": "counter",
      "contains": "data",
      "values": {
        "count": 6843584,
        "rate": 34519.05084571056
      }
    },
    "response_time": {
      "type": "trend",
      "contains": "default",
      "values": {
        "avg": 19.331606004299996,
        "max": 236.417144,
        "p(95)": 27.323996899999997,
        "p(99)": 29.91867645,
        "count": 10000,
        "min": 13.665061,
        "med": 17.06682,
        "p(50)": 17.06682,
        "p(90)": 26.2016226,
        "p(99.99)": 183.31523172226244
      }
    },
    "vus_max": {
      "type": "gauge",
      "contains": "default",
      "values": {
        "value": 1,
        "min": 1,
        "max": 1
      }
    },
    "checks": {
      "type": "rate",
      "contains": "default",
      "values": {
        "passes": 10000,
        "fails": 0,
        "rate": 1
      }
    },
    "http_req_duration{expected_response:true}": {
      "type": "trend",
      "contains": "time",
      "values": {
        "avg": 19.331606004299996,
        "p(90)": 26.2016226,
        "p(95)": 27.323996899999997,
        "p(99)": 29.91867645,
        "p(99.99)": 183.31523172226244,
        "min": 13.665061,
        "med": 17.06682,
        "max": 236.417144,
        "p(50)": 17.06682,
        "count": 10000
      }
    },
    "http_req_sending": {
      "type": "trend",
      "contains": "time",
      "values": {
        "p(90)": 0.0268742,
        "p(95)": 0.030444099999999998,
        "count": 10000,
        "avg": 0.02203529739999995,
        "min": 0.009977,
        "med": 0.020449,
        "max": 0.636979,
        "p(50)": 0.020449,
        "p(99)": 0.0492451,
        "p(99.99)": 0.25998070359973335
      }
    },
    "http_req_failed": {
      "contains": "default",
      "values": {
        "rate": 0,
        "passes": 0,
        "fails": 10000
      },
      "type": "rate"
    },
    "http_req_duration": {
      "type": "trend",
      "contains": "time",
      "values": {
        "count": 10000,
        "avg": 19.331606004299996,
        "max": 236.417144,
        "p(50)": 17.06682,
        "p(90)": 26.2016226,
        "p(95)": 27.323996899999997,
        "p(99)": 29.91867645,
        "min": 13.665061,
        "med": 17.06682,
        "p(99.99)": 183.31523172226244
      }
    },
    "reponse_size": {
      "values": {
        "p(50)": 98,
        "p(90)": 98,
        "p(95)": 98,
        "p(99.99)": 98,
        "count": 10000,
        "avg": 97.886,
        "min": 97,
        "p(99)": 98,
        "med": 98,
        "max": 98
      },
      "type": "trend",
      "contains": "default"
    },
    "http_reqs": {
      "type": "counter",
      "contains": "default",
      "values": {
        "count": 10000,
        "rate": 50.44001921465502
      }
    },
    "http_req_blocked": {
      "type": "trend",
      "contains": "time",
      "values": {
        "avg": 0.00461579979999999,
        "min": 0.002265,
        "max": 0.457785,
        "p(90)": 0.0052661,
        "p(99.99)": 0.2005817228998181,
        "med": 0.0041335,
        "p(50)": 0.0041335,
        "p(95)": 0.006530499999999993,
        "p(99)": 0.013857120000000002,
        "count": 10000
      }
    }
  }
}