{
  "root_group": {
    "path": "",
    "id": "d41d8cd98f00b204e9800998ecf8427e",
    "groups": [],
    "checks": [
        {
          "name": "is status 200",
          "path": "::is status 200",
          "id": "548d37ca5f33793206f7832e7cea54fb",
          "passes": 10000,
          "fails": 0
        }
      ],
    "name": ""
  },
  "options": {
    "summaryTimeUnit": "ms",
    "noColor": false,
    "summaryTrendStats": [
      "avg",
      "min",
      "med",
      "max",
      "p(50)",
      "p(90)",
      "p(95)",
      "p(99)",
      "p(99.99)",
      "count"
    ]
  },
  "state": {
    "isStdOutTTY": false,
    "isStdErrTTY": false,
    "testRunDurationMs": 35015.765381
  },
  "metrics": {
    "http_req_waiting": {
      "values": {
        "max": 12.66767,
        "p(50)": 3.0883190000000003,
        "p(90)": 3.5410250000000003,
        "p(99)": 5.146715700000001,
        "count": 10000,
        "avg": 3.091117964400006,
        "med": 3.0883190000000003,
        "p(95)": 3.8655958000000004,
        "p(99.99)": 10.790465739198673,
        "min": 1.654282
      },
      "type": "trend",
      "contains": "time"
    },
    "http_req_failed": {
      "values": {
        "rate": 0,
        "passes": 0,
        "fails": 10000
      },
      "type": "rate",
      "contains": "default"
    },
    "http_req_connecting": {
      "values": {
        "max": 0.245911,
        "p(90)": 0,
        "p(99.99)": 0.000024591099826086063,
        "p(95)": 0,
        "p(99)": 0,
        "count": 10000,
        "avg": 0.0000245911,
        "min": 0,
        "med": 0,
        "p(50)": 0
      },
      "type": "trend",
      "contains": "time"
    },
    "iteration_duration": {
      "type": "trend",
      "contains": "time",
      "values": {
        "max": 13.899267,
        "p(50)": 3.4799195000000003,
        "p(90)": 3.9733238,
        "p(95)": 4.3152336,
        "min": 1.886181,
        "med": 3.4799195000000003,
        "p(99)": 5.54916528,
        "p(99.99)": 11.232303722998113,
        "count": 10000,
        "avg": 3.4812162516999945
      }
    },
    "data_received": {
      "type": "counter",
      "contains": "data",
      "values": {
        "count": 76022220,
        "rate": 2171085.486003702
      }
    },
    "http_req_duration": {
      "type": "trend",
      "contains": "time",
      "values": {
        "med": 3.2419510000000002,
        "p(50)": 3.2419510000000002,
        "p(90)": 3.7086526,
        "p(95)": 4.0410852499999965,
        "p(99)": 5.29700781,
        "count": 10000,
        "avg": 3.2458904309000065,
        "max": 12.916731,
        "p(99.99)": 10.931027590198594,
        "min": 1.748792
      }
    },
    "http_req_duration{expected_response:true}": {
      "contains": "time",
      "values": {
        "p(99)": 5.29700781,
        "p(99.99)": 10.931027590198594,
        "count": 10000,
        "max": 12.916731,
        "p(95)": 4.0410852499999965,
        "med": 3.2419510000000002,
        "p(50)": 3.2419510000000002,
        "p(90)": 3.7086526,
        "avg": 3.2458904309000065,
        "min": 1.748792
      },
      "type": "trend"
    },
    "http_req_receiving": {
      "type": "trend",
      "contains": "time",
      "values": {
        "avg": 0.13185334580000002,
        "med": 0.117612,
        "p(50)": 0.117612,
        "p(99)": 0.35247289000000004,
        "min": 0.046176,
        "max": 2.663843,
        "p(90)": 0.17950810000000003,
        "p(95)": 0.2367815499999999,
        "p(99.99)": 1.5157088248991881,
        "count": 10000
      }
    },
    "response_time": {
      "type": "trend",
      "contains": "default",
      "values": {
        "p(99.99)": 10.931027590198594,
        "med": 3.2419510000000002,
        "max": 12.916731,
        "p(50)": 3.2419510000000002,
        "p(90)": 3.7086526,
        "p(95)": 4.0410852499999965,
        "p(99)": 5.29700781,
        "avg": 3.2458904309000065,
        "min": 1.748792,
        "count": 10000
      }
    },
    "iterations": {
      "type": "counter",
      "contains": "default",
      "values": {
        "count": 10000,
        "rate": 285.5856466706316
      }
    },
    "vus_max": {
      "type": "gauge",
      "contains": "default",
      "values": {
        "value": 1,
        "min": 1,
        "max": 1
      }
    },
    "http_req_blocked": {
      "type": "trend",
      "contains": "time",
      "values": {
        "max": 0.371769,
        "p(50)": 0.005496,
        "p(99)": 0.01623875000000004,
        "min": 0.002087,
        "med": 0.005496,
        "p(90)": 0.006878200000000001,
        "p(95)": 0.007719,
        "p(99.99)": 0.1750906697998609,
        "count": 10000,
        "avg": 0.005834601600000014
      }
    },
    "http_req_tls_handshaking": {
      "values": {
        "med": 0,
        "max": 0,
        "p(50)": 0,
        "p(99.99)": 0,
        "avg": 0,
        "min": 0,
        "p(90)": 0,
        "p(95)": 0,
        "p(99)": 0,
        "count": 10000
      },
      "type": "trend",
      "contains": "time"
    },
    "http_req_sending": {
      "contains": "time",
      "values": {
        "p(50)": 0.022734,
        "p(95)": 0.02904105,
        "p(99.99)": 0.345779376899962,
        "count": 10000,
        "avg": 0.022919120699999993,
        "min": 0.008136,
        "med": 0.022734,
        "max": 0.399543,
        "p(90)": 0.026753,
        "p(99)": 0.046786650000000034
      },
      "type": "trend"
    },
    "checks": {
      "type": "rate",
      "contains": "default",
      "values": {
        "rate": 1,
        "passes": 10000,
        "fails": 0
      }
    },
    "data_sent": {
      "contains": "data",
      "values": {
        "count": 4030000,
        "rate": 115091.01560826453
      },
      "type": "counter"
    },
    "reponse_size_body": {
      "type": "trend",
      "contains": "default",
      "values": {
        "p(99)": 7147,
        "p(99.99)": 7147,
        "avg": 7147,
        "max": 7147,
        "p(50)": 7147,
        "p(90)": 7147,
        "p(95)": 7147,
        "min": 7147,
        "med": 7147,
        "count": 10000
      }
    },
    "http_reqs": {
      "type": "counter",
      "contains": "default",
      "values": {
        "rate": 285.5856466706316,
        "count": 10000
      }
    },
    "response_size": {
      "type": "trend",
      "contains": "default",
      "values": {
        "p(95)": 7528,
        "p(99)": 7528,
        "p(99.99)": 7528,
        "min": 7528,
        "max": 7528,
        "p(50)": 7528,
        "p(90)": 7528,
        "count": 10000,
        "avg": 7528,
        "med": 7528
      }
    },
    "vus": {
      "type": "gauge",
      "contains": "default",
      "values": {
        "value": 1,
        "min": 1,
        "max": 1
      }
    }
  }
}