{
  "root_group": {
    "groups": [],
    "checks": [
        {
          "name": "is status 200",
          "path": "::is status 200",
          "id": "548d37ca5f33793206f7832e7cea54fb",
          "passes": 1000,
          "fails": 0
        }
      ],
    "name": "",
    "path": "",
    "id": "d41d8cd98f00b204e9800998ecf8427e"
  },
  "options": {
    "summaryTimeUnit": "ms",
    "noColor": false,
    "summaryTrendStats": [
      "avg",
      "min",
      "med",
      "max",
      "p(50)",
      "p(90)",
      "p(95)",
      "p(99)",
      "p(99.99)",
      "count"
    ]
  },
  "state": {
    "isStdErrTTY": false,
    "testRunDurationMs": 19721.895692,
    "isStdOutTTY": false
  },
  "metrics": {
    "http_req_waiting": {
      "type": "trend",
      "contains": "time",
      "values": {
        "avg": 19.353660709000003,
        "max": 87.587257,
        "p(95)": 32.90731924999999,
        "count": 1000,
        "p(99.99)": 87.46037410989993,
        "min": 13.227758,
        "med": 15.9889995,
        "p(50)": 15.9889995,
        "p(90)": 30.7776413,
        "p(99)": 47.82970245999997
      }
    },
    "http_req_failed": {
      "type": "rate",
      "contains": "default",
      "values": {
        "rate": 0,
        "passes": 0,
        "fails": 1000
      }
    },
    "iteration_duration": {
      "type": "trend",
      "contains": "time",
      "values": {
        "p(99)": 48.06559944999997,
        "min": 13.547726,
        "p(50)": 16.288038,
        "p(95)": 33.269430650000004,
        "p(90)": 31.1276131,
        "p(99.99)": 87.83064748739994,
        "count": 1000,
        "avg": 19.702765432000007,
        "med": 16.288038,
        "max": 87.969396
      }
    },
    "response_time": {
      "type": "trend",
      "contains": "default",
      "values": {
        "count": 1000,
        "avg": 19.496286871000002,
        "p(50)": 16.093062500000002,
        "p(90)": 30.8921835,
        "p(95)": 33.01639505,
        "p(99)": 47.900122659999965,
        "p(99.99)": 87.60966383159995,
        "min": 13.317961,
        "med": 16.093062500000002,
        "max": 87.742962
      }
    },
    "http_req_duration{expected_response:true}": {
      "type": "trend",
      "contains": "time",
      "values": {
        "avg": 19.496286871000002,
        "min": 13.317961,
        "med": 16.093062500000002,
        "max": 87.742962,
        "p(50)": 16.093062500000002,
        "p(90)": 30.8921835,
        "p(99)": 47.900122659999965,
        "p(95)": 33.01639505,
        "p(99.99)": 87.60966383159995,
        "count": 1000
      }
    },
    "data_sent": {
      "type": "counter",
      "contains": "data",
      "values": {
        "count": 384000,
        "rate": 19470.744901858798
      }
    },
    "vus": {
      "type": "gauge",
      "contains": "default",
      "values": {
        "value": 1,
        "min": 1,
        "max": 1
      }
    },
    "vus_max": {
      "contains": "default",
      "values": {
        "value": 1,
        "min": 1,
        "max": 1
      },
      "type": "gauge"
    },
    "checks": {
      "type": "rate",
      "contains": "default",
      "values": {
        "rate": 1,
        "passes": 1000,
        "fails": 0
      }
    },
    "http_req_receiving": {
      "values": {
        "p(90)": 0.1248505,
        "avg": 0.12487998999999979,
        "min": 0.048129,
        "med": 0.080451,
        "p(50)": 0.080451,
        "count": 1000,
        "max": 14.577667,
        "p(95)": 0.24880664999999996,
        "p(99)": 0.4171302799999997,
        "p(99.99)": 13.627313105199544
      },
      "type": "trend",
      "contains": "time"
    },
    "http_reqs": {
      "values": {
        "count": 1000,
        "rate": 50.70506484859062
      },
      "type": "counter",
      "contains": "default"
    },
    "http_req_sending": {
      "type": "trend",
      "contains": "time",
      "values": {
        "p(99.99)": 0.20624716529999979,
        "p(90)": 0.0226708,
        "p(95)": 0.027236949999999996,
        "med": 0.015543999999999999,
        "max": 0.206712,
        "p(50)": 0.015543999999999999,
        "p(99)": 0.03871879999999998,
        "count": 1000,
        "avg": 0.017746172,
        "min": 0.010061
      }
    },
    "http_req_tls_handshaking": {
      "values": {
        "p(50)": 0,
        "p(90)": 0,
        "p(95)": 0,
        "count": 1000,
        "avg": 0,
        "med": 0,
        "p(99)": 0,
        "p(99.99)": 0,
        "min": 0,
        "max": 0
      },
      "type": "trend",
      "contains": "time"
    },
    "reponse_size": {
      "type": "trend",
      "contains": "default",
      "values": {
        "min": 97,
        "med": 97,
        "max": 97,
        "p(50)": 97,
        "p(99)": 97,
        "avg": 97,
        "p(90)": 97,
        "p(95)": 97,
        "p(99.99)": 97,
        "count": 1000
      }
    },
    "iterations": {
      "values": {
        "count": 1000,
        "rate": 50.70506484859062
      },
      "type": "counter",
      "contains": "default"
    },
    "http_req_duration": {
      "type": "trend",
      "contains": "time",
      "values": {
        "med": 16.093062500000002,
        "p(50)": 16.093062500000002,
        "p(90)": 30.8921835,
        "p(95)": 33.01639505,
        "avg": 19.496286871000002,
        "min": 13.317961,
        "max": 87.742962,
        "p(99)": 47.900122659999965,
        "p(99.99)": 87.60966383159995,
        "count": 1000
      }
    },
    "http_req_blocked": {
      "values": {
        "med": 0.004136,
        "max": 0.362369,
        "p(50)": 0.004136,
        "p(90)": 0.006171300000000002,
        "p(99.99)": 0.3473242597999928,
        "avg": 0.005742603999999999,
        "min": 0.00244,
        "p(95)": 0.00936475,
        "p(99)": 0.021004469999999997,
        "count": 1000
      },
      "type": "trend",
      "contains": "time"
    },
    "http_req_connecting": {
      "type": "trend",
      "contains": "time",
      "values": {
        "p(95)": 0,
        "p(99.99)": 0.25533586749998644,
        "avg": 0.000283675,
        "med": 0,
        "p(90)": 0,
        "p(99)": 0,
        "count": 1000,
        "min": 0,
        "max": 0.283675,
        "p(50)": 0
      }
    },
    "data_received": {
      "type": "counter",
      "contains": "data",
      "values": {
        "count": 683359,
        "rate": 34649.76240986804
      }
    }
  }
}