{
  "root_group": {
    "name": "",
    "path": "",
    "id": "d41d8cd98f00b204e9800998ecf8427e",
    "groups": [],
    "checks": [
        {
          "name": "status is 200",
          "path": "::status is 200",
          "id": "6210a8cd14cd70477eba5c5e4cb3fb5f",
          "passes": 10000,
          "fails": 0
        }
      ]
  },
  "options": {
    "summaryTimeUnit": "ms",
    "noColor": false,
    "summaryTrendStats": [
      "avg",
      "min",
      "med",
      "max",
      "p(50)",
      "p(90)",
      "p(95)",
      "p(99)",
      "p(99.99)",
      "count"
    ]
  },
  "state": {
    "isStdOutTTY": false,
    "isStdErrTTY": false,
    "testRunDurationMs": 1115177.123585
  },
  "metrics": {
    "iteration_duration": {
      "type": "trend",
      "contains": "time",
      "values": {
        "med": 107.95784499999999,
        "p(99.99)": 288.31121431019744,
        "count": 10000,
        "avg": 111.49451916150025,
        "min": 99.202093,
        "p(90)": 127.05017720000001,
        "p(95)": 131.61388185,
        "p(99)": 139.42334879,
        "max": 291.983949,
        "p(50)": 107.95784499999999
      }
    },
    "http_reqs": {
      "values": {
        "count": 10000,
        "rate": 8.967185381146129
      },
      "type": "counter",
      "contains": "default"
    },
    "reponse_size": {
      "type": "trend",
      "contains": "default",
      "values": {
        "med": 98,
        "max": 98,
        "p(99)": 98,
        "avg": 97.922,
        "min": 97,
        "p(95)": 98,
        "p(99.99)": 98,
        "count": 10000,
        "p(50)": 98,
        "p(90)": 98
      }
    },
    "http_req_tls_handshaking": {
      "type": "trend",
      "contains": "time",
      "values": {
        "count": 10000,
        "max": 0,
        "p(50)": 0,
        "p(95)": 0,
        "p(99)": 0,
        "p(99.99)": 0,
        "avg": 0,
        "min": 0,
        "med": 0,
        "p(90)": 0
      }
    },
    "http_req_sending": {
      "type": "trend",
      "contains": "time",
      "values": {
        "med": 0.022851999999999997,
        "max": 0.583256,
        "count": 10000,
        "avg": 0.02829158419999986,
        "min": 0.012117,
        "p(50)": 0.022851999999999997,
        "p(90)": 0.037795,
        "p(95)": 0.05412994999999994,
        "p(99)": 0.12491545000000023,
        "p(99.99)": 0.5505502708999769
      }
    },
    "data_sent": {
      "type": "counter",
      "contains": "data",
      "values": {
        "count": 4850000,
        "rate": 4349.084909855872
      }
    },
    "vus_max": {
      "type": "gauge",
      "contains": "default",
      "values": {
        "max": 1,
        "value": 1,
        "min": 1
      }
    },
    "http_req_duration{expected_response:true}": {
      "contains": "time",
      "values": {
        "max": 291.473119,
        "p(90)": 126.4116844,
        "p(95)": 131.0183726,
        "p(99)": 138.71862597000003,
        "p(99.99)": 287.6644709028973,
        "count": 10000,
        "med": 107.31349800000001,
        "min": 98.689717,
        "p(50)": 107.31349800000001,
        "avg": 110.87049657969969
      },
      "type": "trend"
    },
    "http_req_failed": {
      "values": {
        "passes": 0,
        "fails": 10000,
        "rate": 0
      },
      "type": "rate",
      "contains": "default"
    },
    "checks": {
      "values": {
        "rate": 1,
        "passes": 10000,
        "fails": 0
      },
      "type": "rate",
      "contains": "default"
    },
    "data_received": {
      "type": "counter",
      "contains": "data",
      "values": {
        "count": 6407100,
        "rate": 5745.365345554135
      }
    },
    "iterations": {
      "type": "counter",
      "contains": "default",
      "values": {
        "count": 10000,
        "rate": 8.967185381146129
      }
    },
    "http_req_waiting": {
      "type": "trend",
      "contains": "time",
      "values": {
        "avg": 110.6759695442,
        "p(50)": 107.1518715,
        "p(95)": 130.88380544999998,
        "p(99.99)": 287.46551626799726,
        "min": 98.595554,
        "med": 107.1518715,
        "max": 291.357807,
        "p(90)": 126.1285032,
        "p(99)": 138.50906307,
        "count": 10000
      }
    },
    "vus": {
      "type": "gauge",
      "contains": "default",
      "values": {
        "value": 1,
        "min": 1,
        "max": 1
      }
    },
    "http_req_receiving": {
      "type": "trend",
      "contains": "time",
      "values": {
        "avg": 0.16623545129999984,
        "max": 26.600782,
        "p(90)": 0.13642379999999998,
        "p(95)": 0.16091924999999987,
        "p(99)": 0.3166709900000001,
        "min": 0.04101,
        "med": 0.0974835,
        "p(50)": 0.0974835,
        "p(99.99)": 25.34376671409911,
        "count": 10000
      }
    },
    "http_req_connecting": {
      "type": "trend",
      "contains": "time",
      "values": {
        "p(50)": 0,
        "p(90)": 0,
        "p(95)": 0,
        "count": 10000,
        "avg": 0.0021255881000000008,
        "min": 0,
        "p(99)": 0.0010523600000229708,
        "p(99.99)": 0.4761641293999779,
        "med": 0,
        "max": 0.507455
      }
    },
    "response_time": {
      "type": "trend",
      "contains": "default",
      "values": {
        "avg": 110.87049657969969,
        "min": 98.689717,
        "max": 291.473119,
        "p(95)": 131.0183726,
        "p(99)": 138.71862597000003,
        "med": 107.31349800000001,
        "p(50)": 107.31349800000001,
        "p(90)": 126.4116844,
        "p(99.99)": 287.6644709028973,
        "count": 10000
      }
    },
    "http_req_duration": {
      "values": {
        "max": 291.473119,
        "p(90)": 126.4116844,
        "p(95)": 131.0183726,
        "p(99)": 138.71862597000003,
        "p(99.99)": 287.6644709028973,
        "count": 10000,
        "avg": 110.87049657969969,
        "min": 98.689717,
        "med": 107.31349800000001,
        "p(50)": 107.31349800000001
      },
      "type": "trend",
      "contains": "time"
    },
    "http_req_blocked": {
      "type": "trend",
      "contains": "time",
      "values": {
        "med": 0.0045865,
        "max": 0.608346,
        "p(95)": 0.011450249999999997,
        "p(99.99)": 0.5504807870999591,
        "count": 10000,
        "avg": 0.008752477,
        "min": 0.002204,
        "p(50)": 0.0045865,
        "p(90)": 0.007352,
        "p(99)": 0.1837109700000007
      }
    }
  }
}