{
  "root_group": {
    "id": "d41d8cd98f00b204e9800998ecf8427e",
    "groups": [],
    "checks": [
        {
          "path": "::is status 200",
          "id": "548d37ca5f33793206f7832e7cea54fb",
          "passes": 1000,
          "fails": 0,
          "name": "is status 200"
        }
      ],
    "name": "",
    "path": ""
  },
  "options": {
    "summaryTrendStats": [
      "avg",
      "min",
      "med",
      "max",
      "p(50)",
      "p(90)",
      "p(95)",
      "p(99)",
      "p(99.99)",
      "count"
    ],
    "summaryTimeUnit": "ms",
    "noColor": false
  },
  "state": {
    "isStdOutTTY": false,
    "isStdErrTTY": false,
    "testRunDurationMs": 2451.589132
  },
  "metrics": {
    "http_req_waiting": {
      "type": "trend",
      "contains": "time",
      "values": {
        "min": 1.025808,
        "med": 1.8434819999999998,
        "p(90)": 2.2519424000000003,
        "count": 1000,
        "avg": 1.954877188000001,
        "max": 18.87053,
        "p(50)": 1.8434819999999998,
        "p(95)": 2.4642490999999995,
        "p(99)": 6.818563429999998,
        "p(99.99)": 17.884767149599526
      }
    },
    "http_reqs": {
      "type": "counter",
      "contains": "default",
      "values": {
        "count": 1000,
        "rate": 407.8986918922269
      }
    },
    "response_size": {
      "contains": "default",
      "values": {
        "avg": 21352.48,
        "min": 21301,
        "p(50)": 21353,
        "p(99)": 21353,
        "p(99.99)": 21353,
        "count": 1000,
        "med": 21353,
        "max": 21353,
        "p(90)": 21353,
        "p(95)": 21353
      },
      "type": "trend"
    },
    "vus": {
      "type": "gauge",
      "contains": "default",
      "values": {
        "value": 1,
        "min": 1,
        "max": 1
      }
    },
    "http_req_connecting": {
      "type": "trend",
      "contains": "time",
      "values": {
        "max": 0.306677,
        "p(50)": 0,
        "p(95)": 0,
        "p(99)": 0.001365859999998758,
        "p(99.99)": 0.3021412402999978,
        "count": 1000,
        "min": 0,
        "med": 0,
        "avg": 0.001864151,
        "p(90)": 0
      }
    },
    "iterations": {
      "type": "counter",
      "contains": "default",
      "values": {
        "count": 1000,
        "rate": 407.8986918922269
      }
    },
    "http_req_blocked": {
      "type": "trend",
      "contains": "time",
      "values": {
        "p(50)": 0.0047105,
        "p(99.99)": 0.3864757810999996,
        "max": 0.387356,
        "min": 0.001788,
        "med": 0.0047105,
        "p(90)": 0.0062216,
        "p(95)": 0.00748905,
        "p(99)": 0.09798147999999901,
        "count": 1000,
        "avg": 0.007785198000000001
      }
    },
    "http_req_duration{expected_response:true}": {
      "values": {
        "p(50)": 1.9775185,
        "p(90)": 2.4094298,
        "p(95)": 2.632103,
        "p(99)": 7.186774779999997,
        "avg": 2.1185394859999986,
        "med": 1.9775185,
        "p(99.99)": 29.017476140499472,
        "count": 1000,
        "min": 1.093234,
        "max": 30.122011
      },
      "type": "trend",
      "contains": "time"
    },
    "response_time": {
      "type": "trend",
      "contains": "default",
      "values": {
        "min": 1.093234,
        "p(90)": 2.4094298,
        "count": 1000,
        "p(50)": 1.9775185,
        "p(95)": 2.632103,
        "p(99)": 7.186774779999997,
        "p(99.99)": 29.017476140499472,
        "avg": 2.1185394859999986,
        "med": 1.9775185,
        "max": 30.122011
      }
    },
    "reponse_size_body": {
      "type": "trend",
      "contains": "default",
      "values": {
        "med": 20849,
        "max": 20849,
        "p(50)": 20849,
        "p(99.99)": 20849,
        "count": 1000,
        "avg": 20849,
        "min": 20849,
        "p(90)": 20849,
        "p(95)": 20849,
        "p(99)": 20849
      }
    },
    "http_req_failed": {
      "type": "rate",
      "contains": "default",
      "values": {
        "rate": 0,
        "passes": 0,
        "fails": 1000
      }
    },
    "http_req_sending": {
      "contains": "time",
      "values": {
        "min": 0.008406,
        "max": 0.139512,
        "p(99.99)": 0.13629551969999845,
        "count": 1000,
        "p(95)": 0.030372099999999975,
        "p(99)": 0.06391947999999995,
        "avg": 0.020157839000000018,
        "med": 0.019036499999999998,
        "p(50)": 0.019036499999999998,
        "p(90)": 0.023539100000000004
      },
      "type": "trend"
    },
    "http_req_duration": {
      "type": "trend",
      "contains": "time",
      "values": {
        "min": 1.093234,
        "max": 30.122011,
        "p(50)": 1.9775185,
        "p(90)": 2.4094298,
        "p(95)": 2.632103,
        "p(99)": 7.186774779999997,
        "avg": 2.1185394859999986,
        "med": 1.9775185,
        "p(99.99)": 29.017476140499472,
        "count": 1000
      }
    },
    "iteration_duration": {
      "contains": "time",
      "values": {
        "p(95)": 3.0159992499999997,
        "p(99.99)": 29.473353266899473,
        "count": 1000,
        "avg": 2.433987200000001,
        "max": 30.575417,
        "p(90)": 2.7505779,
        "p(99)": 7.7044948099999955,
        "min": 1.262438,
        "med": 2.293343,
        "p(50)": 2.293343
      },
      "type": "trend"
    },
    "vus_max": {
      "type": "gauge",
      "contains": "default",
      "values": {
        "value": 1,
        "min": 1,
        "max": 1
      }
    },
    "http_req_receiving": {
      "values": {
        "avg": 0.1435044589999999,
        "med": 0.1043315,
        "max": 28.161096,
        "p(99.99)": 25.526929703098737,
        "count": 1000,
        "min": 0.036063,
        "p(50)": 0.1043315,
        "p(90)": 0.1608096,
        "p(95)": 0.19988564999999978,
        "p(99)": 0.33580668
      },
      "type": "trend",
      "contains": "time"
    },
    "checks": {
      "type": "rate",
      "contains": "default",
      "values": {
        "rate": 1,
        "passes": 1000,
        "fails": 0
      }
    },
    "data_received": {
      "values": {
        "count": 21413710,
        "rate": 8734624.297559498
      },
      "type": "counter",
      "contains": "data"
    },
    "http_req_tls_handshaking": {
      "type": "trend",
      "contains": "time",
      "values": {
        "p(50)": 0,
        "p(90)": 0,
        "p(95)": 0,
        "p(99)": 0,
        "p(99.99)": 0,
        "avg": 0,
        "med": 0,
        "max": 0,
        "min": 0,
        "count": 1000
      }
    },
    "data_sent": {
      "type": "counter",
      "contains": "data",
      "values": {
        "count": 397000,
        "rate": 161935.7806812141
      }
    }
  }
}