{
  "state": {
    "isStdOutTTY": false,
    "isStdErrTTY": false,
    "testRunDurationMs": 63594.724493
  },
  "metrics": {
    "http_req_blocked": {
      "type": "trend",
      "contains": "time",
      "values": {
        "min": 0.001764,
        "max": 1.158361,
        "p(50)": 0.005081,
        "p(90)": 0.006913,
        "p(95)": 0.008952199999999997,
        "p(99)": 0.016691180000000003,
        "p(99.99)": 0.17014483149930104,
        "avg": 0.005690010000000014,
        "med": 0.005081,
        "count": 10000
      }
    },
    "data_sent": {
      "type": "counter",
      "contains": "data",
      "values": {
        "count": 3850000,
        "rate": 60539.6128482918
      }
    },
    "http_reqs": {
      "type": "counter",
      "contains": "default",
      "values": {
        "count": 10000,
        "rate": 157.24574765790078
      }
    },
    "http_req_duration": {
      "values": {
        "p(50)": 5.965702,
        "p(95)": 7.78475675,
        "med": 5.965702,
        "max": 16.31889,
        "p(90)": 7.3402864,
        "p(99)": 8.817257510000003,
        "p(99.99)": 16.16166872369989,
        "count": 10000,
        "avg": 6.113333107099992,
        "min": 3.930916
      },
      "type": "trend",
      "contains": "time"
    },
    "http_req_duration{expected_response:true}": {
      "type": "trend",
      "contains": "time",
      "values": {
        "avg": 6.113333107099992,
        "med": 5.965702,
        "p(95)": 7.78475675,
        "p(99)": 8.817257510000003,
        "min": 3.930916,
        "max": 16.31889,
        "p(50)": 5.965702,
        "p(90)": 7.3402864,
        "p(99.99)": 16.16166872369989,
        "count": 10000
      }
    },
    "checks": {
      "type": "rate",
      "contains": "default",
      "values": {
        "rate": 1,
        "passes": 10000,
        "fails": 0
      }
    },
    "iterations": {
      "type": "counter",
      "contains": "default",
      "values": {
        "count": 10000,
        "rate": 157.24574765790078
      }
    },
    "vus": {
      "type": "gauge",
      "contains": "default",
      "values": {
        "value": 1,
        "min": 1,
        "max": 1
      }
    },
    "response_time": {
      "type": "trend",
      "contains": "default",
      "values": {
        "min": 3.930916,
        "p(90)": 7.3402864,
        "p(99)": 8.817257510000003,
        "p(99.99)": 16.16166872369989,
        "p(95)": 7.78475675,
        "count": 10000,
        "avg": 6.113333107099992,
        "med": 5.965702,
        "max": 16.31889,
        "p(50)": 5.965702
      }
    },
    "http_req_receiving": {
      "type": "trend",
      "contains": "time",
      "values": {
        "avg": 0.11896808339999984,
        "min": 0.042518,
        "p(99)": 0.4268221800000003,
        "p(90)": 0.21621140000000005,
        "p(95)": 0.2872026999999998,
        "p(99.99)": 1.7516402035984426,
        "count": 10000,
        "med": 0.0921805,
        "max": 3.953456,
        "p(50)": 0.0921805
      }
    },
    "http_req_tls_handshaking": {
      "contains": "time",
      "values": {
        "min": 0,
        "p(99)": 0,
        "count": 10000,
        "p(50)": 0,
        "p(90)": 0,
        "p(95)": 0,
        "p(99.99)": 0,
        "avg": 0,
        "med": 0,
        "max": 0
      },
      "type": "trend"
    },
    "data_received": {
      "type": "counter",
      "contains": "data",
      "values": {
        "count": 6847967,
        "rate": 107681.36908516318
      }
    },
    "vus_max": {
      "type": "gauge",
      "contains": "default",
      "values": {
        "value": 1,
        "min": 1,
        "max": 1
      }
    },
    "reponse_size": {
      "values": {
        "p(50)": 98,
        "p(99)": 98,
        "p(99.99)": 98,
        "count": 10000,
        "min": 97,
        "med": 98,
        "p(90)": 98,
        "p(95)": 98,
        "avg": 97.808,
        "max": 98
      },
      "type": "trend",
      "contains": "default"
    },
    "http_req_failed": {
      "type": "rate",
      "contains": "default",
      "values": {
        "rate": 0,
        "passes": 0,
        "fails": 10000
      }
    },
    "http_req_waiting": {
      "type": "trend",
      "contains": "time",
      "values": {
        "avg": 5.9735325847000045,
        "min": 3.845091,
        "med": 5.8292825,
        "p(95)": 7.634424500000001,
        "p(99)": 8.647208330000007,
        "max": 16.16722,
        "p(50)": 5.8292825,
        "p(90)": 7.183382400000001,
        "p(99.99)": 15.694859240799667,
        "count": 10000
      }
    },
    "http_req_connecting": {
      "type": "trend",
      "contains": "time",
      "values": {
        "p(50)": 0,
        "p(99)": 0,
        "count": 10000,
        "min": 0,
        "max": 0.366371,
        "p(90)": 0,
        "p(95)": 0,
        "p(99.99)": 0.00003663709974089397,
        "avg": 0.0000366371,
        "med": 0
      }
    },
    "iteration_duration": {
      "type": "trend",
      "contains": "time",
      "values": {
        "med": 6.1886,
        "p(90)": 7.5882161,
        "p(95)": 8.0405196,
        "p(99)": 9.065129070000001,
        "p(99.99)": 16.67985579169937,
        "avg": 6.338994376500005,
        "min": 4.097851,
        "max": 17.567684,
        "p(50)": 6.1886,
        "count": 10000
      }
    },
    "http_req_sending": {
      "type": "trend",
      "contains": "time",
      "values": {
        "avg": 0.020832438999999984,
        "min": 0.007058,
        "med": 0.019946,
        "p(99)": 0.039048320000000046,
        "count": 10000,
        "max": 0.33941,
        "p(50)": 0.019946,
        "p(90)": 0.026176500000000002,
        "p(95)": 0.028456399999999993,
        "p(99.99)": 0.27599434219995517
      }
    }
  },
  "root_group": {
    "checks": [
      {
        "name": "is status 200",
        "path": "::is status 200",
        "id": "548d37ca5f33793206f7832e7cea54fb",
        "passes": 10000,
        "fails": 0
      }
    ],
    "name": "",
    "path": "",
    "id": "d41d8cd98f00b204e9800998ecf8427e",
    "groups": []
  },
  "options": {
    "summaryTrendStats": [
      "avg",
      "min",
      "med",
      "max",
      "p(50)",
      "p(90)",
      "p(95)",
      "p(99)",
      "p(99.99)",
      "count"
    ],
    "summaryTimeUnit": "ms",
    "noColor": false
  }
}