{
  "options": {
    "summaryTrendStats": [
      "avg",
      "min",
      "med",
      "max",
      "p(50)",
      "p(90)",
      "p(95)",
      "p(99)",
      "p(99.99)",
      "count"
    ],
    "summaryTimeUnit": "ms",
    "noColor": false
  },
  "state": {
    "isStdOutTTY": false,
    "isStdErrTTY": false,
    "testRunDurationMs": 35609.810201
  },
  "metrics": {
    "http_req_duration{expected_response:true}": {
      "contains": "time",
      "values": {
        "p(99)": 5.498929920000003,
        "count": 10000,
        "avg": 3.3045986423999936,
        "min": 1.714107,
        "max": 56.225043,
        "p(95)": 4.1370971999999995,
        "p(99.99)": 49.17639093569501,
        "med": 3.2761744999999998,
        "p(50)": 3.2761744999999998,
        "p(90)": 3.7725261000000003
      },
      "type": "trend"
    },
    "http_req_tls_handshaking": {
      "type": "trend",
      "contains": "time",
      "values": {
        "min": 0,
        "max": 0,
        "p(95)": 0,
        "p(99.99)": 0,
        "count": 10000,
        "avg": 0,
        "med": 0,
        "p(50)": 0,
        "p(90)": 0,
        "p(99)": 0
      }
    },
    "vus_max": {
      "type": "gauge",
      "contains": "default",
      "values": {
        "value": 1,
        "min": 1,
        "max": 1
      }
    },
    "http_req_waiting": {
      "type": "trend",
      "contains": "time",
      "values": {
        "p(90)": 3.5917262,
        "p(95)": 3.9600248,
        "avg": 3.1423652362999914,
        "max": 48.960187,
        "p(50)": 3.1213995,
        "p(99)": 5.312491030000001,
        "p(99.99)": 32.22412577348816,
        "count": 10000,
        "min": 1.631858,
        "med": 3.1213995
      }
    },
    "http_req_receiving": {
      "type": "trend",
      "contains": "time",
      "values": {
        "p(99)": 0.3525576500000001,
        "p(99.99)": 25.3007882421827,
        "count": 10000,
        "avg": 0.13936837509999947,
        "min": 0.042946,
        "med": 0.116918,
        "max": 49.760764,
        "p(90)": 0.17986890000000003,
        "p(50)": 0.116918,
        "p(95)": 0.23768134999999985
      }
    },
    "response_time": {
      "values": {
        "p(99)": 5.498929920000003,
        "avg": 3.3045986423999936,
        "min": 1.714107,
        "med": 3.2761744999999998,
        "max": 56.225043,
        "count": 10000,
        "p(50)": 3.2761744999999998,
        "p(90)": 3.7725261000000003,
        "p(95)": 4.1370971999999995,
        "p(99.99)": 49.17639093569501
      },
      "type": "trend",
      "contains": "default"
    },
    "checks": {
      "type": "rate",
      "contains": "default",
      "values": {
        "rate": 1,
        "passes": 10000,
        "fails": 0
      }
    },
    "data_sent": {
      "type": "counter",
      "contains": "data",
      "values": {
        "count": 4030000,
        "rate": 113171.06093103605
      }
    },
    "iterations": {
      "type": "counter",
      "contains": "default",
      "values": {
        "count": 10000,
        "rate": 280.82149114401005
      }
    },
    "http_reqs": {
      "values": {
        "count": 10000,
        "rate": 280.82149114401005
      },
      "type": "counter",
      "contains": "default"
    },
    "response_size": {
      "type": "trend",
      "contains": "default",
      "values": {
        "max": 7517,
        "p(50)": 7517,
        "p(99)": 7517,
        "count": 10000,
        "p(95)": 7517,
        "p(99.99)": 7517,
        "avg": 7517,
        "min": 7517,
        "med": 7517,
        "p(90)": 7517
      }
    },
    "iteration_duration": {
      "type": "trend",
      "contains": "time",
      "values": {
        "min": 1.826077,
        "med": 3.5146765,
        "p(50)": 3.5146765,
        "p(99)": 5.760274700000001,
        "p(99.99)": 49.650399814695156,
        "count": 10000,
        "avg": 3.5406945559000036,
        "max": 56.507861,
        "p(90)": 4.0340302,
        "p(95)": 4.42404275
      }
    },
    "vus": {
      "type": "gauge",
      "contains": "default",
      "values": {
        "max": 1,
        "value": 1,
        "min": 1
      }
    },
    "http_req_duration": {
      "values": {
        "min": 1.714107,
        "med": 3.2761744999999998,
        "max": 56.225043,
        "p(50)": 3.2761744999999998,
        "p(90)": 3.7725261000000003,
        "p(99)": 5.498929920000003,
        "p(99.99)": 49.17639093569501,
        "avg": 3.3045986423999936,
        "p(95)": 4.1370971999999995,
        "count": 10000
      },
      "type": "trend",
      "contains": "time"
    },
    "data_received": {
      "type": "counter",
      "contains": "data",
      "values": {
        "count": 75912130,
        "rate": 2131775.754251794
      }
    },
    "http_req_blocked": {
      "contains": "time",
      "values": {
        "avg": 0.005834195499999992,
        "med": 0.005499,
        "count": 10000,
        "min": 0.002052,
        "max": 0.428182,
        "p(50)": 0.005499,
        "p(90)": 0.0067851000000000005,
        "p(95)": 0.007767399999999994,
        "p(99)": 0.015255140000000002,
        "p(99.99)": 0.2637474450998837
      },
      "type": "trend"
    },
    "http_req_sending": {
      "type": "trend",
      "contains": "time",
      "values": {
        "avg": 0.022865030999999945,
        "min": 0.008066,
        "p(95)": 0.02911434999999998,
        "count": 10000,
        "p(99)": 0.04906550000000001,
        "p(99.99)": 0.285255139599999,
        "med": 0.0227085,
        "max": 0.286651,
        "p(50)": 0.0227085,
        "p(90)": 0.0267282
      }
    },
    "reponse_size_body": {
      "contains": "default",
      "values": {
        "avg": 7136,
        "min": 7136,
        "med": 7136,
        "p(50)": 7136,
        "max": 7136,
        "p(90)": 7136,
        "p(95)": 7136,
        "p(99)": 7136,
        "p(99.99)": 7136,
        "count": 10000
      },
      "type": "trend"
    },
    "http_req_failed": {
      "type": "rate",
      "contains": "default",
      "values": {
        "rate": 0,
        "passes": 0,
        "fails": 10000
      }
    },
    "http_req_connecting": {
      "type": "trend",
      "contains": "time",
      "values": {
        "med": 0,
        "max": 0.309672,
        "p(50)": 0,
        "p(90)": 0,
        "p(95)": 0,
        "count": 10000,
        "avg": 0.0000309672,
        "min": 0,
        "p(99)": 0,
        "p(99.99)": 0.00003096719978099281
      }
    }
  },
  "root_group": {
    "checks": [
      {
        "name": "is status 200",
        "path": "::is status 200",
        "id": "548d37ca5f33793206f7832e7cea54fb",
        "passes": 10000,
        "fails": 0
      }
    ],
    "name": "",
    "path": "",
    "id": "d41d8cd98f00b204e9800998ecf8427e",
    "groups": []
  }
}