{
  "root_group": {
    "id": "d41d8cd98f00b204e9800998ecf8427e",
    "groups": [],
    "checks": [
        {
          "fails": 0,
          "name": "is status 200",
          "path": "::is status 200",
          "id": "548d37ca5f33793206f7832e7cea54fb",
          "passes": 10000
        }
      ],
    "name": "",
    "path": ""
  },
  "options": {
    "summaryTrendStats": [
      "avg",
      "min",
      "med",
      "max",
      "p(50)",
      "p(90)",
      "p(95)",
      "p(99)",
      "p(99.99)",
      "count"
    ],
    "summaryTimeUnit": "ms",
    "noColor": false
  },
  "state": {
    "isStdOutTTY": false,
    "isStdErrTTY": false,
    "testRunDurationMs": 34409.977704
  },
  "metrics": {
    "http_req_blocked": {
      "type": "trend",
      "contains": "time",
      "values": {
        "avg": 0.005665221099999981,
        "p(50)": 0.005335,
        "p(95)": 0.00772505,
        "min": 0.002187,
        "med": 0.005335,
        "max": 0.335646,
        "p(90)": 0.0067171,
        "p(99)": 0.015424570000000012,
        "p(99.99)": 0.1686916970998819,
        "count": 10000
      }
    },
    "http_req_failed": {
      "values": {
        "fails": 10000,
        "rate": 0,
        "passes": 0
      },
      "type": "rate",
      "contains": "default"
    },
    "response_time": {
      "type": "trend",
      "contains": "default",
      "values": {
        "min": 1.837759,
        "med": 3.1698535,
        "p(50)": 3.1698535,
        "count": 10000,
        "avg": 3.1886982332000002,
        "max": 31.20496,
        "p(90)": 3.6911987,
        "p(95)": 3.9875319999999994,
        "p(99)": 5.278690050000002,
        "p(99.99)": 12.616684013486852
      }
    },
    "vus_max": {
      "type": "gauge",
      "contains": "default",
      "values": {
        "min": 1,
        "max": 1,
        "value": 1
      }
    },
    "http_req_connecting": {
      "values": {
        "avg": 0.0000248037,
        "p(90)": 0,
        "p(99)": 0,
        "count": 10000,
        "p(95)": 0,
        "p(99.99)": 0.00002480369982458251,
        "min": 0,
        "med": 0,
        "max": 0.248037,
        "p(50)": 0
      },
      "type": "trend",
      "contains": "time"
    },
    "http_req_receiving": {
      "type": "trend",
      "contains": "time",
      "values": {
        "min": 0.040655,
        "p(50)": 0.1162175,
        "p(90)": 0.17020960000000002,
        "p(95)": 0.22048094999999984,
        "count": 10000,
        "avg": 0.12860553990000018,
        "med": 0.1162175,
        "max": 2.861878,
        "p(99)": 0.34055414000000017,
        "p(99.99)": 1.54729347159907
      }
    },
    "checks": {
      "contains": "default",
      "values": {
        "fails": 0,
        "rate": 1,
        "passes": 10000
      },
      "type": "rate"
    },
    "http_req_duration": {
      "type": "trend",
      "contains": "time",
      "values": {
        "min": 1.837759,
        "med": 3.1698535,
        "p(50)": 3.1698535,
        "p(95)": 3.9875319999999994,
        "count": 10000,
        "avg": 3.1886982332000002,
        "p(90)": 3.6911987,
        "p(99)": 5.278690050000002,
        "p(99.99)": 12.616684013486852,
        "max": 31.20496
      }
    },
    "response_size": {
      "type": "trend",
      "contains": "default",
      "values": {
        "avg": 7528,
        "min": 7528,
        "med": 7528,
        "max": 7528,
        "p(99)": 7528,
        "p(99.99)": 7528,
        "count": 10000,
        "p(50)": 7528,
        "p(90)": 7528,
        "p(95)": 7528
      }
    },
    "data_received": {
      "type": "counter",
      "contains": "data",
      "values": {
        "count": 76022160,
        "rate": 2209305.7035361803
      }
    },
    "http_req_waiting": {
      "type": "trend",
      "contains": "time",
      "values": {
        "med": 3.0180965000000004,
        "p(50)": 3.0180965000000004,
        "p(95)": 3.8082578499999986,
        "p(99.99)": 12.434165529886863,
        "count": 10000,
        "avg": 3.0372927813999997,
        "min": 1.717586,
        "max": 31.007607,
        "p(90)": 3.5208517,
        "p(99)": 5.123656590000001
      }
    },
    "data_sent": {
      "type": "counter",
      "contains": "data",
      "values": {
        "count": 4030000,
        "rate": 117117.19300334017
      }
    },
    "iterations": {
      "type": "counter",
      "contains": "default",
      "values": {
        "count": 10000,
        "rate": 290.6133821422833
      }
    },
    "http_req_sending": {
      "values": {
        "avg": 0.022799911899999914,
        "p(50)": 0.022531,
        "p(90)": 0.0266834,
        "p(99)": 0.04931562000000008,
        "p(99.99)": 0.3864785847999888,
        "count": 10000,
        "min": 0.008163,
        "med": 0.022531,
        "max": 0.402325,
        "p(95)": 0.029115049999999986
      },
      "type": "trend",
      "contains": "time"
    },
    "http_req_duration{expected_response:true}": {
      "type": "trend",
      "contains": "time",
      "values": {
        "min": 1.837759,
        "med": 3.1698535,
        "max": 31.20496,
        "p(50)": 3.1698535,
        "p(90)": 3.6911987,
        "p(99)": 5.278690050000002,
        "count": 10000,
        "avg": 3.1886982332000002,
        "p(99.99)": 12.616684013486852,
        "p(95)": 3.9875319999999994
      }
    },
    "http_req_tls_handshaking": {
      "type": "trend",
      "contains": "time",
      "values": {
        "p(50)": 0,
        "p(90)": 0,
        "p(99.99)": 0,
        "avg": 0,
        "min": 0,
        "p(95)": 0,
        "p(99)": 0,
        "count": 10000,
        "med": 0,
        "max": 0
      }
    },
    "iteration_duration": {
      "values": {
        "p(99.99)": 14.081355379487684,
        "avg": 3.420793013699995,
        "max": 31.493409,
        "p(99)": 5.5165663600000014,
        "p(90)": 3.9503370000000007,
        "p(95)": 4.253636949999999,
        "count": 10000,
        "min": 1.996715,
        "med": 3.4053305,
        "p(50)": 3.4053305
      },
      "type": "trend",
      "contains": "time"
    },
    "http_reqs": {
      "values": {
        "count": 10000,
        "rate": 290.6133821422833
      },
      "type": "counter",
      "contains": "default"
    },
    "reponse_size_body": {
      "contains": "default",
      "values": {
        "p(95)": 7147,
        "p(99.99)": 7147,
        "count": 10000,
        "min": 7147,
        "p(50)": 7147,
        "p(90)": 7147,
        "p(99)": 7147,
        "avg": 7147,
        "med": 7147,
        "max": 7147
      },
      "type": "trend"
    },
    "vus": {
      "type": "gauge",
      "contains": "default",
      "values": {
        "value": 1,
        "min": 1,
        "max": 1
      }
    }
  }
}