{
  "options": {
    "noColor": false,
    "summaryTrendStats": [
      "avg",
      "min",
      "med",
      "max",
      "p(50)",
      "p(90)",
      "p(95)",
      "p(99)",
      "p(99.99)",
      "count"
    ],
    "summaryTimeUnit": "ms"
  },
  "state": {
    "isStdOutTTY": false,
    "isStdErrTTY": false,
    "testRunDurationMs": 23830.889597
  },
  "metrics": {
    "http_req_duration{expected_response:true}": {
      "type": "trend",
      "contains": "time",
      "values": {
        "count": 10000,
        "min": 1.076871,
        "med": 1.932059,
        "p(50)": 1.932059,
        "p(99.99)": 10.884837388799623,
        "p(99)": 6.741711710000092,
        "avg": 2.049341441399998,
        "max": 11.418672,
        "p(90)": 2.3300973,
        "p(95)": 2.5732074
      }
    },
    "http_req_tls_handshaking": {
      "type": "trend",
      "contains": "time",
      "values": {
        "min": 0,
        "max": 0,
        "p(50)": 0,
        "p(99.99)": 0,
        "avg": 0,
        "med": 0,
        "p(90)": 0,
        "p(95)": 0,
        "p(99)": 0,
        "count": 10000
      }
    },
    "http_req_sending": {
      "type": "trend",
      "contains": "time",
      "values": {
        "med": 0.019403,
        "p(50)": 0.019403,
        "p(90)": 0.0237365,
        "p(99)": 0.06092409,
        "p(99.99)": 0.41551483059991634,
        "avg": 0.020889541600000023,
        "min": 0.006593,
        "max": 0.533809,
        "p(95)": 0.030255049999999967,
        "count": 10000
      }
    },
    "iterations": {
      "type": "counter",
      "contains": "default",
      "values": {
        "count": 10000,
        "rate": 419.62344541509987
      }
    },
    "http_req_duration": {
      "type": "trend",
      "contains": "time",
      "values": {
        "max": 11.418672,
        "p(50)": 1.932059,
        "p(90)": 2.3300973,
        "p(95)": 2.5732074,
        "p(99)": 6.741711710000092,
        "avg": 2.049341441399998,
        "min": 1.076871,
        "med": 1.932059,
        "p(99.99)": 10.884837388799623,
        "count": 10000
      }
    },
    "http_req_failed": {
      "type": "rate",
      "contains": "default",
      "values": {
        "rate": 0,
        "passes": 0,
        "fails": 10000
      }
    },
    "response_time": {
      "values": {
        "max": 11.418672,
        "p(95)": 2.5732074,
        "p(99.99)": 10.884837388799623,
        "count": 10000,
        "avg": 2.049341441399998,
        "min": 1.076871,
        "med": 1.932059,
        "p(50)": 1.932059,
        "p(90)": 2.3300973,
        "p(99)": 6.741711710000092
      },
      "type": "trend",
      "contains": "default"
    },
    "reponse_size_body": {
      "values": {
        "min": 20849,
        "med": 20849,
        "p(90)": 20849,
        "p(99)": 20849,
        "p(99.99)": 20849,
        "avg": 20849,
        "max": 20849,
        "p(50)": 20849,
        "p(95)": 20849,
        "count": 10000
      },
      "type": "trend",
      "contains": "default"
    },
    "iteration_duration": {
      "type": "trend",
      "contains": "time",
      "values": {
        "p(50)": 2.2462299999999997,
        "p(95)": 2.956567349999998,
        "p(99.99)": 11.518411676399706,
        "count": 10000,
        "avg": 2.3658375536000094,
        "min": 1.263276,
        "med": 2.2462299999999997,
        "max": 11.935134,
        "p(90)": 2.6801601,
        "p(99)": 7.136873740000123
      }
    },
    "data_sent": {
      "contains": "data",
      "values": {
        "count": 3970000,
        "rate": 166590.50782979463
      },
      "type": "counter"
    },
    "http_reqs": {
      "type": "counter",
      "contains": "default",
      "values": {
        "count": 10000,
        "rate": 419.62344541509987
      }
    },
    "http_req_waiting": {
      "type": "trend",
      "contains": "time",
      "values": {
        "avg": 1.9147373781000012,
        "min": 0.987625,
        "max": 10.677492,
        "p(99)": 6.599736710000073,
        "p(99.99)": 10.02911284439954,
        "count": 10000,
        "med": 1.801993,
        "p(50)": 1.801993,
        "p(90)": 2.1709133,
        "p(95)": 2.393004849999999
      }
    },
    "http_req_blocked": {
      "type": "trend",
      "contains": "time",
      "values": {
        "avg": 0.007643237500000002,
        "min": 0.001471,
        "med": 0.004748,
        "max": 1.196788,
        "p(90)": 0.006196200000000001,
        "p(50)": 0.004748,
        "p(95)": 0.007173399999999994,
        "p(99)": 0.17859218000000135,
        "p(99.99)": 0.5297897064995283,
        "count": 10000
      }
    },
    "http_req_connecting": {
      "type": "trend",
      "contains": "time",
      "values": {
        "p(99.99)": 0.3461484340999474,
        "count": 10000,
        "avg": 0.0016599770999999998,
        "min": 0,
        "med": 0,
        "max": 0.420482,
        "p(50)": 0,
        "p(90)": 0,
        "p(95)": 0,
        "p(99)": 0.0011512600000251297
      }
    },
    "http_req_receiving": {
      "type": "trend",
      "contains": "time",
      "values": {
        "avg": 0.11371452170000028,
        "med": 0.1018655,
        "max": 3.957426,
        "p(90)": 0.15453990000000004,
        "p(95)": 0.18636564999999994,
        "count": 10000,
        "min": 0.031675,
        "p(50)": 0.1018655,
        "p(99)": 0.30036035,
        "p(99.99)": 1.7645173127984488
      }
    },
    "checks": {
      "type": "rate",
      "contains": "default",
      "values": {
        "rate": 1,
        "passes": 10000,
        "fails": 0
      }
    },
    "response_size": {
      "type": "trend",
      "contains": "default",
      "values": {
        "med": 21353,
        "max": 21353,
        "p(50)": 21353,
        "p(95)": 21353,
        "p(99)": 21353,
        "p(99.99)": 21353,
        "avg": 21352.48,
        "min": 21301,
        "p(90)": 21353,
        "count": 10000
      }
    },
    "data_received": {
      "contains": "data",
      "values": {
        "count": 214137100,
        "rate": 8985694.769319778
      },
      "type": "counter"
    },
    "vus": {
      "type": "gauge",
      "contains": "default",
      "values": {
        "value": 1,
        "min": 1,
        "max": 1
      }
    },
    "vus_max": {
      "type": "gauge",
      "contains": "default",
      "values": {
        "value": 1,
        "min": 1,
        "max": 1
      }
    }
  },
  "root_group": {
    "name": "",
    "path": "",
    "id": "d41d8cd98f00b204e9800998ecf8427e",
    "groups": [],
    "checks": [
        {
          "name": "is status 200",
          "path": "::is status 200",
          "id": "548d37ca5f33793206f7832e7cea54fb",
          "passes": 10000,
          "fails": 0
        }
      ]
  }
}