{
  "metrics": {
    "data_sent": {
      "type": "counter",
      "contains": "data",
      "values": {
        "count": 491000,
        "rate": 24143.221069911127
      }
    },
    "data_received": {
      "contains": "data",
      "values": {
        "count": 614504,
        "rate": 30216.101670763073
      },
      "type": "counter"
    },
    "iteration_duration": {
      "type": "trend",
      "contains": "time",
      "values": {
        "count": 1000,
        "min": 12.997996,
        "p(50)": 15.6372255,
        "p(90)": 37.3480142,
        "p(95)": 39.83370089999999,
        "p(99)": 44.80278367999998,
        "p(99.99)": 158.26225719429732,
        "avg": 20.318412685999988,
        "med": 15.6372255,
        "max": 163.895113
      }
    },
    "http_req_waiting": {
      "type": "trend",
      "contains": "time",
      "values": {
        "min": 12.601296,
        "p(50)": 15.2609455,
        "p(90)": 36.9055426,
        "p(95)": 39.492276499999996,
        "p(99)": 44.49131709999999,
        "avg": 19.893820038999976,
        "med": 15.2609455,
        "max": 163.472036,
        "p(99.99)": 157.8450257428973,
        "count": 1000
      }
    },
    "http_req_duration": {
      "type": "trend",
      "contains": "time",
      "values": {
        "p(99)": 44.578886719999986,
        "p(99.99)": 157.9629794904973,
        "count": 1000,
        "avg": 20.02342114199999,
        "max": 163.593334,
        "p(90)": 37.0506833,
        "p(95)": 39.5952281,
        "min": 12.703381,
        "med": 15.362524,
        "p(50)": 15.362524
      }
    },
    "reponse_size": {
      "type": "trend",
      "contains": "default",
      "values": {
        "avg": 205.794,
        "p(50)": 206,
        "p(95)": 206,
        "p(99)": 206,
        "p(99.99)": 206,
        "count": 1000,
        "min": 202,
        "med": 206,
        "max": 206,
        "p(90)": 206
      }
    },
    "vus_max": {
      "type": "gauge",
      "contains": "default",
      "values": {
        "max": 1,
        "value": 1,
        "min": 1
      }
    },
    "checks": {
      "values": {
        "rate": 1,
        "passes": 1000,
        "fails": 0
      },
      "type": "rate",
      "contains": "default"
    },
    "http_req_duration{expected_response:true}": {
      "type": "trend",
      "contains": "time",
      "values": {
        "avg": 20.02342114199999,
        "p(50)": 15.362524,
        "p(99)": 44.578886719999986,
        "min": 12.703381,
        "med": 15.362524,
        "max": 163.593334,
        "p(90)": 37.0506833,
        "p(95)": 39.5952281,
        "p(99.99)": 157.9629794904973,
        "count": 1000
      }
    },
    "http_req_blocked": {
      "type": "trend",
      "contains": "time",
      "values": {
        "min": 0.002432,
        "med": 0.0038775,
        "max": 0.408293,
        "p(90)": 0.006335400000000001,
        "p(95)": 0.009369549999999997,
        "p(99.99)": 0.3969903139999946,
        "avg": 0.007380607999999995,
        "p(50)": 0.0038775,
        "p(99)": 0.1704685099999999,
        "count": 1000
      }
    },
    "iterations": {
      "type": "counter",
      "contains": "default",
      "values": {
        "count": 1000,
        "rate": 49.17152967395342
      }
    },
    "http_reqs": {
      "contains": "default",
      "values": {
        "rate": 49.17152967395342,
        "count": 1000
      },
      "type": "counter"
    },
    "http_req_receiving": {
      "type": "trend",
      "contains": "time",
      "values": {
        "med": 0.074864,
        "max": 22.167154,
        "p(90)": 0.1011172,
        "p(95)": 0.11897775,
        "p(99)": 0.25845159999999995,
        "avg": 0.10638445300000007,
        "p(50)": 0.074864,
        "p(99.99)": 20.22938071299907,
        "count": 1000,
        "min": 0.039913
      }
    },
    "http_req_failed": {
      "contains": "default",
      "values": {
        "rate": 0,
        "passes": 0,
        "fails": 1000
      },
      "type": "rate"
    },
    "http_req_sending": {
      "values": {
        "avg": 0.02321665000000001,
        "med": 0.019588500000000002,
        "max": 0.368052,
        "p(95)": 0.03666485,
        "p(99.99)": 0.3641115443999981,
        "min": 0.011925,
        "p(50)": 0.019588500000000002,
        "p(90)": 0.029852800000000006,
        "p(99)": 0.07666084999999992,
        "count": 1000
      },
      "type": "trend",
      "contains": "time"
    },
    "response_time": {
      "type": "trend",
      "contains": "default",
      "values": {
        "avg": 20.02342114199999,
        "med": 15.362524,
        "p(99)": 44.578886719999986,
        "min": 12.703381,
        "max": 163.593334,
        "p(50)": 15.362524,
        "p(90)": 37.0506833,
        "p(95)": 39.5952281,
        "p(99.99)": 157.9629794904973,
        "count": 1000
      }
    },
    "http_req_connecting": {
      "type": "trend",
      "contains": "time",
      "values": {
        "med": 0,
        "p(50)": 0,
        "p(95)": 0,
        "p(99)": 0.0011065499999989936,
        "count": 1000,
        "avg": 0.0018853019999999997,
        "max": 0.305671,
        "p(90)": 0,
        "p(99.99)": 0.29942385339999705,
        "min": 0
      }
    },
    "http_req_tls_handshaking": {
      "type": "trend",
      "contains": "time",
      "values": {
        "p(99.99)": 0,
        "count": 1000,
        "avg": 0,
        "max": 0,
        "p(99)": 0,
        "p(90)": 0,
        "p(95)": 0,
        "min": 0,
        "med": 0,
        "p(50)": 0
      }
    },
    "vus": {
      "type": "gauge",
      "contains": "default",
      "values": {
        "value": 1,
        "min": 1,
        "max": 1
      }
    }
  },
  "root_group": {
    "name": "",
    "path": "",
    "id": "d41d8cd98f00b204e9800998ecf8427e",
    "groups": [],
    "checks": [
        {
          "fails": 0,
          "name": "is status 200",
          "path": "::is status 200",
          "id": "548d37ca5f33793206f7832e7cea54fb",
          "passes": 1000
        }
      ]
  },
  "options": {
    "summaryTimeUnit": "ms",
    "noColor": false,
    "summaryTrendStats": [
      "avg",
      "min",
      "med",
      "max",
      "p(50)",
      "p(90)",
      "p(95)",
      "p(99)",
      "p(99.99)",
      "count"
    ]
  },
  "state": {
    "isStdOutTTY": false,
    "isStdErrTTY": false,
    "testRunDurationMs": 20336.971549
  }
}