{
  "options": {
    "noColor": false,
    "summaryTrendStats": [
      "avg",
      "min",
      "med",
      "max",
      "p(50)",
      "p(90)",
      "p(95)",
      "p(99)",
      "p(99.99)",
      "count"
    ],
    "summaryTimeUnit": "ms"
  },
  "state": {
    "isStdOutTTY": false,
    "isStdErrTTY": false,
    "testRunDurationMs": 2035.524464
  },
  "metrics": {
    "iteration_duration": {
      "type": "trend",
      "contains": "time",
      "values": {
        "p(95)": 2.5247024499999995,
        "p(99.99)": 39.147108800999995,
        "med": 1.6096469999999998,
        "p(50)": 1.6096469999999998,
        "p(90)": 2.1078646,
        "p(99)": 16.955939029999996,
        "count": 1000,
        "avg": 2.019615606999999,
        "min": 0.883731,
        "max": 39.150906
      }
    },
    "response_time": {
      "type": "trend",
      "contains": "default",
      "values": {
        "min": 0.784733,
        "max": 38.880639,
        "p(50)": 1.4130194999999999,
        "p(99.99)": 38.86348646969999,
        "count": 1000,
        "avg": 1.819365177,
        "med": 1.4130194999999999,
        "p(90)": 1.8971241,
        "p(95)": 2.2540845,
        "p(99)": 16.729317669999997
      }
    },
    "http_req_blocked": {
      "type": "trend",
      "contains": "time",
      "values": {
        "p(99.99)": 0.3651081748999976,
        "med": 0.004258,
        "p(95)": 0.0071623999999999985,
        "max": 0.370178,
        "p(50)": 0.004258,
        "p(90)": 0.005723800000000001,
        "p(99)": 0.0839230099999988,
        "count": 1000,
        "avg": 0.007224322,
        "min": 0.002015
      }
    },
    "data_received": {
      "type": "counter",
      "contains": "data",
      "values": {
        "count": 588710,
        "rate": 289217.8455291707
      }
    },
    "response_size": {
      "type": "trend",
      "contains": "default",
      "values": {
        "avg": 545.48,
        "min": 494,
        "p(95)": 546,
        "p(99)": 546,
        "med": 546,
        "max": 546,
        "p(50)": 546,
        "p(90)": 546,
        "p(99.99)": 546,
        "count": 1000
      }
    },
    "http_req_waiting": {
      "type": "trend",
      "contains": "time",
      "values": {
        "p(99.99)": 38.75537587149999,
        "count": 1000,
        "p(99)": 8.550328409999992,
        "min": 0.742901,
        "med": 1.3285315,
        "max": 38.775727,
        "p(50)": 1.3285315,
        "p(90)": 1.7659384999999999,
        "p(95)": 2.07587205,
        "avg": 1.6879807639999997
      }
    },
    "vus": {
      "type": "gauge",
      "contains": "default",
      "values": {
        "value": 1,
        "min": 1,
        "max": 1
      }
    },
    "vus_max": {
      "type": "gauge",
      "contains": "default",
      "values": {
        "value": 1,
        "min": 1,
        "max": 1
      }
    },
    "reponse_size_body": {
      "type": "trend",
      "contains": "default",
      "values": {
        "avg": 46,
        "med": 46,
        "max": 46,
        "p(95)": 46,
        "count": 1000,
        "min": 46,
        "p(50)": 46,
        "p(90)": 46,
        "p(99)": 46,
        "p(99.99)": 46
      }
    },
    "http_req_connecting": {
      "type": "trend",
      "contains": "time",
      "values": {
        "p(95)": 0,
        "p(99)": 0.0013619599999987614,
        "count": 1000,
        "p(50)": 0,
        "p(90)": 0,
        "med": 0,
        "max": 0.286776,
        "p(99.99)": 0.2815082729999975,
        "avg": 0.001852439,
        "min": 0
      }
    },
    "http_req_sending": {
      "type": "trend",
      "contains": "time",
      "values": {
        "min": 0.008628,
        "max": 0.161443,
        "p(50)": 0.017141999999999998,
        "p(90)": 0.0220554,
        "p(95)": 0.02606005,
        "p(99)": 0.05417544999999996,
        "p(99.99)": 0.15658296489999768,
        "avg": 0.018306012000000028,
        "med": 0.017141999999999998,
        "count": 1000
      }
    },
    "checks": {
      "type": "rate",
      "contains": "default",
      "values": {
        "rate": 1,
        "passes": 1000,
        "fails": 0
      }
    },
    "iterations": {
      "contains": "default",
      "values": {
        "count": 1000,
        "rate": 491.27387937893144
      },
      "type": "counter"
    },
    "data_sent": {
      "values": {
        "count": 378000,
        "rate": 185701.52640523607
      },
      "type": "counter",
      "contains": "data"
    },
    "http_req_duration{expected_response:true}": {
      "type": "trend",
      "contains": "time",
      "values": {
        "p(99.99)": 38.86348646969999,
        "count": 1000,
        "avg": 1.819365177,
        "p(90)": 1.8971241,
        "p(95)": 2.2540845,
        "p(99)": 16.729317669999997,
        "min": 0.784733,
        "med": 1.4130194999999999,
        "max": 38.880639,
        "p(50)": 1.4130194999999999
      }
    },
    "http_req_tls_handshaking": {
      "type": "trend",
      "contains": "time",
      "values": {
        "min": 0,
        "p(50)": 0,
        "p(95)": 0,
        "p(99.99)": 0,
        "p(99)": 0,
        "count": 1000,
        "avg": 0,
        "med": 0,
        "max": 0,
        "p(90)": 0
      }
    },
    "http_reqs": {
      "type": "counter",
      "contains": "default",
      "values": {
        "count": 1000,
        "rate": 491.27387937893144
      }
    },
    "http_req_receiving": {
      "type": "trend",
      "contains": "time",
      "values": {
        "min": 0.029093,
        "p(50)": 0.063975,
        "p(99.99)": 21.994958936099664,
        "count": 1000,
        "avg": 0.11307840100000015,
        "med": 0.063975,
        "max": 22.700289,
        "p(90)": 0.090301,
        "p(95)": 0.1089782,
        "p(99)": 0.29022265999999985
      }
    },
    "http_req_duration": {
      "type": "trend",
      "contains": "time",
      "values": {
        "max": 38.880639,
        "p(50)": 1.4130194999999999,
        "p(95)": 2.2540845,
        "p(99)": 16.729317669999997,
        "p(99.99)": 38.86348646969999,
        "count": 1000,
        "avg": 1.819365177,
        "min": 0.784733,
        "med": 1.4130194999999999,
        "p(90)": 1.8971241
      }
    },
    "http_req_failed": {
      "type": "rate",
      "contains": "default",
      "values": {
        "rate": 0,
        "passes": 0,
        "fails": 1000
      }
    }
  },
  "root_group": {
    "groups": [],
    "checks": [
        {
          "passes": 1000,
          "fails": 0,
          "name": "is status 200",
          "path": "::is status 200",
          "id": "548d37ca5f33793206f7832e7cea54fb"
        }
      ],
    "name": "",
    "path": "",
    "id": "d41d8cd98f00b204e9800998ecf8427e"
  }
}