{
  "metrics": {
    "checks": {
      "type": "rate",
      "contains": "default",
      "values": {
        "rate": 1,
        "passes": 10000,
        "fails": 0
      }
    },
    "http_reqs": {
      "type": "counter",
      "contains": "default",
      "values": {
        "count": 10000,
        "rate": 10.177187795649283
      }
    },
    "http_req_tls_handshaking": {
      "type": "trend",
      "contains": "time",
      "values": {
        "med": 0,
        "max": 0,
        "p(50)": 0,
        "count": 10000,
        "p(99.99)": 0,
        "avg": 0,
        "min": 0,
        "p(90)": 0,
        "p(95)": 0,
        "p(99)": 0
      }
    },
    "iterations": {
      "type": "counter",
      "contains": "default",
      "values": {
        "count": 10000,
        "rate": 10.177187795649283
      }
    },
    "http_req_connecting": {
      "type": "trend",
      "contains": "time",
      "values": {
        "med": 0,
        "p(50)": 0,
        "p(99)": 0,
        "p(99.99)": 0.00002004629985822794,
        "avg": 0.0000200463,
        "max": 0.200463,
        "p(90)": 0,
        "p(95)": 0,
        "count": 10000,
        "min": 0
      }
    },
    "http_req_failed": {
      "type": "rate",
      "contains": "default",
      "values": {
        "fails": 10000,
        "rate": 0,
        "passes": 0
      }
    },
    "data_sent": {
      "contains": "data",
      "values": {
        "count": 4850000,
        "rate": 4935.936080889903
      },
      "type": "counter"
    },
    "data_received": {
      "contains": "data",
      "values": {
        "rate": 6966.911960890147,
        "count": 6845616
      },
      "type": "counter"
    },
    "http_req_sending": {
      "type": "trend",
      "contains": "time",
      "values": {
        "avg": 0.028224068999999935,
        "med": 0.021973,
        "max": 0.697136,
        "p(50)": 0.021973,
        "p(95)": 0.0522741,
        "p(99)": 0.14059074000000024,
        "p(99.99)": 0.5137333420998703,
        "min": 0.01213,
        "p(90)": 0.03645400000000001,
        "count": 10000
      }
    },
    "http_req_waiting": {
      "type": "trend",
      "contains": "time",
      "values": {
        "avg": 97.37030803430027,
        "med": 97.3170015,
        "max": 289.929849,
        "p(50)": 97.3170015,
        "p(90)": 102.1910852,
        "p(99.99)": 247.87698670677025,
        "count": 10000,
        "min": 65.403085,
        "p(95)": 105.30933794999999,
        "p(99)": 131.35074007000003
      }
    },
    "http_req_duration": {
      "type": "trend",
      "contains": "time",
      "values": {
        "avg": 97.59524891069995,
        "med": 97.451833,
        "max": 290.11506,
        "p(50)": 97.451833,
        "p(90)": 102.3893054,
        "p(99.99)": 248.0049594311702,
        "count": 10000,
        "min": 65.524114,
        "p(95)": 105.65149214999998,
        "p(99)": 131.51389536000002
      }
    },
    "http_req_receiving": {
      "type": "trend",
      "contains": "time",
      "values": {
        "max": 27.059148,
        "p(95)": 0.22741654999999983,
        "p(99)": 0.4482023700000002,
        "count": 10000,
        "avg": 0.19671680739999822,
        "min": 0.044177,
        "med": 0.102161,
        "p(50)": 0.102161,
        "p(90)": 0.1464508,
        "p(99.99)": 26.207568166499396
      }
    },
    "reponse_size": {
      "type": "trend",
      "contains": "default",
      "values": {
        "count": 10000,
        "min": 97,
        "p(50)": 98,
        "p(90)": 98,
        "p(99)": 98,
        "p(99.99)": 98,
        "avg": 97.8215,
        "med": 98,
        "max": 98,
        "p(95)": 98
      }
    },
    "vus_max": {
      "values": {
        "value": 1,
        "min": 1,
        "max": 1
      },
      "type": "gauge",
      "contains": "default"
    },
    "http_req_blocked": {
      "type": "trend",
      "contains": "time",
      "values": {
        "p(95)": 0.010002449999999979,
        "count": 10000,
        "max": 0.290881,
        "p(90)": 0.0067951,
        "med": 0.004423,
        "p(50)": 0.004423,
        "p(99)": 0.02812395000000002,
        "p(99.99)": 0.2843916489999954,
        "avg": 0.005790599900000001,
        "min": 0.002209
      }
    },
    "iteration_duration": {
      "type": "trend",
      "contains": "time",
      "values": {
        "p(95)": 106.22875339999999,
        "p(99.99)": 248.65238342477025,
        "min": 66.208929,
        "p(90)": 103.023511,
        "max": 290.712425,
        "p(50)": 98.107969,
        "p(99)": 132.11766794000002,
        "count": 10000,
        "avg": 98.23557019880026,
        "med": 98.107969
      }
    },
    "response_time": {
      "values": {
        "avg": 97.59524891069995,
        "p(90)": 102.3893054,
        "p(99.99)": 248.0049594311702,
        "count": 10000,
        "min": 65.524114,
        "med": 97.451833,
        "max": 290.11506,
        "p(50)": 97.451833,
        "p(95)": 105.65149214999998,
        "p(99)": 131.51389536000002
      },
      "type": "trend",
      "contains": "default"
    },
    "vus": {
      "type": "gauge",
      "contains": "default",
      "values": {
        "value": 1,
        "min": 1,
        "max": 1
      }
    },
    "http_req_duration{expected_response:true}": {
      "contains": "time",
      "values": {
        "max": 290.11506,
        "p(90)": 102.3893054,
        "p(95)": 105.65149214999998,
        "p(99)": 131.51389536000002,
        "avg": 97.59524891069995,
        "min": 65.524114,
        "p(99.99)": 248.0049594311702,
        "count": 10000,
        "med": 97.451833,
        "p(50)": 97.451833
      },
      "type": "trend"
    }
  },
  "root_group": {
    "groups": [],
    "checks": [
        {
          "path": "::status is 200",
          "id": "6210a8cd14cd70477eba5c5e4cb3fb5f",
          "passes": 10000,
          "fails": 0,
          "name": "status is 200"
        }
      ],
    "name": "",
    "path": "",
    "id": "d41d8cd98f00b204e9800998ecf8427e"
  },
  "options": {
    "summaryTrendStats": [
      "avg",
      "min",
      "med",
      "max",
      "p(50)",
      "p(90)",
      "p(95)",
      "p(99)",
      "p(99.99)",
      "count"
    ],
    "summaryTimeUnit": "ms",
    "noColor": false
  },
  "state": {
    "isStdErrTTY": false,
    "testRunDurationMs": 982589.709534,
    "isStdOutTTY": false
  }
}