{
  "root_group": {
    "name": "",
    "path": "",
    "id": "d41d8cd98f00b204e9800998ecf8427e",
    "groups": [],
    "checks": [
        {
          "path": "::is status 200",
          "id": "548d37ca5f33793206f7832e7cea54fb",
          "passes": 1000,
          "fails": 0,
          "name": "is status 200"
        }
      ]
  },
  "options": {
    "summaryTrendStats": [
      "avg",
      "min",
      "med",
      "max",
      "p(50)",
      "p(90)",
      "p(95)",
      "p(99)",
      "p(99.99)",
      "count"
    ],
    "summaryTimeUnit": "ms",
    "noColor": false
  },
  "state": {
    "isStdOutTTY": false,
    "isStdErrTTY": false,
    "testRunDurationMs": 8074.193107
  },
  "metrics": {
    "http_req_sending": {
      "type": "trend",
      "contains": "time",
      "values": {
        "min": 0.010293,
        "max": 0.234354,
        "p(99.99)": 0.22967997869999776,
        "count": 1000,
        "avg": 0.022681535000000006,
        "med": 0.0200965,
        "p(50)": 0.0200965,
        "p(90)": 0.0313798,
        "p(95)": 0.03643965,
        "p(99)": 0.06775467999999998
      }
    },
    "data_received": {
      "type": "counter",
      "contains": "data",
      "values": {
        "count": 7544710,
        "rate": 934422.7838022652
      }
    },
    "http_req_waiting": {
      "type": "trend",
      "contains": "time",
      "values": {
        "p(99.99)": 77.0281083351991,
        "count": 1000,
        "max": 78.917752,
        "p(50)": 3.4728715,
        "p(90)": 26.305738100000003,
        "p(99)": 49.354369529999964,
        "avg": 7.317017573,
        "min": 1.966172,
        "med": 3.4728715,
        "p(95)": 32.84210695
      }
    },
    "iterations": {
      "type": "counter",
      "contains": "default",
      "values": {
        "count": 1000,
        "rate": 123.85138511649423
      }
    },
    "checks": {
      "contains": "default",
      "values": {
        "rate": 1,
        "passes": 1000,
        "fails": 0
      },
      "type": "rate"
    },
    "reponse_size_body": {
      "values": {
        "avg": 7134,
        "med": 7134,
        "max": 7134,
        "p(99)": 7134,
        "min": 7134,
        "p(50)": 7134,
        "p(90)": 7134,
        "p(95)": 7134,
        "p(99.99)": 7134,
        "count": 1000
      },
      "type": "trend",
      "contains": "default"
    },
    "http_req_failed": {
      "type": "rate",
      "contains": "default",
      "values": {
        "passes": 0,
        "fails": 1000,
        "rate": 0
      }
    },
    "http_req_connecting": {
      "type": "trend",
      "contains": "time",
      "values": {
        "p(95)": 0,
        "count": 1000,
        "avg": 0.0019268159999999998,
        "min": 0,
        "p(90)": 0,
        "p(99)": 0.0010854299999990128,
        "p(99.99)": 0.29520627869999805,
        "med": 0,
        "max": 0.299181,
        "p(50)": 0
      }
    },
    "vus_max": {
      "values": {
        "max": 1,
        "value": 1,
        "min": 1
      },
      "type": "gauge",
      "contains": "default"
    },
    "http_req_duration": {
      "values": {
        "p(95)": 33.503099299999995,
        "count": 1000,
        "med": 3.648965,
        "p(50)": 3.648965,
        "max": 79.100872,
        "p(90)": 28.082878600000004,
        "p(99)": 52.80618630999999,
        "p(99.99)": 77.2080656010991,
        "avg": 7.804555021000007,
        "min": 2.053774
      },
      "type": "trend",
      "contains": "time"
    },
    "response_time": {
      "type": "trend",
      "contains": "default",
      "values": {
        "count": 1000,
        "min": 2.053774,
        "max": 79.100872,
        "p(90)": 28.082878600000004,
        "p(99)": 52.80618630999999,
        "p(99.99)": 77.2080656010991,
        "avg": 7.804555021000007,
        "med": 3.648965,
        "p(50)": 3.648965,
        "p(95)": 33.503099299999995
      }
    },
    "data_sent": {
      "values": {
        "count": 403000,
        "rate": 49912.10820194717
      },
      "type": "counter",
      "contains": "data"
    },
    "http_reqs": {
      "values": {
        "count": 1000,
        "rate": 123.85138511649423
      },
      "type": "counter",
      "contains": "default"
    },
    "http_req_receiving": {
      "type": "trend",
      "contains": "time",
      "values": {
        "avg": 0.4648559129999997,
        "med": 0.107501,
        "max": 56.078377,
        "p(99)": 11.627748979999945,
        "count": 1000,
        "min": 0.061645,
        "p(50)": 0.107501,
        "p(90)": 0.17823960000000005,
        "p(95)": 0.2412233999999993,
        "p(99.99)": 54.25749960009913
      }
    },
    "vus": {
      "type": "gauge",
      "contains": "default",
      "values": {
        "max": 1,
        "value": 1,
        "min": 1
      }
    },
    "response_size": {
      "type": "trend",
      "contains": "default",
      "values": {
        "p(50)": 7496,
        "p(90)": 7496,
        "p(99)": 7496,
        "p(99.99)": 7496,
        "count": 1000,
        "avg": 7495.48,
        "med": 7496,
        "max": 7496,
        "p(95)": 7496,
        "min": 7444
      }
    },
    "http_req_tls_handshaking": {
      "type": "trend",
      "contains": "time",
      "values": {
        "p(50)": 0,
        "p(90)": 0,
        "p(99)": 0,
        "avg": 0,
        "min": 0,
        "med": 0,
        "max": 0,
        "p(95)": 0,
        "p(99.99)": 0,
        "count": 1000
      }
    },
    "iteration_duration": {
      "type": "trend",
      "contains": "time",
      "values": {
        "p(99.99)": 77.51863620839909,
        "avg": 8.052776016999987,
        "med": 3.878795,
        "max": 79.415346,
        "p(90)": 28.410840400000005,
        "count": 1000,
        "min": 2.244138,
        "p(50)": 3.878795,
        "p(95)": 33.81650559999999,
        "p(99)": 53.06082588999998
      }
    },
    "http_req_blocked": {
      "type": "trend",
      "contains": "time",
      "values": {
        "avg": 0.008747118999999987,
        "p(90)": 0.008058099999999999,
        "p(99.99)": 0.5369906794999904,
        "count": 1000,
        "min": 0.002557,
        "med": 0.0049345,
        "max": 0.55715,
        "p(50)": 0.0049345,
        "p(95)": 0.00986375,
        "p(99)": 0.10882667999999952
      }
    },
    "http_req_duration{expected_response:true}": {
      "type": "trend",
      "contains": "time",
      "values": {
        "min": 2.053774,
        "p(90)": 28.082878600000004,
        "count": 1000,
        "avg": 7.804555021000007,
        "med": 3.648965,
        "max": 79.100872,
        "p(50)": 3.648965,
        "p(95)": 33.503099299999995,
        "p(99)": 52.80618630999999,
        "p(99.99)": 77.2080656010991
      }
    }
  }
}