{
  "options": {
    "summaryTimeUnit": "ms",
    "noColor": false,
    "summaryTrendStats": [
      "avg",
      "min",
      "med",
      "max",
      "p(50)",
      "p(90)",
      "p(95)",
      "p(99)",
      "p(99.99)",
      "count"
    ]
  },
  "state": {
    "isStdOutTTY": false,
    "isStdErrTTY": false,
    "testRunDurationMs": 19540.504108
  },
  "metrics": {
    "http_req_sending": {
      "type": "trend",
      "contains": "time",
      "values": {
        "med": 0.019055,
        "max": 0.188804,
        "p(50)": 0.019055,
        "p(90)": 0.0295718,
        "avg": 0.021532028000000005,
        "min": 0.010743,
        "p(95)": 0.03430339999999999,
        "p(99)": 0.06723095999999999,
        "p(99.99)": 0.18855005419999987,
        "count": 1000
      }
    },
    "response_time": {
      "type": "trend",
      "contains": "default",
      "values": {
        "med": 5.362673,
        "max": 589.196752,
        "p(95)": 82.64156444999996,
        "p(99)": 97.37760082,
        "p(99.99)": 540.9657671640769,
        "avg": 19.274951471000005,
        "min": 2.746107,
        "p(50)": 5.362673,
        "p(90)": 70.85875150000001,
        "count": 1000
      }
    },
    "vus_max": {
      "type": "gauge",
      "contains": "default",
      "values": {
        "value": 1,
        "min": 1,
        "max": 1
      }
    },
    "http_req_blocked": {
      "type": "trend",
      "contains": "time",
      "values": {
        "p(95)": 0.010178749999999997,
        "p(99.99)": 0.36087528159999815,
        "count": 1000,
        "min": 0.002542,
        "med": 0.0048195,
        "max": 0.364753,
        "p(50)": 0.0048195,
        "p(90)": 0.0083354,
        "p(99)": 0.16358900999999984,
        "avg": 0.008358345000000003
      }
    },
    "response_size": {
      "type": "trend",
      "contains": "default",
      "values": {
        "avg": 7496.48,
        "med": 7497,
        "p(50)": 7497,
        "p(95)": 7497,
        "p(99.99)": 7497,
        "count": 1000,
        "min": 7445,
        "max": 7497,
        "p(90)": 7497,
        "p(99)": 7497
      }
    },
    "data_received": {
      "values": {
        "rate": 386157.38664135797,
        "count": 7545710
      },
      "type": "counter",
      "contains": "data"
    },
    "http_reqs": {
      "type": "counter",
      "contains": "default",
      "values": {
        "count": 1000,
        "rate": 51.17575239988788
      }
    },
    "http_req_duration": {
      "values": {
        "avg": 19.274951471000005,
        "p(95)": 82.64156444999996,
        "p(99)": 97.37760082,
        "p(90)": 70.85875150000001,
        "p(99.99)": 540.9657671640769,
        "count": 1000,
        "min": 2.746107,
        "med": 5.362673,
        "max": 589.196752,
        "p(50)": 5.362673
      },
      "type": "trend",
      "contains": "time"
    },
    "reponse_size_body": {
      "type": "trend",
      "contains": "default",
      "values": {
        "p(99)": 7135,
        "count": 1000,
        "avg": 7135,
        "max": 7135,
        "p(90)": 7135,
        "p(95)": 7135,
        "p(99.99)": 7135,
        "min": 7135,
        "med": 7135,
        "p(50)": 7135
      }
    },
    "data_sent": {
      "type": "counter",
      "contains": "data",
      "values": {
        "count": 403000,
        "rate": 20623.828217154816
      }
    },
    "iteration_duration": {
      "type": "trend",
      "contains": "time",
      "values": {
        "avg": 19.519458999000022,
        "min": 2.956501,
        "med": 5.594532,
        "p(90)": 71.13481349999999,
        "max": 590.369632,
        "p(50)": 5.594532,
        "p(95)": 82.96961434999996,
        "p(99)": 97.62825204,
        "p(99.99)": 542.0467417614768,
        "count": 1000
      }
    },
    "http_req_receiving": {
      "type": "trend",
      "contains": "time",
      "values": {
        "max": 83.825953,
        "p(95)": 0.6140588499999994,
        "p(99)": 4.165950689999549,
        "avg": 0.9228545260000012,
        "min": 0.065732,
        "p(90)": 0.4524627000000001,
        "p(99.99)": 83.56351589979987,
        "count": 1000,
        "med": 0.1171285,
        "p(50)": 0.1171285
      }
    },
    "checks": {
      "type": "rate",
      "contains": "default",
      "values": {
        "rate": 1,
        "passes": 1000,
        "fails": 0
      }
    },
    "http_req_tls_handshaking": {
      "contains": "time",
      "values": {
        "med": 0,
        "max": 0,
        "p(99.99)": 0,
        "count": 1000,
        "avg": 0,
        "min": 0,
        "p(50)": 0,
        "p(90)": 0,
        "p(95)": 0,
        "p(99)": 0
      },
      "type": "trend"
    },
    "vus": {
      "type": "gauge",
      "contains": "default",
      "values": {
        "value": 1,
        "min": 1,
        "max": 1
      }
    },
    "http_req_connecting": {
      "type": "trend",
      "contains": "time",
      "values": {
        "min": 0,
        "max": 0.28816,
        "p(95)": 0,
        "p(99)": 0.0012112599999988983,
        "p(99.99)": 0.28255461099999735,
        "count": 1000,
        "avg": 0.001762152,
        "med": 0,
        "p(50)": 0,
        "p(90)": 0
      }
    },
    "http_req_failed": {
      "contains": "default",
      "values": {
        "rate": 0,
        "passes": 0,
        "fails": 1000
      },
      "type": "rate"
    },
    "iterations": {
      "type": "counter",
      "contains": "default",
      "values": {
        "count": 1000,
        "rate": 51.17575239988788
      }
    },
    "http_req_duration{expected_response:true}": {
      "type": "trend",
      "contains": "time",
      "values": {
        "min": 2.746107,
        "med": 5.362673,
        "max": 589.196752,
        "p(95)": 82.64156444999996,
        "count": 1000,
        "avg": 19.274951471000005,
        "p(50)": 5.362673,
        "p(90)": 70.85875150000001,
        "p(99)": 97.37760082,
        "p(99.99)": 540.9657671640769
      }
    },
    "http_req_waiting": {
      "contains": "time",
      "values": {
        "min": 2.632794,
        "med": 5.1702695,
        "p(99)": 96.86611925999999,
        "count": 1000,
        "avg": 18.33056491699998,
        "max": 588.412004,
        "p(50)": 5.1702695,
        "p(90)": 69.30963840000001,
        "p(95)": 80.1130084,
        "p(99.99)": 540.1596651394769
      },
      "type": "trend"
    }
  },
  "root_group": {
    "name": "",
    "path": "",
    "id": "d41d8cd98f00b204e9800998ecf8427e",
    "groups": [],
    "checks": [
        {
          "id": "548d37ca5f33793206f7832e7cea54fb",
          "passes": 1000,
          "fails": 0,
          "name": "is status 200",
          "path": "::is status 200"
        }
      ]
  }
}