{
  "state": {
    "isStdOutTTY": false,
    "isStdErrTTY": false,
    "testRunDurationMs": 41484.852628
  },
  "metrics": {
    "response_time": {
      "values": {
        "count": 10000,
        "avg": 3.8176975529000154,
        "min": 2.48876,
        "max": 62.174731,
        "p(50)": 3.5053219999999996,
        "p(90)": 4.734586,
        "p(99)": 7.102722300000001,
        "med": 3.5053219999999996,
        "p(95)": 5.401477,
        "p(99.99)": 61.66845663249964
      },
      "type": "trend",
      "contains": "default"
    },
    "http_req_waiting": {
      "contains": "time",
      "values": {
        "max": 60.977567,
        "avg": 3.203545525300001,
        "min": 1.954175,
        "p(90)": 3.937717400000001,
        "p(95)": 4.587295599999997,
        "p(99)": 5.885811190000001,
        "p(99.99)": 60.747872971699834,
        "count": 10000,
        "med": 2.9917550000000004,
        "p(50)": 2.9917550000000004
      },
      "type": "trend"
    },
    "http_req_connecting": {
      "contains": "time",
      "values": {
        "p(50)": 0,
        "p(95)": 0,
        "p(99.99)": 0.000022713499839364886,
        "avg": 0.000022713500000000002,
        "min": 0,
        "max": 0.227135,
        "count": 10000,
        "med": 0,
        "p(90)": 0,
        "p(99)": 0
      },
      "type": "trend"
    },
    "http_req_duration{expected_response:true}": {
      "type": "trend",
      "contains": "time",
      "values": {
        "min": 2.48876,
        "max": 62.174731,
        "p(90)": 4.734586,
        "p(99)": 7.102722300000001,
        "count": 10000,
        "avg": 3.8176975529000154,
        "med": 3.5053219999999996,
        "p(50)": 3.5053219999999996,
        "p(95)": 5.401477,
        "p(99.99)": 61.66845663249964
      }
    },
    "http_req_tls_handshaking": {
      "type": "trend",
      "contains": "time",
      "values": {
        "p(95)": 0,
        "p(99)": 0,
        "p(99.99)": 0,
        "avg": 0,
        "min": 0,
        "p(90)": 0,
        "count": 10000,
        "med": 0,
        "max": 0,
        "p(50)": 0
      }
    },
    "reponse_size_body": {
      "type": "trend",
      "contains": "default",
      "values": {
        "p(99)": 63572,
        "p(99.99)": 63572,
        "avg": 63572,
        "med": 63572,
        "max": 63572,
        "p(50)": 63572,
        "p(90)": 63572,
        "min": 63572,
        "p(95)": 63572,
        "count": 10000
      }
    },
    "response_size": {
      "values": {
        "max": 63953,
        "p(50)": 63953,
        "p(95)": 63953,
        "p(99.99)": 63953,
        "count": 10000,
        "avg": 63953,
        "min": 63953,
        "med": 63953,
        "p(90)": 63953,
        "p(99)": 63953
      },
      "type": "trend",
      "contains": "default"
    },
    "http_req_failed": {
      "type": "rate",
      "contains": "default",
      "values": {
        "rate": 0,
        "passes": 0,
        "fails": 10000
      }
    },
    "vus": {
      "type": "gauge",
      "contains": "default",
      "values": {
        "value": 1,
        "min": 1,
        "max": 1
      }
    },
    "http_req_duration": {
      "type": "trend",
      "contains": "time",
      "values": {
        "med": 3.5053219999999996,
        "max": 62.174731,
        "p(50)": 3.5053219999999996,
        "p(99)": 7.102722300000001,
        "min": 2.48876,
        "p(90)": 4.734586,
        "p(95)": 5.401477,
        "p(99.99)": 61.66845663249964,
        "count": 10000,
        "avg": 3.8176975529000154
      }
    },
    "checks": {
      "type": "rate",
      "contains": "default",
      "values": {
        "rate": 1,
        "passes": 10000,
        "fails": 0
      }
    },
    "data_sent": {
      "type": "counter",
      "contains": "data",
      "values": {
        "count": 3910000,
        "rate": 94251.2688923225
      }
    },
    "http_req_blocked": {
      "type": "trend",
      "contains": "time",
      "values": {
        "min": 0.00252,
        "med": 0.005592,
        "p(50)": 0.005592,
        "count": 10000,
        "avg": 0.006283105699999997,
        "p(90)": 0.008101200000000001,
        "p(95)": 0.009476399999999994,
        "p(99)": 0.01735732000000001,
        "p(99.99)": 0.2757416221999532,
        "max": 0.341957
      }
    },
    "vus_max": {
      "type": "gauge",
      "contains": "default",
      "values": {
        "value": 1,
        "min": 1,
        "max": 1
      }
    },
    "iterations": {
      "type": "counter",
      "contains": "default",
      "values": {
        "count": 10000,
        "rate": 241.0518385992903
      }
    },
    "http_reqs": {
      "values": {
        "count": 10000,
        "rate": 241.0518385992903
      },
      "type": "counter",
      "contains": "default"
    },
    "http_req_sending": {
      "type": "trend",
      "contains": "time",
      "values": {
        "p(90)": 0.030305300000000007,
        "count": 10000,
        "p(50)": 0.0227215,
        "min": 0.009348,
        "med": 0.0227215,
        "max": 0.379548,
        "p(95)": 0.03492659999999999,
        "p(99)": 0.06331600999999999,
        "p(99.99)": 0.3228576695999599,
        "avg": 0.024633934399999953
      }
    },
    "http_req_receiving": {
      "type": "trend",
      "contains": "time",
      "values": {
        "p(95)": 0.9561828499999998,
        "p(99)": 2.2158208700000017,
        "p(99.99)": 53.3895026570985,
        "min": 0.096904,
        "med": 0.4682755,
        "max": 55.515861,
        "p(50)": 0.4682755,
        "p(90)": 0.7475497000000001,
        "avg": 0.5895180932000001,
        "count": 10000
      }
    },
    "data_received": {
      "values": {
        "count": 641054596,
        "rate": 15452738.900832525
      },
      "type": "counter",
      "contains": "data"
    },
    "iteration_duration": {
      "type": "trend",
      "contains": "time",
      "values": {
        "count": 10000,
        "p(50)": 3.8085655000000003,
        "p(90)": 5.071675,
        "p(95)": 5.787299549999999,
        "p(99.99)": 62.0724026567997,
        "p(99)": 7.53114851,
        "avg": 4.127208412200003,
        "min": 2.702067,
        "med": 3.8085655000000003,
        "max": 62.498928
      }
    }
  },
  "root_group": {
    "name": "",
    "path": "",
    "id": "d41d8cd98f00b204e9800998ecf8427e",
    "groups": [],
    "checks": [
        {
          "name": "is status 200",
          "path": "::is status 200",
          "id": "548d37ca5f33793206f7832e7cea54fb",
          "passes": 10000,
          "fails": 0
        }
      ]
  },
  "options": {
    "summaryTrendStats": [
      "avg",
      "min",
      "med",
      "max",
      "p(50)",
      "p(90)",
      "p(95)",
      "p(99)",
      "p(99.99)",
      "count"
    ],
    "summaryTimeUnit": "ms",
    "noColor": false
  }
}