{
  "Total" : {
    "transaction" : "Total",
    "sampleCount" : 15000,
    "errorCount" : 0,
    "errorPct" : 0.0,
    "meanResTime" : 1.605466666666666,
    "medianResTime" : 1.0,
    "minResTime" : 1.0,
    "maxResTime" : 65.0,
    "pct1ResTime" : 2.0,
    "pct2ResTime" : 2.0,
    "pct3ResTime" : 7.0,
    "throughput" : 609.7808854018456,
    "receivedKBytesPerSec" : 865.6685262866376,
    "sentKBytesPerSec" : 73.84065409162974
  },
  "HTTP Request" : {
    "transaction" : "HTTP Request",
    "sampleCount" : 15000,
    "errorCount" : 0,
    "errorPct" : 0.0,
    "meanResTime" : 1.605466666666666,
    "medianResTime" : 1.0,
    "minResTime" : 1.0,
    "maxResTime" : 65.0,
    "pct1ResTime" : 2.0,
    "pct2ResTime" : 2.0,
    "pct3ResTime" : 7.0,
    "throughput" : 609.7808854018456,
    "receivedKBytesPerSec" : 865.6685262866376,
    "sentKBytesPerSec" : 73.84065409162974
  }
}