{
  "Total" : {
    "transaction" : "Total",
    "sampleCount" : 15000,
    "errorCount" : 0,
    "errorPct" : 0.0,
    "meanResTime" : 2.3449333333333415,
    "medianResTime" : 2.0,
    "minResTime" : 0.0,
    "maxResTime" : 57.0,
    "pct1ResTime" : 3.0,
    "pct2ResTime" : 4.0,
    "pct3ResTime" : 9.0,
    "throughput" : 405.39444879868114,
    "receivedKBytesPerSec" : 575.5136368780574,
    "sentKBytesPerSec" : 49.090734034215295
  },
  "HTTP Request" : {
    "transaction" : "HTTP Request",
    "sampleCount" : 15000,
    "errorCount" : 0,
    "errorPct" : 0.0,
    "meanResTime" : 2.3449333333333415,
    "medianResTime" : 2.0,
    "minResTime" : 0.0,
    "maxResTime" : 57.0,
    "pct1ResTime" : 3.0,
    "pct2ResTime" : 4.0,
    "pct3ResTime" : 9.0,
    "throughput" : 405.39444879868114,
    "receivedKBytesPerSec" : 575.5136368780574,
    "sentKBytesPerSec" : 49.090734034215295
  }
}