{
  "metrics": {
    "iteration_duration": {
      "values": {
        "avg": 4.142342458600013,
        "med": 2.720232,
        "max": 479.003853,
        "count": 15000,
        "min": 0.944708,
        "p(50)": 2.720232,
        "p(90)": 5.055672700000001,
        "p(95)": 6.782535699999987,
        "p(99)": 48.474562560000045,
        "p(99.99)": 89.6591457274999
      },
      "type": "trend",
      "contains": "time"
    },
    "data_received": {
      "type": "counter",
      "contains": "data",
      "values": {
        "count": 21805650,
        "rate": 349178.22860270995
      }
    },
    "data_sent": {
      "type": "counter",
      "contains": "data",
      "values": {
        "rate": 43475.837255773506,
        "count": 2715000
      }
    },
    "iterations": {
      "type": "counter",
      "contains": "default",
      "values": {
        "count": 15000,
        "rate": 240.1979958882514
      }
    },
    "checks": {
      "type": "rate",
      "contains": "default",
      "values": {
        "rate": 1,
        "passes": 15000,
        "fails": 0
      }
    },
    "http_req_failed": {
      "contains": "default",
      "values": {
        "rate": 0,
        "passes": 0,
        "fails": 15000
      },
      "type": "rate"
    },
    "http_req_tls_handshaking": {
      "type": "trend",
      "contains": "time",
      "values": {
        "p(90)": 0,
        "p(95)": 0,
        "med": 0,
        "p(50)": 0,
        "max": 0,
        "p(99)": 0,
        "p(99.99)": 0,
        "count": 15000,
        "avg": 0,
        "min": 0
      }
    },
    "http_reqs": {
      "type": "counter",
      "contains": "default",
      "values": {
        "count": 15000,
        "rate": 240.1979958882514
      }
    },
    "response_time": {
      "type": "trend",
      "contains": "default",
      "values": {
        "p(50)": 2.466956,
        "p(99)": 47.87608703000001,
        "p(99.99)": 89.1799055989997,
        "count": 15000,
        "avg": 3.8602169118666776,
        "med": 2.466956,
        "p(90)": 4.628211800000001,
        "p(95)": 6.3424024,
        "min": 0.791518,
        "max": 477.462471
      }
    },
    "http_req_connecting": {
      "type": "trend",
      "contains": "time",
      "values": {
        "p(90)": 0,
        "p(95)": 0,
        "p(99)": 0.0013519200000295095,
        "avg": 0.0025112540666666658,
        "min": 0,
        "p(50)": 0,
        "p(99.99)": 0.45160737399997614,
        "count": 15000,
        "med": 0,
        "max": 0.709153
      }
    },
    "http_req_receiving": {
      "type": "trend",
      "contains": "time",
      "values": {
        "count": 15000,
        "avg": 0.15542369060000083,
        "max": 58.996372,
        "p(50)": 0.091566,
        "p(90)": 0.16858690000000004,
        "p(99.99)": 45.44510276289936,
        "min": 0.027418,
        "med": 0.091566,
        "p(95)": 0.19748159999999984,
        "p(99)": 0.28582861000000004
      }
    },
    "http_req_blocked": {
      "type": "trend",
      "contains": "time",
      "values": {
        "med": 0.005732,
        "max": 0.929435,
        "p(90)": 0.0103061,
        "count": 15000,
        "avg": 0.010609079066666688,
        "min": 0.001785,
        "p(50)": 0.005732,
        "p(95)": 0.013587199999999997,
        "p(99)": 0.21454207000000006,
        "p(99.99)": 0.6486609884999824
      }
    },
    "vus_max": {
      "type": "gauge",
      "contains": "default",
      "values": {
        "value": 1,
        "min": 1,
        "max": 1
      }
    },
    "http_req_sending": {
      "type": "trend",
      "contains": "time",
      "values": {
        "avg": 0.026724964733333252,
        "max": 0.584778,
        "p(99)": 0.09162067,
        "min": 0.006787,
        "med": 0.022204,
        "p(50)": 0.022204,
        "p(90)": 0.04072320000000001,
        "p(95)": 0.05221824999999995,
        "p(99.99)": 0.5067378529999161,
        "count": 15000
      }
    },
    "http_req_waiting": {
      "type": "trend",
      "contains": "time",
      "values": {
        "avg": 3.6780682565333356,
        "min": 0.729898,
        "max": 476.944156,
        "p(50)": 2.347039,
        "p(99)": 46.839835430000015,
        "p(99.99)": 88.98064122129965,
        "count": 15000,
        "med": 2.347039,
        "p(90)": 4.394193700000001,
        "p(95)": 5.937436249999999
      }
    },
    "reponse_size_body": {
      "values": {
        "min": 1032,
        "med": 1032,
        "p(50)": 1032,
        "p(90)": 1032,
        "p(99.99)": 1032,
        "count": 15000,
        "avg": 1032,
        "p(95)": 1032,
        "p(99)": 1032,
        "max": 1032
      },
      "type": "trend",
      "contains": "default"
    },
    "response_size": {
      "type": "trend",
      "contains": "default",
      "values": {
        "p(95)": 1406,
        "min": 1354,
        "p(90)": 1406,
        "max": 1406,
        "p(50)": 1406,
        "p(99)": 1406,
        "p(99.99)": 1406,
        "count": 15000,
        "avg": 1405.48,
        "med": 1406
      }
    },
    "vus": {
      "type": "gauge",
      "contains": "default",
      "values": {
        "value": 1,
        "min": 1,
        "max": 1
      }
    },
    "http_req_duration": {
      "values": {
        "p(50)": 2.466956,
        "p(95)": 6.3424024,
        "p(99)": 47.87608703000001,
        "p(99.99)": 89.1799055989997,
        "med": 2.466956,
        "min": 0.791518,
        "max": 477.462471,
        "p(90)": 4.628211800000001,
        "count": 15000,
        "avg": 3.8602169118666776
      },
      "type": "trend",
      "contains": "time"
    },
    "http_req_duration{expected_response:true}": {
      "type": "trend",
      "contains": "time",
      "values": {
        "count": 15000,
        "med": 2.466956,
        "p(50)": 2.466956,
        "p(99)": 47.87608703000001,
        "p(99.99)": 89.1799055989997,
        "p(95)": 6.3424024,
        "avg": 3.8602169118666776,
        "min": 0.791518,
        "max": 477.462471,
        "p(90)": 4.628211800000001
      }
    }
  },
  "root_group": {
    "groups": [],
    "checks": [
        {
          "name": "is status 200",
          "path": "::is status 200",
          "id": "548d37ca5f33793206f7832e7cea54fb",
          "passes": 15000,
          "fails": 0
        }
      ],
    "name": "",
    "path": "",
    "id": "d41d8cd98f00b204e9800998ecf8427e"
  },
  "options": {
    "summaryTimeUnit": "ms",
    "noColor": false,
    "summaryTrendStats": [
      "avg",
      "min",
      "med",
      "max",
      "p(50)",
      "p(90)",
      "p(95)",
      "p(99)",
      "p(99.99)",
      "count"
    ]
  },
  "state": {
    "isStdOutTTY": true,
    "isStdErrTTY": true,
    "testRunDurationMs": 62448.481073
  }
}