{
  "state": {
    "isStdOutTTY": false,
    "isStdErrTTY": false,
    "testRunDurationMs": 90676.64311
  },
  "metrics": {
    "http_reqs": {
      "type": "counter",
      "contains": "default",
      "values": {
        "count": 1000,
        "rate": 11.028198284611156
      }
    },
    "http_req_duration": {
      "type": "trend",
      "contains": "time",
      "values": {
        "p(99)": 168.27836255999998,
        "p(99.99)": 260.32305140089795,
        "count": 1000,
        "avg": 90.29928734500005,
        "max": 264.539132,
        "p(50)": 90.6195135,
        "p(90)": 97.39751290000001,
        "min": 59.262996,
        "med": 90.6195135,
        "p(95)": 102.88821614999999
      }
    },
    "iterations": {
      "type": "counter",
      "contains": "default",
      "values": {
        "rate": 11.028198284611156,
        "count": 1000
      }
    },
    "checks": {
      "type": "rate",
      "contains": "default",
      "values": {
        "rate": 1,
        "passes": 1000,
        "fails": 0
      }
    },
    "http_req_waiting": {
      "type": "trend",
      "contains": "time",
      "values": {
        "avg": 90.12450752099984,
        "med": 90.4416785,
        "max": 264.389612,
        "p(50)": 90.4416785,
        "p(90)": 97.2112139,
        "count": 1000,
        "min": 59.134897,
        "p(95)": 102.80562134999998,
        "p(99)": 168.14044988999999,
        "p(99.99)": 260.176342387098
      }
    },
    "vus_max": {
      "values": {
        "min": 1,
        "max": 1,
        "value": 1
      },
      "type": "gauge",
      "contains": "default"
    },
    "reponse_size": {
      "type": "trend",
      "contains": "default",
      "values": {
        "p(99)": 212,
        "count": 1000,
        "min": 209,
        "max": 212,
        "p(50)": 212,
        "p(95)": 212,
        "p(99.99)": 212,
        "avg": 211.778,
        "med": 212,
        "p(90)": 212
      }
    },
    "http_req_receiving": {
      "values": {
        "avg": 0.14494101600000012,
        "min": 0.044714,
        "p(50)": 0.1015095,
        "p(90)": 0.158225,
        "p(99.99)": 22.79659678989902,
        "count": 1000,
        "med": 0.1015095,
        "max": 24.838243,
        "p(95)": 0.24420124999999993,
        "p(99)": 0.3875874699999992
      },
      "type": "trend",
      "contains": "time"
    },
    "iteration_duration": {
      "type": "trend",
      "contains": "time",
      "values": {
        "med": 91.0314305,
        "max": 264.876263,
        "p(90)": 97.7284111,
        "p(99)": 168.62299201999997,
        "avg": 90.65103497899999,
        "min": 59.598695,
        "p(50)": 91.0314305,
        "p(95)": 103.33649795,
        "p(99.99)": 260.688420834198,
        "count": 1000
      }
    },
    "http_req_tls_handshaking": {
      "type": "trend",
      "contains": "time",
      "values": {
        "avg": 0,
        "med": 0,
        "p(50)": 0,
        "p(99.99)": 0,
        "min": 0,
        "max": 0,
        "p(90)": 0,
        "p(95)": 0,
        "p(99)": 0,
        "count": 1000
      }
    },
    "response_time": {
      "type": "trend",
      "contains": "default",
      "values": {
        "avg": 90.29928734500005,
        "min": 59.262996,
        "max": 264.539132,
        "p(50)": 90.6195135,
        "p(95)": 102.88821614999999,
        "p(99)": 168.27836255999998,
        "p(99.99)": 260.32305140089795,
        "count": 1000,
        "med": 90.6195135,
        "p(90)": 97.39751290000001
      }
    },
    "http_req_sending": {
      "type": "trend",
      "contains": "time",
      "values": {
        "count": 1000,
        "avg": 0.02983880800000001,
        "max": 0.541956,
        "p(50)": 0.024156499999999997,
        "p(90)": 0.037794900000000006,
        "p(99.99)": 0.5262997718999924,
        "min": 0.013012,
        "med": 0.024156499999999997,
        "p(95)": 0.05132484999999993,
        "p(99)": 0.15210560999999997
      }
    },
    "http_req_blocked": {
      "type": "trend",
      "contains": "time",
      "values": {
        "count": 1000,
        "avg": 0.006387991000000002,
        "p(95)": 0.012525699999999997,
        "p(99.99)": 0.2575840087999905,
        "p(50)": 0.004795000000000001,
        "p(90)": 0.0088142,
        "p(99)": 0.030618289999999992,
        "min": 0.002371,
        "med": 0.004795000000000001,
        "max": 0.277373
      }
    },
    "data_sent": {
      "type": "counter",
      "contains": "data",
      "values": {
        "count": 530000,
        "rate": 5844.945090843913
      }
    },
    "http_req_failed": {
      "type": "rate",
      "contains": "default",
      "values": {
        "rate": 0,
        "passes": 0,
        "fails": 1000
      }
    },
    "vus": {
      "type": "gauge",
      "contains": "default",
      "values": {
        "value": 1,
        "min": 1,
        "max": 1
      }
    },
    "data_received": {
      "type": "counter",
      "contains": "data",
      "values": {
        "count": 664420,
        "rate": 7327.355504261344
      }
    },
    "http_req_duration{expected_response:true}": {
      "type": "trend",
      "contains": "time",
      "values": {
        "count": 1000,
        "min": 59.262996,
        "p(50)": 90.6195135,
        "p(90)": 97.39751290000001,
        "p(99)": 168.27836255999998,
        "p(99.99)": 260.32305140089795,
        "avg": 90.29928734500005,
        "med": 90.6195135,
        "max": 264.539132,
        "p(95)": 102.88821614999999
      }
    },
    "http_req_connecting": {
      "values": {
        "count": 1000,
        "med": 0,
        "max": 0.172397,
        "p(50)": 0,
        "p(90)": 0,
        "p(95)": 0,
        "p(99.99)": 0.15517453969999176,
        "avg": 0.000172397,
        "min": 0,
        "p(99)": 0
      },
      "type": "trend",
      "contains": "time"
    }
  },
  "root_group": {
    "name": "",
    "path": "",
    "id": "d41d8cd98f00b204e9800998ecf8427e",
    "groups": [],
    "checks": [
        {
          "name": "is status 200",
          "path": "::is status 200",
          "id": "548d37ca5f33793206f7832e7cea54fb",
          "passes": 1000,
          "fails": 0
        }
      ]
  },
  "options": {
    "summaryTrendStats": [
      "avg",
      "min",
      "med",
      "max",
      "p(50)",
      "p(90)",
      "p(95)",
      "p(99)",
      "p(99.99)",
      "count"
    ],
    "summaryTimeUnit": "ms",
    "noColor": false
  }
}