{
  "root_group": {
    "name": "",
    "path": "",
    "id": "d41d8cd98f00b204e9800998ecf8427e",
    "groups": [],
    "checks": [
        {
          "fails": 0,
          "name": "is status 200",
          "path": "::is status 200",
          "id": "548d37ca5f33793206f7832e7cea54fb",
          "passes": 1000
        }
      ]
  },
  "options": {
    "summaryTrendStats": [
      "avg",
      "min",
      "med",
      "max",
      "p(50)",
      "p(90)",
      "p(95)",
      "p(99)",
      "p(99.99)",
      "count"
    ],
    "summaryTimeUnit": "ms",
    "noColor": false
  },
  "state": {
    "testRunDurationMs": 89803.618564,
    "isStdOutTTY": false,
    "isStdErrTTY": false
  },
  "metrics": {
    "http_reqs": {
      "type": "counter",
      "contains": "default",
      "values": {
        "count": 1000,
        "rate": 11.13540875067672
      }
    },
    "http_req_blocked": {
      "type": "trend",
      "contains": "time",
      "values": {
        "avg": 0.00601899800000001,
        "min": 0.002342,
        "p(90)": 0.007508,
        "p(99)": 0.030775309999999962,
        "p(99.99)": 0.3817911429999827,
        "med": 0.00446,
        "max": 0.417898,
        "p(50)": 0.00446,
        "p(95)": 0.011105149999999998,
        "count": 1000
      }
    },
    "http_req_receiving": {
      "contains": "time",
      "values": {
        "max": 14.345299,
        "p(90)": 0.1494387,
        "p(99)": 0.32959216999999996,
        "count": 1000,
        "min": 0.047833,
        "med": 0.104734,
        "p(50)": 0.104734,
        "p(95)": 0.24492694999999992,
        "p(99.99)": 14.334605703999996,
        "avg": 0.14271612599999975
      },
      "type": "trend"
    },
    "iteration_duration": {
      "type": "trend",
      "contains": "time",
      "values": {
        "avg": 89.77664582099996,
        "max": 254.537699,
        "p(99)": 132.72318757999997,
        "p(99.99)": 249.9547245619978,
        "min": 59.569749,
        "med": 90.443396,
        "p(50)": 90.443396,
        "p(90)": 97.720355,
        "p(95)": 101.54257664999999,
        "count": 1000
      }
    },
    "vus_max": {
      "type": "gauge",
      "contains": "default",
      "values": {
        "value": 1,
        "min": 1,
        "max": 1
      }
    },
    "reponse_size": {
      "type": "trend",
      "contains": "default",
      "values": {
        "med": 212,
        "max": 212,
        "p(50)": 212,
        "count": 1000,
        "min": 209,
        "p(90)": 212,
        "p(95)": 212,
        "p(99)": 212,
        "p(99.99)": 212,
        "avg": 211.79
      }
    },
    "data_received": {
      "type": "counter",
      "contains": "data",
      "values": {
        "count": 664504,
        "rate": 7399.5236564596835
      }
    },
    "iterations": {
      "contains": "default",
      "values": {
        "count": 1000,
        "rate": 11.13540875067672
      },
      "type": "counter"
    },
    "vus": {
      "type": "gauge",
      "contains": "default",
      "values": {
        "value": 1,
        "min": 1,
        "max": 1
      }
    },
    "http_req_connecting": {
      "values": {
        "med": 0,
        "p(50)": 0,
        "p(90)": 0,
        "p(99)": 0,
        "avg": 0.00030867499999999995,
        "min": 0,
        "max": 0.308675,
        "p(95)": 0,
        "p(99.99)": 0.2778383674999852,
        "count": 1000
      },
      "type": "trend",
      "contains": "time"
    },
    "checks": {
      "type": "rate",
      "contains": "default",
      "values": {
        "rate": 1,
        "passes": 1000,
        "fails": 0
      }
    },
    "data_sent": {
      "values": {
        "rate": 5901.766637858662,
        "count": 530000
      },
      "type": "counter",
      "contains": "data"
    },
    "http_req_failed": {
      "type": "rate",
      "contains": "default",
      "values": {
        "rate": 0,
        "passes": 0,
        "fails": 1000
      }
    },
    "http_req_duration{expected_response:true}": {
      "type": "trend",
      "contains": "time",
      "values": {
        "med": 90.08467300000001,
        "p(95)": 101.22114715,
        "count": 1000,
        "avg": 89.42928332900027,
        "min": 59.256092,
        "max": 254.292105,
        "p(50)": 90.08467300000001,
        "p(90)": 97.3583673,
        "p(99)": 132.34334879,
        "p(99.99)": 249.7048395572978
      }
    },
    "http_req_duration": {
      "contains": "time",
      "values": {
        "avg": 89.42928332900027,
        "min": 59.256092,
        "med": 90.08467300000001,
        "count": 1000,
        "p(99)": 132.34334879,
        "p(99.99)": 249.7048395572978,
        "max": 254.292105,
        "p(50)": 90.08467300000001,
        "p(90)": 97.3583673,
        "p(95)": 101.22114715
      },
      "type": "trend"
    },
    "http_req_tls_handshaking": {
      "type": "trend",
      "contains": "time",
      "values": {
        "p(95)": 0,
        "p(99)": 0,
        "avg": 0,
        "med": 0,
        "max": 0,
        "p(50)": 0,
        "min": 0,
        "p(90)": 0,
        "p(99.99)": 0,
        "count": 1000
      }
    },
    "response_time": {
      "type": "trend",
      "contains": "default",
      "values": {
        "max": 254.292105,
        "p(50)": 90.08467300000001,
        "p(90)": 97.3583673,
        "p(99)": 132.34334879,
        "avg": 89.42928332900027,
        "med": 90.08467300000001,
        "p(95)": 101.22114715,
        "p(99.99)": 249.7048395572978,
        "count": 1000,
        "min": 59.256092
      }
    },
    "http_req_sending": {
      "values": {
        "avg": 0.03013731399999998,
        "med": 0.024167,
        "p(50)": 0.024167,
        "p(90)": 0.03667240000000001,
        "p(99.99)": 0.4325309266999997,
        "count": 1000,
        "min": 0.012211,
        "max": 0.433157,
        "p(95)": 0.05277874999999998,
        "p(99)": 0.15037488999999982
      },
      "type": "trend",
      "contains": "time"
    },
    "http_req_waiting": {
      "type": "trend",
      "contains": "time",
      "values": {
        "avg": 89.25642988899997,
        "p(90)": 97.106025,
        "p(95)": 101.11618585,
        "p(99)": 132.20193980999997,
        "p(99.99)": 249.60399469919778,
        "count": 1000,
        "min": 59.100372,
        "med": 89.913506,
        "max": 254.192301,
        "p(50)": 89.913506
      }
    }
  }
}