{
  "metrics": {
    "checks": {
      "type": "rate",
      "contains": "default",
      "values": {
        "rate": 1,
        "passes": 10000,
        "fails": 0
      }
    },
    "iterations": {
      "type": "counter",
      "contains": "default",
      "values": {
        "rate": 292.61357593585717,
        "count": 10000
      }
    },
    "http_req_connecting": {
      "type": "trend",
      "contains": "time",
      "values": {
        "avg": 0.000026492,
        "max": 0.26492,
        "p(90)": 0,
        "p(99)": 0,
        "count": 10000,
        "min": 0,
        "med": 0,
        "p(50)": 0,
        "p(95)": 0,
        "p(99.99)": 0.00002649199981264246
      }
    },
    "http_req_duration": {
      "values": {
        "p(99.99)": 41.303466620191756,
        "count": 10000,
        "min": 1.671512,
        "max": 52.958503,
        "p(90)": 3.7781231,
        "p(95)": 4.4124355,
        "avg": 3.158923050100003,
        "med": 3.0497195,
        "p(50)": 3.0497195,
        "p(99)": 5.549377810000004
      },
      "type": "trend",
      "contains": "time"
    },
    "http_req_receiving": {
      "type": "trend",
      "contains": "time",
      "values": {
        "p(95)": 0.21583584999999997,
        "count": 10000,
        "max": 38.365066,
        "p(90)": 0.1520371000000001,
        "med": 0.0858115,
        "p(50)": 0.0858115,
        "p(99)": 0.31983581000000005,
        "p(99.99)": 1.9504668240742442,
        "avg": 0.10701576800000039,
        "min": 0.032317
      }
    },
    "http_req_failed": {
      "type": "rate",
      "contains": "default",
      "values": {
        "fails": 10000,
        "rate": 0,
        "passes": 0
      }
    },
    "response_time": {
      "type": "trend",
      "contains": "default",
      "values": {
        "min": 1.671512,
        "p(95)": 4.4124355,
        "p(99.99)": 41.303466620191756,
        "count": 10000,
        "avg": 3.158923050100003,
        "med": 3.0497195,
        "max": 52.958503,
        "p(50)": 3.0497195,
        "p(90)": 3.7781231,
        "p(99)": 5.549377810000004
      }
    },
    "reponse_size_body": {
      "contains": "default",
      "values": {
        "p(99.99)": 609,
        "max": 609,
        "min": 609,
        "med": 609,
        "p(50)": 609,
        "p(90)": 609,
        "p(95)": 609,
        "p(99)": 609,
        "count": 10000,
        "avg": 609
      },
      "type": "trend"
    },
    "http_req_sending": {
      "type": "trend",
      "contains": "time",
      "values": {
        "avg": 0.02295982300000002,
        "med": 0.0223625,
        "p(95)": 0.03107805,
        "p(99)": 0.050822320000000004,
        "p(99.99)": 0.3358883048999837,
        "count": 10000,
        "min": 0.008142,
        "max": 0.358935,
        "p(50)": 0.0223625,
        "p(90)": 0.027258200000000003
      }
    },
    "iteration_duration": {
      "type": "trend",
      "contains": "time",
      "values": {
        "med": 3.2894915,
        "p(99)": 5.864605520000001,
        "count": 10000,
        "p(50)": 3.2894915,
        "p(90)": 4.0423609,
        "p(95)": 4.685487149999999,
        "p(99.99)": 41.62379422739177,
        "avg": 3.397357962399996,
        "min": 1.814109,
        "max": 53.254905
      }
    },
    "vus": {
      "type": "gauge",
      "contains": "default",
      "values": {
        "min": 1,
        "max": 1,
        "value": 1
      }
    },
    "vus_max": {
      "type": "gauge",
      "contains": "default",
      "values": {
        "value": 1,
        "min": 1,
        "max": 1
      }
    },
    "http_reqs": {
      "type": "counter",
      "contains": "default",
      "values": {
        "count": 10000,
        "rate": 292.61357593585717
      }
    },
    "http_req_blocked": {
      "values": {
        "min": 0.002024,
        "max": 0.369643,
        "p(90)": 0.0069581,
        "p(95)": 0.008444449999999994,
        "p(99)": 0.015882650000000016,
        "p(99.99)": 0.07043392389978836,
        "count": 10000,
        "avg": 0.00570849319999999,
        "med": 0.005348,
        "p(50)": 0.005348
      },
      "type": "trend",
      "contains": "time"
    },
    "data_received": {
      "type": "counter",
      "contains": "data",
      "values": {
        "count": 11101352,
        "rate": 324840.630644268
      }
    },
    "data_sent": {
      "contains": "data",
      "values": {
        "count": 4090000,
        "rate": 119678.95255776559
      },
      "type": "counter"
    },
    "http_req_tls_handshaking": {
      "contains": "time",
      "values": {
        "min": 0,
        "med": 0,
        "max": 0,
        "p(50)": 0,
        "p(95)": 0,
        "count": 10000,
        "avg": 0,
        "p(99)": 0,
        "p(99.99)": 0,
        "p(90)": 0
      },
      "type": "trend"
    },
    "http_req_duration{expected_response:true}": {
      "type": "trend",
      "contains": "time",
      "values": {
        "p(99.99)": 41.303466620191756,
        "p(50)": 3.0497195,
        "p(90)": 3.7781231,
        "p(95)": 4.4124355,
        "p(99)": 5.549377810000004,
        "count": 10000,
        "avg": 3.158923050100003,
        "min": 1.671512,
        "med": 3.0497195,
        "max": 52.958503
      }
    },
    "http_req_waiting": {
      "values": {
        "p(50)": 2.9251935,
        "p(90)": 3.6336737,
        "p(99)": 5.380960980000001,
        "p(99.99)": 41.171509645991755,
        "count": 10000,
        "avg": 3.0289474590999874,
        "min": 1.618617,
        "med": 2.9251935,
        "max": 52.826804,
        "p(95)": 4.234336649999999
      },
      "type": "trend",
      "contains": "time"
    },
    "response_size": {
      "type": "trend",
      "contains": "default",
      "values": {
        "avg": 1059,
        "min": 1059,
        "p(50)": 1059,
        "p(99.99)": 1059,
        "med": 1059,
        "max": 1059,
        "p(90)": 1059,
        "p(95)": 1059,
        "p(99)": 1059,
        "count": 10000
      }
    }
  },
  "root_group": {
    "name": "",
    "path": "",
    "id": "d41d8cd98f00b204e9800998ecf8427e",
    "groups": [],
    "checks": [
        {
          "name": "is status 200",
          "path": "::is status 200",
          "id": "548d37ca5f33793206f7832e7cea54fb",
          "passes": 10000,
          "fails": 0
        }
      ]
  },
  "options": {
    "summaryTrendStats": [
      "avg",
      "min",
      "med",
      "max",
      "p(50)",
      "p(90)",
      "p(95)",
      "p(99)",
      "p(99.99)",
      "count"
    ],
    "summaryTimeUnit": "ms",
    "noColor": false
  },
  "state": {
    "isStdOutTTY": false,
    "isStdErrTTY": false,
    "testRunDurationMs": 34174.764339
  }
}