{
  "options": {
    "noColor": false,
    "summaryTrendStats": [
      "avg",
      "min",
      "med",
      "max",
      "p(50)",
      "p(90)",
      "p(95)",
      "p(99)",
      "p(99.99)",
      "count"
    ],
    "summaryTimeUnit": "ms"
  },
  "state": {
    "isStdOutTTY": false,
    "isStdErrTTY": false,
    "testRunDurationMs": 1041514.245928
  },
  "metrics": {
    "data_sent": {
      "type": "counter",
      "contains": "data",
      "values": {
        "count": 5300000,
        "rate": 5088.744605003118
      }
    },
    "http_req_duration": {
      "type": "trend",
      "contains": "time",
      "values": {
        "min": 70.6466,
        "max": 267.620726,
        "p(50)": 101.96809049999999,
        "p(90)": 109.9093122,
        "p(99.99)": 265.72997109439865,
        "avg": 103.79310705579998,
        "med": 101.96809049999999,
        "p(95)": 119.80999109999999,
        "p(99)": 131.28971459000005,
        "count": 10000
      }
    },
    "vus_max": {
      "values": {
        "max": 1,
        "value": 1,
        "min": 1
      },
      "type": "gauge",
      "contains": "default"
    },
    "http_req_receiving": {
      "type": "trend",
      "contains": "time",
      "values": {
        "p(99)": 0.30862481000000014,
        "p(99.99)": 24.91054412419949,
        "p(95)": 0.16333509999999996,
        "count": 10000,
        "avg": 0.16606611610000013,
        "min": 0.042244,
        "med": 0.0950525,
        "max": 25.631714,
        "p(50)": 0.0950525,
        "p(90)": 0.13188470000000002
      }
    },
    "http_req_failed": {
      "type": "rate",
      "contains": "default",
      "values": {
        "rate": 0,
        "passes": 0,
        "fails": 10000
      }
    },
    "checks": {
      "values": {
        "fails": 0,
        "rate": 1,
        "passes": 10000
      },
      "type": "rate",
      "contains": "default"
    },
    "response_time": {
      "type": "trend",
      "contains": "default",
      "values": {
        "min": 70.6466,
        "med": 101.96809049999999,
        "p(90)": 109.9093122,
        "p(95)": 119.80999109999999,
        "count": 10000,
        "avg": 103.79310705579998,
        "max": 267.620726,
        "p(50)": 101.96809049999999,
        "p(99)": 131.28971459000005,
        "p(99.99)": 265.72997109439865
      }
    },
    "http_req_waiting": {
      "values": {
        "min": 70.502737,
        "p(95)": 119.23000049999997,
        "p(90)": 109.5365969,
        "p(99)": 131.04565005000003,
        "p(99.99)": 265.60745311019866,
        "count": 10000,
        "avg": 103.59824608690002,
        "med": 101.825862,
        "max": 267.498366,
        "p(50)": 101.825862
      },
      "type": "trend",
      "contains": "time"
    },
    "http_reqs": {
      "type": "counter",
      "contains": "default",
      "values": {
        "count": 10000,
        "rate": 9.601404915100222
      }
    },
    "http_req_tls_handshaking": {
      "type": "trend",
      "contains": "time",
      "values": {
        "avg": 0,
        "p(50)": 0,
        "p(90)": 0,
        "p(99.99)": 0,
        "p(99)": 0,
        "count": 10000,
        "min": 0,
        "med": 0,
        "max": 0,
        "p(95)": 0
      }
    },
    "iteration_duration": {
      "type": "trend",
      "contains": "time",
      "values": {
        "p(90)": 110.22102170000001,
        "p(95)": 120.1012185,
        "p(99)": 131.70173493000001,
        "count": 10000,
        "min": 70.972531,
        "p(50)": 102.3089185,
        "max": 268.122916,
        "p(99.99)": 266.09243206869854,
        "avg": 104.12811737500023,
        "med": 102.3089185
      }
    },
    "reponse_size": {
      "type": "trend",
      "contains": "default",
      "values": {
        "p(95)": 213,
        "p(99.99)": 213,
        "count": 10000,
        "avg": 212.7813,
        "min": 209,
        "max": 213,
        "p(99)": 213,
        "med": 213,
        "p(50)": 213,
        "p(90)": 213
      }
    },
    "vus": {
      "type": "gauge",
      "contains": "default",
      "values": {
        "value": 1,
        "min": 1,
        "max": 1
      }
    },
    "iterations": {
      "type": "counter",
      "contains": "default",
      "values": {
        "count": 10000,
        "rate": 9.601404915100222
      }
    },
    "http_req_sending": {
      "type": "trend",
      "contains": "time",
      "values": {
        "avg": 0.028794852800000086,
        "med": 0.024806,
        "max": 0.610501,
        "p(90)": 0.03571310000000001,
        "count": 10000,
        "min": 0.011831,
        "p(50)": 0.024806,
        "p(95)": 0.04791244999999997,
        "p(99)": 0.13397316,
        "p(99.99)": 0.5801720331999786
      }
    },
    "http_req_duration{expected_response:true}": {
      "type": "trend",
      "contains": "time",
      "values": {
        "p(99)": 131.28971459000005,
        "count": 10000,
        "max": 267.620726,
        "p(50)": 101.96809049999999,
        "med": 101.96809049999999,
        "p(90)": 109.9093122,
        "p(95)": 119.80999109999999,
        "p(99.99)": 265.72997109439865,
        "avg": 103.79310705579998,
        "min": 70.6466
      }
    },
    "http_req_connecting": {
      "type": "trend",
      "contains": "time",
      "values": {
        "p(99.99)": 0.3500250440998724,
        "count": 10000,
        "avg": 0.0022041198999999995,
        "med": 0,
        "p(99)": 0.001061350000023167,
        "p(90)": 0,
        "p(95)": 0,
        "min": 0,
        "max": 0.530448,
        "p(50)": 0
      }
    },
    "data_received": {
      "contains": "data",
      "values": {
        "count": 6214913,
        "rate": 5967.189622512026
      },
      "type": "counter"
    },
    "http_req_blocked": {
      "type": "trend",
      "contains": "time",
      "values": {
        "p(95)": 0.01119974999999999,
        "p(99)": 0.17617781000000027,
        "min": 0.002304,
        "max": 0.638831,
        "p(50)": 0.004759,
        "p(90)": 0.0078552,
        "p(99.99)": 0.5254403401999198,
        "count": 10000,
        "avg": 0.00882692690000001,
        "med": 0.004759
      }
    }
  },
  "root_group": {
    "checks": [
      {
        "fails": 0,
        "name": "is status 200",
        "path": "::is status 200",
        "id": "548d37ca5f33793206f7832e7cea54fb",
        "passes": 10000
      }
    ],
    "name": "",
    "path": "",
    "id": "d41d8cd98f00b204e9800998ecf8427e",
    "groups": []
  }
}