{
  "state": {
    "isStdOutTTY": false,
    "isStdErrTTY": false,
    "testRunDurationMs": 9421.830451
  },
  "metrics": {
    "http_req_connecting": {
      "contains": "time",
      "values": {
        "min": 0,
        "max": 0.35479,
        "p(50)": 0,
        "p(99)": 0,
        "p(99.99)": 0.31934647899998303,
        "count": 1000,
        "avg": 0.00035479,
        "med": 0,
        "p(90)": 0,
        "p(95)": 0
      },
      "type": "trend"
    },
    "http_req_blocked": {
      "type": "trend",
      "contains": "time",
      "values": {
        "p(90)": 0.006920100000000001,
        "p(99)": 0.018864189999999996,
        "max": 0.477624,
        "p(50)": 0.0044015,
        "p(95)": 0.00922115,
        "p(99.99)": 0.45394769999998863,
        "count": 1000,
        "avg": 0.005758563999999996,
        "min": 0.002385,
        "med": 0.0044015
      }
    },
    "http_req_waiting": {
      "type": "trend",
      "contains": "time",
      "values": {
        "p(99)": 48.867283569999984,
        "p(99.99)": 75.82120871009995,
        "avg": 8.948809662999993,
        "max": 75.916923,
        "p(90)": 9.919862199999999,
        "p(95)": 12.8452967,
        "min": 6.308766,
        "med": 7.647765,
        "p(50)": 7.647765,
        "count": 1000
      }
    },
    "http_req_tls_handshaking": {
      "contains": "time",
      "values": {
        "max": 0,
        "p(50)": 0,
        "p(90)": 0,
        "p(99)": 0,
        "avg": 0,
        "med": 0,
        "p(95)": 0,
        "p(99.99)": 0,
        "count": 1000,
        "min": 0
      },
      "type": "trend"
    },
    "http_req_failed": {
      "values": {
        "rate": 0,
        "passes": 0,
        "fails": 1000
      },
      "type": "rate",
      "contains": "default"
    },
    "http_req_duration": {
      "type": "trend",
      "contains": "time",
      "values": {
        "count": 1000,
        "avg": 9.078012816000003,
        "min": 6.41869,
        "max": 76.335951,
        "p(95)": 12.972467649999999,
        "p(99.99)": 76.21108349249994,
        "med": 7.784622000000001,
        "p(50)": 7.784622000000001,
        "p(90)": 10.0830998,
        "p(99)": 49.27412550999999
      }
    },
    "iterations": {
      "type": "counter",
      "contains": "default",
      "values": {
        "count": 1000,
        "rate": 106.13648857307378
      }
    },
    "http_reqs": {
      "type": "counter",
      "contains": "default",
      "values": {
        "count": 1000,
        "rate": 106.13648857307378
      }
    },
    "data_sent": {
      "type": "counter",
      "contains": "data",
      "values": {
        "count": 491000,
        "rate": 52113.015889379225
      }
    },
    "response_time": {
      "type": "trend",
      "contains": "default",
      "values": {
        "min": 6.41869,
        "med": 7.784622000000001,
        "max": 76.335951,
        "p(90)": 10.0830998,
        "p(99)": 49.27412550999999,
        "p(99.99)": 76.21108349249994,
        "avg": 9.078012816000003,
        "p(50)": 7.784622000000001,
        "p(95)": 12.972467649999999,
        "count": 1000
      }
    },
    "vus_max": {
      "type": "gauge",
      "contains": "default",
      "values": {
        "value": 1,
        "min": 1,
        "max": 1
      }
    },
    "reponse_size": {
      "type": "trend",
      "contains": "default",
      "values": {
        "count": 1000,
        "avg": 205.735,
        "med": 206,
        "p(95)": 206,
        "p(99.99)": 206,
        "p(99)": 206,
        "min": 203,
        "max": 206,
        "p(50)": 206,
        "p(90)": 206
      }
    },
    "http_req_duration{expected_response:true}": {
      "contains": "time",
      "values": {
        "max": 76.335951,
        "p(50)": 7.784622000000001,
        "p(95)": 12.972467649999999,
        "p(99)": 49.27412550999999,
        "count": 1000,
        "min": 6.41869,
        "med": 7.784622000000001,
        "p(90)": 10.0830998,
        "p(99.99)": 76.21108349249994,
        "avg": 9.078012816000003
      },
      "type": "trend"
    },
    "http_req_sending": {
      "type": "trend",
      "contains": "time",
      "values": {
        "p(90)": 0.0326897,
        "p(99.99)": 0.22469878139999466,
        "avg": 0.024884698000000007,
        "max": 0.235869,
        "p(50)": 0.022690500000000002,
        "p(95)": 0.038526599999999994,
        "p(99)": 0.061233449999999995,
        "count": 1000,
        "min": 0.012989,
        "med": 0.022690500000000002
      }
    },
    "http_req_receiving": {
      "type": "trend",
      "contains": "time",
      "values": {
        "avg": 0.10431845500000003,
        "max": 2.256665,
        "p(90)": 0.13768570000000002,
        "min": 0.049648,
        "med": 0.08119799999999999,
        "p(50)": 0.08119799999999999,
        "p(95)": 0.28377159999999996,
        "p(99)": 0.4255925899999999,
        "p(99.99)": 2.099398124299925,
        "count": 1000
      }
    },
    "checks": {
      "type": "rate",
      "contains": "default",
      "values": {
        "rate": 1,
        "passes": 1000,
        "fails": 0
      }
    },
    "iteration_duration": {
      "values": {
        "p(50)": 8.0810235,
        "p(90)": 10.476933599999999,
        "p(95)": 13.350605799999995,
        "p(99)": 49.56655094999999,
        "p(99.99)": 76.61207388889993,
        "avg": 9.401562898999993,
        "min": 6.656167,
        "med": 8.0810235,
        "max": 76.739735,
        "count": 1000
      },
      "type": "trend",
      "contains": "time"
    },
    "vus": {
      "type": "gauge",
      "contains": "default",
      "values": {
        "value": 1,
        "min": 1,
        "max": 1
      }
    },
    "data_received": {
      "contains": "data",
      "values": {
        "count": 569485,
        "rate": 60443.13819503692
      },
      "type": "counter"
    }
  },
  "root_group": {
    "path": "",
    "id": "d41d8cd98f00b204e9800998ecf8427e",
    "groups": [],
    "checks": [
        {
          "name": "is status 200",
          "path": "::is status 200",
          "id": "548d37ca5f33793206f7832e7cea54fb",
          "passes": 1000,
          "fails": 0
        }
      ],
    "name": ""
  },
  "options": {
    "summaryTrendStats": [
      "avg",
      "min",
      "med",
      "max",
      "p(50)",
      "p(90)",
      "p(95)",
      "p(99)",
      "p(99.99)",
      "count"
    ],
    "summaryTimeUnit": "ms",
    "noColor": false
  }
}