{
  "options": {
    "summaryTimeUnit": "ms",
    "noColor": false,
    "summaryTrendStats": [
      "avg",
      "min",
      "med",
      "max",
      "p(50)",
      "p(90)",
      "p(95)",
      "p(99)",
      "p(99.99)",
      "count"
    ]
  },
  "state": {
    "isStdOutTTY": false,
    "isStdErrTTY": false,
    "testRunDurationMs": 21789.038134
  },
  "metrics": {
    "vus_max": {
      "type": "gauge",
      "contains": "default",
      "values": {
        "min": 1,
        "max": 1,
        "value": 1
      }
    },
    "http_req_waiting": {
      "type": "trend",
      "contains": "time",
      "values": {
        "count": 1000,
        "avg": 21.26716360800001,
        "min": 14.791585,
        "med": 17.2119195,
        "max": 89.98151,
        "p(50)": 17.2119195,
        "p(95)": 36.837855,
        "p(90)": 33.136021,
        "p(99)": 65.76545488999993,
        "p(99.99)": 89.81549478139992
      }
    },
    "http_req_receiving": {
      "type": "trend",
      "contains": "time",
      "values": {
        "min": 0.049051,
        "med": 0.07863400000000001,
        "max": 21.707562,
        "p(95)": 0.22460494999999991,
        "p(99)": 0.4764385499999996,
        "avg": 0.18174720100000016,
        "p(50)": 0.07863400000000001,
        "p(90)": 0.1113731,
        "p(99.99)": 21.174245650199744,
        "count": 1000
      }
    },
    "reponse_size": {
      "values": {
        "p(50)": 206,
        "p(95)": 206,
        "p(99.99)": 206,
        "med": 206,
        "min": 202,
        "max": 206,
        "p(90)": 206,
        "p(99)": 206,
        "count": 1000,
        "avg": 205.767
      },
      "type": "trend",
      "contains": "default"
    },
    "http_req_duration{expected_response:true}": {
      "type": "trend",
      "contains": "time",
      "values": {
        "p(99.99)": 89.94009273089992,
        "med": 17.32354,
        "p(50)": 17.32354,
        "p(90)": 33.460467200000004,
        "p(95)": 36.95498535,
        "p(99)": 65.89407053999993,
        "count": 1000,
        "avg": 21.47210128900001,
        "min": 14.877017,
        "max": 90.107556
      }
    },
    "http_req_blocked": {
      "type": "trend",
      "contains": "time",
      "values": {
        "avg": 0.005035336000000009,
        "med": 0.004115499999999999,
        "p(99.99)": 0.29258107579999576,
        "min": 0.002532,
        "max": 0.301448,
        "p(50)": 0.004115499999999999,
        "p(90)": 0.005627200000000001,
        "p(95)": 0.008468349999999998,
        "p(99)": 0.013388279999999997,
        "count": 1000
      }
    },
    "http_req_tls_handshaking": {
      "type": "trend",
      "contains": "time",
      "values": {
        "p(99.99)": 0,
        "p(90)": 0,
        "p(95)": 0,
        "p(99)": 0,
        "max": 0,
        "p(50)": 0,
        "count": 1000,
        "avg": 0,
        "min": 0,
        "med": 0
      }
    },
    "checks": {
      "type": "rate",
      "contains": "default",
      "values": {
        "rate": 1,
        "passes": 1000,
        "fails": 0
      }
    },
    "vus": {
      "contains": "default",
      "values": {
        "value": 1,
        "min": 1,
        "max": 1
      },
      "type": "gauge"
    },
    "iteration_duration": {
      "contains": "time",
      "values": {
        "avg": 21.769853426999997,
        "min": 15.128424,
        "med": 17.6189975,
        "max": 90.644511,
        "p(90)": 33.766317,
        "p(99)": 66.44194610999993,
        "count": 1000,
        "p(50)": 17.6189975,
        "p(95)": 37.257585649999996,
        "p(99.99)": 90.4605828122999
      },
      "type": "trend"
    },
    "http_req_sending": {
      "type": "trend",
      "contains": "time",
      "values": {
        "min": 0.012711,
        "max": 0.491261,
        "p(50)": 0.0204185,
        "p(95)": 0.03417795,
        "p(99)": 0.05799192999999993,
        "count": 1000,
        "avg": 0.02319048,
        "med": 0.0204185,
        "p(90)": 0.0279975,
        "p(99.99)": 0.4721699101999909
      }
    },
    "http_reqs": {
      "values": {
        "count": 1000,
        "rate": 45.894637195553045
      },
      "type": "counter",
      "contains": "default"
    },
    "http_req_duration": {
      "type": "trend",
      "contains": "time",
      "values": {
        "med": 17.32354,
        "p(50)": 17.32354,
        "p(90)": 33.460467200000004,
        "p(95)": 36.95498535,
        "p(99)": 65.89407053999993,
        "p(99.99)": 89.94009273089992,
        "min": 14.877017,
        "max": 90.107556,
        "count": 1000,
        "avg": 21.47210128900001
      }
    },
    "iterations": {
      "type": "counter",
      "contains": "default",
      "values": {
        "count": 1000,
        "rate": 45.894637195553045
      }
    },
    "data_received": {
      "type": "counter",
      "contains": "data",
      "values": {
        "count": 658241,
        "rate": 30209.73188223803
      }
    },
    "http_req_failed": {
      "contains": "default",
      "values": {
        "rate": 0,
        "passes": 0,
        "fails": 1000
      },
      "type": "rate"
    },
    "http_req_connecting": {
      "type": "trend",
      "contains": "time",
      "values": {
        "avg": 0.00019348399999999998,
        "p(50)": 0,
        "count": 1000,
        "min": 0,
        "med": 0,
        "max": 0.193484,
        "p(90)": 0,
        "p(95)": 0,
        "p(99)": 0,
        "p(99.99)": 0.17415494839999074
      }
    },
    "response_time": {
      "type": "trend",
      "contains": "default",
      "values": {
        "med": 17.32354,
        "p(99)": 65.89407053999993,
        "count": 1000,
        "avg": 21.47210128900001,
        "min": 14.877017,
        "p(90)": 33.460467200000004,
        "p(95)": 36.95498535,
        "p(99.99)": 89.94009273089992,
        "max": 90.107556,
        "p(50)": 17.32354
      }
    },
    "data_sent": {
      "type": "counter",
      "contains": "data",
      "values": {
        "count": 491000,
        "rate": 22534.266863016543
      }
    }
  },
  "root_group": {
    "name": "",
    "path": "",
    "id": "d41d8cd98f00b204e9800998ecf8427e",
    "groups": [],
    "checks": [
        {
          "id": "548d37ca5f33793206f7832e7cea54fb",
          "passes": 1000,
          "fails": 0,
          "name": "is status 200",
          "path": "::is status 200"
        }
      ]
  }
}