{
  "root_group": {
    "name": "",
    "path": "",
    "id": "d41d8cd98f00b204e9800998ecf8427e",
    "groups": [],
    "checks": [
        {
          "passes": 10000,
          "fails": 0,
          "name": "status is 200",
          "path": "::status is 200",
          "id": "6210a8cd14cd70477eba5c5e4cb3fb5f"
        }
      ]
  },
  "options": {
    "summaryTrendStats": [
      "avg",
      "min",
      "med",
      "max",
      "p(50)",
      "p(90)",
      "p(95)",
      "p(99)",
      "p(99.99)",
      "count"
    ],
    "summaryTimeUnit": "ms",
    "noColor": false
  },
  "state": {
    "isStdOutTTY": false,
    "isStdErrTTY": false,
    "testRunDurationMs": 1153640.54416
  },
  "metrics": {
    "http_req_receiving": {
      "type": "trend",
      "contains": "time",
      "values": {
        "min": 0.044437,
        "med": 0.0985715,
        "p(90)": 0.13731269999999998,
        "count": 10000,
        "p(99.99)": 23.43570337019801,
        "avg": 0.1447011746999999,
        "max": 26.249124,
        "p(50)": 0.0985715,
        "p(95)": 0.16187659999999995,
        "p(99)": 0.31093600000000005
      }
    },
    "http_req_blocked": {
      "type": "trend",
      "contains": "time",
      "values": {
        "min": 0.002003,
        "med": 0.004551,
        "p(50)": 0.004551,
        "p(99.99)": 0.5982612838997009,
        "avg": 0.008874201499999951,
        "max": 1.021058,
        "p(90)": 0.007453100000000001,
        "p(95)": 0.0116411,
        "p(99)": 0.18563606000000019,
        "count": 10000
      }
    },
    "reponse_size": {
      "values": {
        "p(50)": 98,
        "p(90)": 98,
        "p(95)": 98,
        "count": 10000,
        "avg": 97.808,
        "min": 97,
        "med": 98,
        "max": 98,
        "p(99)": 98,
        "p(99.99)": 98
      },
      "type": "trend",
      "contains": "default"
    },
    "iterations": {
      "contains": "default",
      "values": {
        "count": 10000,
        "rate": 8.668211299110762
      },
      "type": "counter"
    },
    "http_req_connecting": {
      "type": "trend",
      "contains": "time",
      "values": {
        "p(95)": 0,
        "avg": 0.0021508451000000007,
        "max": 0.921472,
        "p(50)": 0,
        "p(90)": 0,
        "count": 10000,
        "min": 0,
        "med": 0,
        "p(99)": 0.0010588700000231128,
        "p(99.99)": 0.44081007099966
      }
    },
    "http_req_waiting": {
      "type": "trend",
      "contains": "time",
      "values": {
        "min": 84.28978,
        "p(50)": 110.493264,
        "p(95)": 135.5308657,
        "p(99)": 142.66429112000003,
        "count": 10000,
        "avg": 114.54713815880027,
        "med": 110.493264,
        "max": 304.782034,
        "p(90)": 131.98301569999998,
        "p(99.99)": 301.5107631597977
      }
    },
    "vus_max": {
      "type": "gauge",
      "contains": "default",
      "values": {
        "value": 1,
        "min": 1,
        "max": 1
      }
    },
    "http_req_duration": {
      "contains": "time",
      "values": {
        "avg": 114.72083419909953,
        "med": 110.660819,
        "p(90)": 132.17953740000002,
        "p(99.99)": 301.65287219879775,
        "min": 84.573379,
        "max": 304.894536,
        "p(50)": 110.660819,
        "p(95)": 135.6640971,
        "p(99)": 142.86583464,
        "count": 10000
      },
      "type": "trend"
    },
    "checks": {
      "type": "rate",
      "contains": "default",
      "values": {
        "passes": 10000,
        "fails": 0,
        "rate": 1
      }
    },
    "data_received": {
      "contains": "data",
      "values": {
        "count": 6407100,
        "rate": 5553.809661453256
      },
      "type": "counter"
    },
    "data_sent": {
      "type": "counter",
      "contains": "data",
      "values": {
        "count": 4850000,
        "rate": 4204.08248006872
      }
    },
    "http_req_duration{expected_response:true}": {
      "type": "trend",
      "contains": "time",
      "values": {
        "med": 110.660819,
        "max": 304.894536,
        "p(90)": 132.17953740000002,
        "p(95)": 135.6640971,
        "p(99)": 142.86583464,
        "p(99.99)": 301.65287219879775,
        "avg": 114.72083419909953,
        "p(50)": 110.660819,
        "count": 10000,
        "min": 84.573379
      }
    },
    "http_req_failed": {
      "type": "rate",
      "contains": "default",
      "values": {
        "rate": 0,
        "passes": 0,
        "fails": 10000
      }
    },
    "response_time": {
      "type": "trend",
      "contains": "default",
      "values": {
        "p(99)": 142.86583464,
        "p(99.99)": 301.65287219879775,
        "med": 110.660819,
        "max": 304.894536,
        "p(95)": 135.6640971,
        "p(90)": 132.17953740000002,
        "count": 10000,
        "avg": 114.72083419909953,
        "min": 84.573379,
        "p(50)": 110.660819
      }
    },
    "http_req_tls_handshaking": {
      "type": "trend",
      "contains": "time",
      "values": {
        "count": 10000,
        "med": 0,
        "min": 0,
        "max": 0,
        "p(50)": 0,
        "p(90)": 0,
        "p(95)": 0,
        "p(99)": 0,
        "p(99.99)": 0,
        "avg": 0
      }
    },
    "iteration_duration": {
      "type": "trend",
      "contains": "time",
      "values": {
        "p(99.99)": 302.26769216939783,
        "max": 305.309082,
        "p(50)": 111.27598499999999,
        "med": 111.27598499999999,
        "p(90)": 132.7883212,
        "p(95)": 136.27268135,
        "p(99)": 143.5215976,
        "count": 10000,
        "avg": 115.34106580069992,
        "min": 86.008506
      }
    },
    "vus": {
      "type": "gauge",
      "contains": "default",
      "values": {
        "max": 1,
        "value": 1,
        "min": 1
      }
    },
    "http_reqs": {
      "type": "counter",
      "contains": "default",
      "values": {
        "count": 10000,
        "rate": 8.668211299110762
      }
    },
    "http_req_sending": {
      "type": "trend",
      "contains": "time",
      "values": {
        "p(90)": 0.037816300000000004,
        "p(99)": 0.13752116000000023,
        "med": 0.022699499999999997,
        "max": 0.512319,
        "p(50)": 0.022699499999999997,
        "p(99.99)": 0.4694662856999697,
        "count": 10000,
        "avg": 0.02899486560000001,
        "min": 0.012099,
        "p(95)": 0.06042129999999992
      }
    }
  }
}