{
  "options": {
    "summaryTrendStats": [
      "avg",
      "min",
      "med",
      "max",
      "p(50)",
      "p(90)",
      "p(95)",
      "p(99)",
      "p(99.99)",
      "count"
    ],
    "summaryTimeUnit": "ms",
    "noColor": false
  },
  "state": {
    "isStdOutTTY": false,
    "isStdErrTTY": false,
    "testRunDurationMs": 26548.41385
  },
  "metrics": {
    "response_size": {
      "values": {
        "avg": 63943.48,
        "med": 63944,
        "p(99)": 63944,
        "count": 10000,
        "min": 63892,
        "max": 63944,
        "p(50)": 63944,
        "p(90)": 63944,
        "p(95)": 63944,
        "p(99.99)": 63944
      },
      "type": "trend",
      "contains": "default"
    },
    "http_req_duration{expected_response:true}": {
      "contains": "time",
      "values": {
        "med": 2.114501,
        "max": 44.393481,
        "p(90)": 2.9582074000000005,
        "count": 10000,
        "avg": 2.3600263971999875,
        "min": 1.60238,
        "p(99)": 7.322268170000006,
        "p(99.99)": 42.804423921598875,
        "p(50)": 2.114501,
        "p(95)": 3.4338596999999993
      },
      "type": "trend"
    },
    "http_req_blocked": {
      "contains": "time",
      "values": {
        "p(99)": 0.15953406000000225,
        "p(99.99)": 0.7107911904999845,
        "min": 0.001859,
        "med": 0.0048205,
        "max": 0.732694,
        "p(50)": 0.0048205,
        "p(95)": 0.008574199999999997,
        "avg": 0.007705118000000005,
        "p(90)": 0.006809300000000001,
        "count": 10000
      },
      "type": "trend"
    },
    "http_req_tls_handshaking": {
      "type": "trend",
      "contains": "time",
      "values": {
        "avg": 0,
        "min": 0,
        "med": 0,
        "p(50)": 0,
        "p(99)": 0,
        "count": 10000,
        "max": 0,
        "p(90)": 0,
        "p(95)": 0,
        "p(99.99)": 0
      }
    },
    "http_req_sending": {
      "type": "trend",
      "contains": "time",
      "values": {
        "min": 0.007834,
        "med": 0.019891,
        "avg": 0.021790540200000062,
        "max": 0.363366,
        "p(50)": 0.019891,
        "p(90)": 0.0257735,
        "p(95)": 0.030620849999999988,
        "p(99)": 0.06649686000000002,
        "p(99.99)": 0.3616201745999988,
        "count": 10000
      }
    },
    "http_req_waiting": {
      "contains": "time",
      "values": {
        "count": 10000,
        "min": 1.047324,
        "p(50)": 1.623738,
        "p(90)": 2.1429812000000004,
        "p(99.99)": 41.073776327899594,
        "p(99)": 6.643047740000014,
        "avg": 1.7950277042000031,
        "med": 1.623738,
        "max": 41.646998,
        "p(95)": 2.4910201499999993
      },
      "type": "trend"
    },
    "http_req_receiving": {
      "type": "trend",
      "contains": "time",
      "values": {
        "min": 0.088091,
        "med": 0.47218099999999996,
        "max": 42.197334,
        "p(50)": 0.47218099999999996,
        "p(90)": 0.7302082000000002,
        "p(95)": 0.85595985,
        "p(99)": 2.01374109,
        "avg": 0.5432081527999976,
        "p(99.99)": 39.40822793849803,
        "count": 10000
      }
    },
    "http_req_failed": {
      "type": "rate",
      "contains": "default",
      "values": {
        "rate": 0,
        "passes": 0,
        "fails": 10000
      }
    },
    "reponse_size_body": {
      "type": "trend",
      "contains": "default",
      "values": {
        "avg": 63582,
        "med": 63582,
        "p(50)": 63582,
        "count": 10000,
        "min": 63582,
        "max": 63582,
        "p(90)": 63582,
        "p(95)": 63582,
        "p(99)": 63582,
        "p(99.99)": 63582
      }
    },
    "data_sent": {
      "type": "counter",
      "contains": "data",
      "values": {
        "count": 3910000,
        "rate": 147278.10188931494
      }
    },
    "http_req_duration": {
      "type": "trend",
      "contains": "time",
      "values": {
        "min": 1.60238,
        "med": 2.114501,
        "p(99)": 7.322268170000006,
        "p(95)": 3.4338596999999993,
        "p(99.99)": 42.804423921598875,
        "count": 10000,
        "avg": 2.3600263971999875,
        "max": 44.393481,
        "p(50)": 2.114501,
        "p(90)": 2.9582074000000005
      }
    },
    "http_reqs": {
      "type": "counter",
      "contains": "default",
      "values": {
        "count": 10000,
        "rate": 376.67033731282595
      }
    },
    "vus_max": {
      "contains": "default",
      "values": {
        "value": 1,
        "min": 1,
        "max": 1
      },
      "type": "gauge"
    },
    "iterations": {
      "type": "counter",
      "contains": "default",
      "values": {
        "count": 10000,
        "rate": 376.67033731282595
      }
    },
    "vus": {
      "type": "gauge",
      "contains": "default",
      "values": {
        "value": 1,
        "min": 1,
        "max": 1
      }
    },
    "response_time": {
      "type": "trend",
      "contains": "default",
      "values": {
        "count": 10000,
        "avg": 2.3600263971999875,
        "p(50)": 2.114501,
        "p(90)": 2.9582074000000005,
        "p(99.99)": 42.804423921598875,
        "p(99)": 7.322268170000006,
        "min": 1.60238,
        "med": 2.114501,
        "max": 44.393481,
        "p(95)": 3.4338596999999993
      }
    },
    "iteration_duration": {
      "type": "trend",
      "contains": "time",
      "values": {
        "p(90)": 3.2718455,
        "count": 10000,
        "min": 1.771332,
        "p(50)": 2.387746,
        "max": 44.829067,
        "p(95)": 3.728224199999999,
        "p(99)": 7.77825833000001,
        "p(99.99)": 43.27807511469891,
        "avg": 2.636523981900004,
        "med": 2.387746
      }
    },
    "data_received": {
      "type": "counter",
      "contains": "data",
      "values": {
        "count": 640487100,
        "rate": 24125249.20015137
      }
    },
    "checks": {
      "type": "rate",
      "contains": "default",
      "values": {
        "rate": 1,
        "passes": 10000,
        "fails": 0
      }
    },
    "http_req_connecting": {
      "type": "trend",
      "contains": "time",
      "values": {
        "p(95)": 0,
        "p(99)": 0.0011051300000241226,
        "p(99.99)": 0.4210563994998982,
        "avg": 0.0016266737,
        "med": 0,
        "p(90)": 0,
        "count": 10000,
        "min": 0,
        "max": 0.565037,
        "p(50)": 0
      }
    }
  },
  "root_group": {
    "name": "",
    "path": "",
    "id": "d41d8cd98f00b204e9800998ecf8427e",
    "groups": [],
    "checks": [
        {
          "name": "is status 200",
          "path": "::is status 200",
          "id": "548d37ca5f33793206f7832e7cea54fb",
          "passes": 10000,
          "fails": 0
        }
      ]
  }
}