{
  "state": {
    "isStdOutTTY": true,
    "isStdErrTTY": true,
    "testRunDurationMs": 2001200.496222
  },
  "metrics": {
    "checks": {
      "type": "rate",
      "contains": "default",
      "values": {
        "rate": 1,
        "passes": 10000,
        "fails": 0
      }
    },
    "response_time": {
      "type": "trend",
      "contains": "default",
      "values": {
        "count": 10000,
        "min": 145.272223,
        "med": 198.50370099999998,
        "max": 509.770324,
        "p(50)": 198.50370099999998,
        "p(99)": 247.36215747,
        "avg": 199.61043682310066,
        "p(90)": 209.5832082,
        "p(95)": 219.1983077,
        "p(99.99)": 472.09014939427334
      }
    },
    "http_req_receiving": {
      "type": "trend",
      "contains": "time",
      "values": {
        "p(50)": 0.1351755,
        "p(95)": 0.22716589999999984,
        "p(99.99)": 26.709449600499834,
        "avg": 0.22247172479999958,
        "min": 0.081088,
        "max": 26.945431,
        "count": 10000,
        "med": 0.1351755,
        "p(90)": 0.1992967,
        "p(99)": 0.32698502000000085
      }
    },
    "vus": {
      "contains": "default",
      "values": {
        "min": 1,
        "max": 1,
        "value": 1
      },
      "type": "gauge"
    },
    "http_req_duration{expected_response:true}": {
      "type": "trend",
      "contains": "time",
      "values": {
        "p(90)": 209.5832082,
        "p(99.99)": 472.09014939427334,
        "count": 10000,
        "min": 145.272223,
        "max": 509.770324,
        "p(50)": 198.50370099999998,
        "p(99)": 247.36215747,
        "avg": 199.61043682310066,
        "med": 198.50370099999998,
        "p(95)": 219.1983077
      }
    },
    "http_req_failed": {
      "type": "rate",
      "contains": "default",
      "values": {
        "rate": 0,
        "passes": 0,
        "fails": 10000
      }
    },
    "http_req_tls_handshaking": {
      "type": "trend",
      "contains": "time",
      "values": {
        "p(50)": 0,
        "p(90)": 0,
        "p(95)": 0,
        "count": 10000,
        "avg": 0,
        "min": 0,
        "med": 0,
        "max": 0,
        "p(99)": 0,
        "p(99.99)": 0
      }
    },
    "http_req_connecting": {
      "type": "trend",
      "contains": "time",
      "values": {
        "med": 0,
        "max": 0.480103,
        "p(50)": 0,
        "p(99.99)": 0.4542515853999817,
        "count": 10000,
        "avg": 0.0025057404,
        "min": 0,
        "p(90)": 0,
        "p(95)": 0,
        "p(99)": 0.0014759800000322175
      }
    },
    "http_req_waiting": {
      "type": "trend",
      "contains": "time",
      "values": {
        "avg": 199.34505730900017,
        "med": 198.31887849999998,
        "max": 509.61484,
        "p(95)": 218.72451515,
        "p(99.99)": 471.9155453064733,
        "min": 145.022837,
        "p(50)": 198.31887849999998,
        "p(90)": 209.2477754,
        "p(99)": 246.74486735000008,
        "count": 10000
      }
    },
    "iterations": {
      "type": "counter",
      "contains": "default",
      "values": {
        "count": 10000,
        "rate": 4.997000559853282
      }
    },
    "data_sent": {
      "type": "counter",
      "contains": "data",
      "values": {
        "count": 5230000,
        "rate": 2613.4312928032664
      }
    },
    "iteration_duration": {
      "type": "trend",
      "contains": "time",
      "values": {
        "p(99.99)": 472.60869044287335,
        "count": 10000,
        "min": 146.184058,
        "med": 198.9728695,
        "max": 510.279352,
        "p(50)": 198.9728695,
        "p(90)": 210.0501237,
        "p(95)": 219.68669779999996,
        "p(99)": 247.77282452,
        "avg": 200.089534025001
      }
    },
    "data_received": {
      "type": "counter",
      "contains": "data",
      "values": {
        "count": 6214912,
        "rate": 3105.591874343888
      }
    },
    "http_req_sending": {
      "type": "trend",
      "contains": "time",
      "values": {
        "min": 0.022074,
        "med": 0.0375585,
        "max": 0.690988,
        "p(95)": 0.0748293,
        "p(99.99)": 0.6573873603999763,
        "count": 10000,
        "avg": 0.042907789300000165,
        "p(50)": 0.0375585,
        "p(90)": 0.05722430000000001,
        "p(99)": 0.11415973000000028
      }
    },
    "http_req_duration": {
      "type": "trend",
      "contains": "time",
      "values": {
        "min": 145.272223,
        "p(95)": 219.1983077,
        "p(99)": 247.36215747,
        "count": 10000,
        "avg": 199.61043682310066,
        "med": 198.50370099999998,
        "max": 509.770324,
        "p(50)": 198.50370099999998,
        "p(90)": 209.5832082,
        "p(99.99)": 472.09014939427334
      }
    },
    "vus_max": {
      "type": "gauge",
      "contains": "default",
      "values": {
        "value": 1,
        "min": 1,
        "max": 1
      }
    },
    "http_reqs": {
      "contains": "default",
      "values": {
        "count": 10000,
        "rate": 4.997000559853282
      },
      "type": "counter"
    },
    "http_req_blocked": {
      "contains": "time",
      "values": {
        "med": 0.007422,
        "p(50)": 0.007422,
        "p(90)": 0.010507100000000002,
        "p(95)": 0.013177149999999997,
        "p(99)": 0.14108194000001975,
        "count": 10000,
        "min": 0.004226,
        "max": 0.597769,
        "p(99.99)": 0.590585718399995,
        "avg": 0.012104318099999985
      },
      "type": "trend"
    },
    "reponse_size": {
      "contains": "default",
      "values": {
        "max": 213,
        "p(90)": 213,
        "p(99)": 213,
        "avg": 212.7812,
        "min": 209,
        "p(95)": 213,
        "p(99.99)": 213,
        "count": 10000,
        "med": 213,
        "p(50)": 213
      },
      "type": "trend"
    }
  },
  "root_group": {
    "name": "",
    "path": "",
    "id": "d41d8cd98f00b204e9800998ecf8427e",
    "groups": [],
    "checks": [
        {
          "passes": 10000,
          "fails": 0,
          "name": "is status 200",
          "path": "::is status 200",
          "id": "548d37ca5f33793206f7832e7cea54fb"
        }
      ]
  },
  "options": {
    "summaryTrendStats": [
      "avg",
      "min",
      "med",
      "max",
      "p(50)",
      "p(90)",
      "p(95)",
      "p(99)",
      "p(99.99)",
      "count"
    ],
    "summaryTimeUnit": "ms",
    "noColor": false
  }
}