{
  "root_group": {
    "name": "",
    "path": "",
    "id": "d41d8cd98f00b204e9800998ecf8427e",
    "groups": [],
    "checks": [
        {
          "name": "is status 200",
          "path": "::is status 200",
          "id": "548d37ca5f33793206f7832e7cea54fb",
          "passes": 10000,
          "fails": 0
        }
      ]
  },
  "options": {
    "summaryTrendStats": [
      "avg",
      "min",
      "med",
      "max",
      "p(50)",
      "p(90)",
      "p(95)",
      "p(99)",
      "p(99.99)",
      "count"
    ],
    "summaryTimeUnit": "ms",
    "noColor": false
  },
  "state": {
    "isStdOutTTY": false,
    "isStdErrTTY": false,
    "testRunDurationMs": 28708.759468
  },
  "metrics": {
    "reponse_size_body": {
      "type": "trend",
      "contains": "default",
      "values": {
        "p(99)": 46,
        "p(99.99)": 46,
        "avg": 46,
        "min": 46,
        "med": 46,
        "max": 46,
        "p(50)": 46,
        "p(90)": 46,
        "p(95)": 46,
        "count": 10000
      }
    },
    "http_req_receiving": {
      "type": "trend",
      "contains": "time",
      "values": {
        "p(50)": 0.085826,
        "p(90)": 0.14520950000000002,
        "p(95)": 0.18994175,
        "p(99)": 0.2610925700000001,
        "p(99.99)": 1.419484026399943,
        "min": 0.031895,
        "med": 0.085826,
        "max": 1.49974,
        "avg": 0.09742268699999991,
        "count": 10000
      }
    },
    "iterations": {
      "type": "counter",
      "contains": "default",
      "values": {
        "count": 10000,
        "rate": 348.3257439648837
      }
    },
    "http_req_sending": {
      "type": "trend",
      "contains": "time",
      "values": {
        "count": 10000,
        "min": 0.008233,
        "med": 0.021499,
        "p(90)": 0.02592,
        "p(99.99)": 0.2808557825999449,
        "p(99)": 0.046237740000000034,
        "avg": 0.02174319780000003,
        "max": 0.358674,
        "p(50)": 0.021499,
        "p(95)": 0.02794925
      }
    },
    "http_req_tls_handshaking": {
      "type": "trend",
      "contains": "time",
      "values": {
        "p(90)": 0,
        "p(95)": 0,
        "avg": 0,
        "min": 0,
        "max": 0,
        "p(99.99)": 0,
        "count": 10000,
        "med": 0,
        "p(50)": 0,
        "p(99)": 0
      }
    },
    "iteration_duration": {
      "type": "trend",
      "contains": "time",
      "values": {
        "med": 2.8178015,
        "max": 13.912542,
        "p(50)": 2.8178015,
        "p(90)": 3.3293106999999997,
        "p(95)": 3.5126995499999993,
        "p(99)": 4.426939040000003,
        "p(99.99)": 12.265750695598836,
        "avg": 2.85173590209999,
        "min": 1.626983,
        "count": 10000
      }
    },
    "http_req_duration": {
      "type": "trend",
      "contains": "time",
      "values": {
        "avg": 2.6239117295999965,
        "p(90)": 3.0740233999999997,
        "p(95)": 3.2443625499999995,
        "p(99.99)": 11.918964895199265,
        "count": 10000,
        "min": 1.446193,
        "med": 2.59239,
        "max": 12.957813,
        "p(50)": 2.59239,
        "p(99)": 4.16616763
      }
    },
    "http_req_waiting": {
      "type": "trend",
      "contains": "time",
      "values": {
        "avg": 2.50474584480001,
        "min": 1.369838,
        "max": 12.615287,
        "p(95)": 3.103279399999999,
        "med": 2.4751115,
        "p(50)": 2.4751115,
        "p(90)": 2.9396232,
        "p(99)": 4.034803570000002,
        "p(99.99)": 11.74026051139938,
        "count": 10000
      }
    },
    "http_req_duration{expected_response:true}": {
      "type": "trend",
      "contains": "time",
      "values": {
        "min": 1.446193,
        "p(50)": 2.59239,
        "p(90)": 3.0740233999999997,
        "p(95)": 3.2443625499999995,
        "p(99)": 4.16616763,
        "avg": 2.6239117295999965,
        "med": 2.59239,
        "max": 12.957813,
        "p(99.99)": 11.918964895199265,
        "count": 10000
      }
    },
    "data_sent": {
      "type": "counter",
      "contains": "data",
      "values": {
        "count": 3780000,
        "rate": 131667.13121872605
      }
    },
    "http_req_connecting": {
      "type": "trend",
      "contains": "time",
      "values": {
        "min": 0,
        "med": 0,
        "p(50)": 0,
        "p(99.99)": 0.00003091419978136764,
        "count": 10000,
        "avg": 0.000030914199999999996,
        "max": 0.309142,
        "p(90)": 0,
        "p(95)": 0,
        "p(99)": 0
      }
    },
    "data_received": {
      "type": "counter",
      "contains": "data",
      "values": {
        "count": 6330996,
        "rate": 220524.88917387032
      }
    },
    "http_reqs": {
      "type": "counter",
      "contains": "default",
      "values": {
        "count": 10000,
        "rate": 348.3257439648837
      }
    },
    "vus": {
      "type": "gauge",
      "contains": "default",
      "values": {
        "value": 1,
        "min": 1,
        "max": 1
      }
    },
    "http_req_failed": {
      "contains": "default",
      "values": {
        "fails": 10000,
        "rate": 0,
        "passes": 0
      },
      "type": "rate"
    },
    "response_time": {
      "type": "trend",
      "contains": "default",
      "values": {
        "max": 12.957813,
        "p(90)": 3.0740233999999997,
        "count": 10000,
        "avg": 2.6239117295999965,
        "min": 1.446193,
        "p(95)": 3.2443625499999995,
        "p(99)": 4.16616763,
        "p(99.99)": 11.918964895199265,
        "med": 2.59239,
        "p(50)": 2.59239
      }
    },
    "http_req_blocked": {
      "type": "trend",
      "contains": "time",
      "values": {
        "count": 10000,
        "p(90)": 0.0067701,
        "p(99)": 0.013730190000000003,
        "p(99.99)": 0.2269469313998661,
        "max": 0.416242,
        "p(50)": 0.005295,
        "p(95)": 0.008021,
        "avg": 0.005644875000000007,
        "min": 0.002067,
        "med": 0.005295
      }
    },
    "vus_max": {
      "type": "gauge",
      "contains": "default",
      "values": {
        "value": 1,
        "min": 1,
        "max": 1
      }
    },
    "response_size": {
      "type": "trend",
      "contains": "default",
      "values": {
        "avg": 565,
        "max": 565,
        "p(90)": 565,
        "p(99)": 565,
        "count": 10000,
        "min": 565,
        "med": 565,
        "p(50)": 565,
        "p(95)": 565,
        "p(99.99)": 565
      }
    },
    "checks": {
      "type": "rate",
      "contains": "default",
      "values": {
        "fails": 0,
        "rate": 1,
        "passes": 10000
      }
    }
  }
}