{
  "root_group": {
    "name": "",
    "path": "",
    "id": "d41d8cd98f00b204e9800998ecf8427e",
    "groups": [],
    "checks": [
        {
          "name": "is status 200",
          "path": "::is status 200",
          "id": "548d37ca5f33793206f7832e7cea54fb",
          "passes": 10000,
          "fails": 0
        }
      ]
  },
  "options": {
    "summaryTrendStats": [
      "avg",
      "min",
      "med",
      "max",
      "p(50)",
      "p(90)",
      "p(95)",
      "p(99)",
      "p(99.99)",
      "count"
    ],
    "summaryTimeUnit": "ms",
    "noColor": false
  },
  "state": {
    "isStdOutTTY": false,
    "isStdErrTTY": false,
    "testRunDurationMs": 114606.016415
  },
  "metrics": {
    "http_reqs": {
      "type": "counter",
      "contains": "default",
      "values": {
        "count": 10000,
        "rate": 87.25545405739422
      }
    },
    "http_req_tls_handshaking": {
      "type": "trend",
      "contains": "time",
      "values": {
        "max": 0,
        "p(50)": 0,
        "p(90)": 0,
        "p(95)": 0,
        "p(99)": 0,
        "p(99.99)": 0,
        "min": 0,
        "med": 0,
        "avg": 0,
        "count": 10000
      }
    },
    "http_req_sending": {
      "type": "trend",
      "contains": "time",
      "values": {
        "avg": 0.01794872949999999,
        "med": 0.0163025,
        "p(95)": 0.026315,
        "p(99.99)": 0.7225508467997819,
        "min": 0.00967,
        "max": 1.030988,
        "p(50)": 0.0163025,
        "p(90)": 0.022946700000000004,
        "p(99)": 0.03800017,
        "count": 10000
      }
    },
    "iterations": {
      "type": "counter",
      "contains": "default",
      "values": {
        "count": 10000,
        "rate": 87.25545405739422
      }
    },
    "vus": {
      "type": "gauge",
      "contains": "default",
      "values": {
        "value": 1,
        "min": 1,
        "max": 1
      }
    },
    "data_sent": {
      "type": "counter",
      "contains": "data",
      "values": {
        "rate": 33069.81708775241,
        "count": 3790000
      }
    },
    "response_time": {
      "type": "trend",
      "contains": "default",
      "values": {
        "min": 8.096779,
        "med": 10.3568775,
        "max": 202.110296,
        "p(90)": 15.1683264,
        "p(95)": 16.816018800000002,
        "p(99)": 20.152144030000002,
        "avg": 11.239551169999988,
        "p(50)": 10.3568775,
        "p(99.99)": 32.01261046957969,
        "count": 10000
      }
    },
    "checks": {
      "type": "rate",
      "contains": "default",
      "values": {
        "fails": 0,
        "rate": 1,
        "passes": 10000
      }
    },
    "http_req_waiting": {
      "type": "trend",
      "contains": "time",
      "values": {
        "p(95)": 16.58692509999999,
        "med": 10.2305265,
        "max": 202.005315,
        "p(90)": 14.976226800000003,
        "p(99)": 19.895010920000015,
        "p(99.99)": 31.858170415979657,
        "count": 10000,
        "avg": 11.092949357500043,
        "min": 7.968427,
        "p(50)": 10.2305265
      }
    },
    "vus_max": {
      "type": "gauge",
      "contains": "default",
      "values": {
        "max": 1,
        "value": 1,
        "min": 1
      }
    },
    "http_req_duration": {
      "type": "trend",
      "contains": "time",
      "values": {
        "count": 10000,
        "avg": 11.239551169999988,
        "med": 10.3568775,
        "max": 202.110296,
        "p(90)": 15.1683264,
        "p(95)": 16.816018800000002,
        "p(99)": 20.152144030000002,
        "min": 8.096779,
        "p(50)": 10.3568775,
        "p(99.99)": 32.01261046957969
      }
    },
    "iteration_duration": {
      "type": "trend",
      "contains": "time",
      "values": {
        "avg": 11.441668891199953,
        "med": 10.561121499999999,
        "p(90)": 15.3603765,
        "p(99.99)": 32.31592933007976,
        "count": 10000,
        "min": 8.247002,
        "max": 202.31223,
        "p(50)": 10.561121499999999,
        "p(95)": 17.0201602,
        "p(99)": 20.329759940000002
      }
    },
    "http_req_blocked": {
      "type": "trend",
      "contains": "time",
      "values": {
        "med": 0.004261,
        "max": 0.30519,
        "p(50)": 0.004261,
        "p(90)": 0.006020200000000001,
        "p(99)": 0.017272230000000003,
        "p(99.99)": 0.2098845314999326,
        "min": 0.002293,
        "p(95)": 0.00919805,
        "count": 10000,
        "avg": 0.005000738499999985
      }
    },
    "http_req_failed": {
      "type": "rate",
      "contains": "default",
      "values": {
        "rate": 0,
        "passes": 0,
        "fails": 10000
      }
    },
    "http_req_receiving": {
      "values": {
        "max": 11.900776,
        "p(50)": 0.0814865,
        "p(90)": 0.16229020000000008,
        "p(99)": 0.5347539400000005,
        "p(99.99)": 10.45861223079898,
        "avg": 0.12865308300000025,
        "min": 0.041475,
        "med": 0.0814865,
        "p(95)": 0.29462479999999996,
        "count": 10000
      },
      "type": "trend",
      "contains": "time"
    },
    "reponse_size": {
      "type": "trend",
      "contains": "default",
      "values": {
        "min": 201,
        "med": 207,
        "max": 207,
        "p(50)": 207,
        "p(95)": 207,
        "p(99.99)": 207,
        "avg": 206.774,
        "p(99)": 207,
        "count": 10000,
        "p(90)": 207
      }
    },
    "data_received": {
      "type": "counter",
      "contains": "data",
      "values": {
        "count": 6592210,
        "rate": 57520.627679169476
      }
    },
    "http_req_connecting": {
      "type": "trend",
      "contains": "time",
      "values": {
        "p(99)": 0,
        "count": 10000,
        "max": 0.185716,
        "min": 0,
        "med": 0,
        "p(50)": 0,
        "p(90)": 0,
        "p(95)": 0,
        "p(99.99)": 0.000018571599868657357,
        "avg": 0.0000185716
      }
    },
    "http_req_duration{expected_response:true}": {
      "type": "trend",
      "contains": "time",
      "values": {
        "p(99.99)": 32.01261046957969,
        "count": 10000,
        "avg": 11.239551169999988,
        "p(90)": 15.1683264,
        "max": 202.110296,
        "p(50)": 10.3568775,
        "p(95)": 16.816018800000002,
        "p(99)": 20.152144030000002,
        "min": 8.096779,
        "med": 10.3568775
      }
    }
  }
}