{
  "metrics": {
    "data_sent": {
      "type": "counter",
      "contains": "data",
      "values": {
        "count": 5300000,
        "rate": 5937.4260655661965
      }
    },
    "http_req_duration": {
      "type": "trend",
      "contains": "time",
      "values": {
        "p(50)": 90.854113,
        "p(90)": 95.6126802,
        "p(95)": 97.7433191,
        "p(99)": 104.90440610000003,
        "p(99.99)": 230.42470984619166,
        "count": 10000,
        "avg": 88.89504555360003,
        "med": 90.854113,
        "min": 59.875952,
        "max": 242.181996
      }
    },
    "http_req_tls_handshaking": {
      "type": "trend",
      "contains": "time",
      "values": {
        "max": 0,
        "p(50)": 0,
        "p(90)": 0,
        "p(99)": 0,
        "avg": 0,
        "min": 0,
        "med": 0,
        "p(95)": 0,
        "p(99.99)": 0,
        "count": 10000
      }
    },
    "http_req_failed": {
      "type": "rate",
      "contains": "default",
      "values": {
        "rate": 0,
        "passes": 0,
        "fails": 10000
      }
    },
    "iterations": {
      "type": "counter",
      "contains": "default",
      "values": {
        "count": 10000,
        "rate": 11.20269068974754
      }
    },
    "checks": {
      "type": "rate",
      "contains": "default",
      "values": {
        "passes": 10000,
        "fails": 0,
        "rate": 1
      }
    },
    "http_req_connecting": {
      "type": "trend",
      "contains": "time",
      "values": {
        "med": 0,
        "max": 0.419439,
        "p(90)": 0,
        "p(99.99)": 0.3513098135999518,
        "avg": 0.0021085144999999994,
        "p(50)": 0,
        "p(95)": 0,
        "p(99)": 0.0010308700000225017,
        "count": 10000,
        "min": 0
      }
    },
    "http_req_sending": {
      "type": "trend",
      "contains": "time",
      "values": {
        "avg": 0.02949577050000002,
        "max": 0.709057,
        "p(50)": 0.0255265,
        "p(90)": 0.037190600000000004,
        "count": 10000,
        "min": 0.011665,
        "med": 0.0255265,
        "p(95)": 0.051274299999999835,
        "p(99)": 0.13622919000000014,
        "p(99.99)": 0.6330536010999462
      }
    },
    "reponse_size": {
      "type": "trend",
      "contains": "default",
      "values": {
        "p(95)": 213,
        "p(99)": 213,
        "min": 208,
        "med": 212,
        "max": 213,
        "p(90)": 213,
        "avg": 212.3138,
        "p(50)": 212,
        "p(99.99)": 213,
        "count": 10000
      }
    },
    "iteration_duration": {
      "contains": "time",
      "values": {
        "avg": 89.24011869029981,
        "p(50)": 91.1913995,
        "p(99)": 105.33233716000002,
        "p(99.99)": 230.74693957329157,
        "p(95)": 98.11436319999999,
        "count": 10000,
        "min": 60.382971,
        "med": 91.1913995,
        "max": 242.651482,
        "p(90)": 95.9358686
      },
      "type": "trend"
    },
    "vus_max": {
      "type": "gauge",
      "contains": "default",
      "values": {
        "value": 1,
        "min": 1,
        "max": 1
      }
    },
    "vus": {
      "type": "gauge",
      "contains": "default",
      "values": {
        "value": 1,
        "min": 1,
        "max": 1
      }
    },
    "http_req_duration{expected_response:true}": {
      "type": "trend",
      "contains": "time",
      "values": {
        "p(90)": 95.6126802,
        "p(95)": 97.7433191,
        "p(99.99)": 230.42470984619166,
        "min": 59.875952,
        "med": 90.854113,
        "p(50)": 90.854113,
        "count": 10000,
        "avg": 88.89504555360003,
        "max": 242.181996,
        "p(99)": 104.90440610000003
      }
    },
    "http_req_blocked": {
      "contains": "time",
      "values": {
        "med": 0.004955,
        "p(50)": 0.004955,
        "p(99)": 0.19048875000000187,
        "count": 10000,
        "avg": 0.009084118899999964,
        "min": 0.002249,
        "max": 0.70561,
        "p(90)": 0.008434,
        "p(95)": 0.011491099999999999,
        "p(99.99)": 0.5259309696998729
      },
      "type": "trend"
    },
    "response_time": {
      "values": {
        "p(99.99)": 230.42470984619166,
        "avg": 88.89504555360003,
        "max": 242.181996,
        "p(50)": 90.854113,
        "p(90)": 95.6126802,
        "p(95)": 97.7433191,
        "p(99)": 104.90440610000003,
        "min": 59.875952,
        "med": 90.854113,
        "count": 10000
      },
      "type": "trend",
      "contains": "default"
    },
    "data_received": {
      "type": "counter",
      "contains": "data",
      "values": {
        "count": 6210238,
        "rate": 6957.137542371638
      }
    },
    "http_req_receiving": {
      "type": "trend",
      "contains": "time",
      "values": {
        "med": 0.0990545,
        "p(50)": 0.0990545,
        "p(90)": 0.13772470000000006,
        "p(99)": 0.31756896000000034,
        "count": 10000,
        "avg": 0.15689662740000068,
        "min": 0.045078,
        "max": 23.551069,
        "p(95)": 0.16823684999999994,
        "p(99.99)": 23.51086302099997
      }
    },
    "http_req_waiting": {
      "values": {
        "avg": 88.70865315569995,
        "min": 59.747554,
        "max": 242.081542,
        "p(50)": 90.705704,
        "p(90)": 95.4660636,
        "p(99.99)": 230.29669360269165,
        "med": 90.705704,
        "p(95)": 97.59718604999999,
        "p(99)": 104.81254469000001,
        "count": 10000
      },
      "type": "trend",
      "contains": "time"
    },
    "http_reqs": {
      "type": "counter",
      "contains": "default",
      "values": {
        "rate": 11.20269068974754,
        "count": 10000
      }
    }
  },
  "root_group": {
    "id": "d41d8cd98f00b204e9800998ecf8427e",
    "groups": [],
    "checks": [
        {
          "name": "is status 200",
          "path": "::is status 200",
          "id": "548d37ca5f33793206f7832e7cea54fb",
          "passes": 10000,
          "fails": 0
        }
      ],
    "name": "",
    "path": ""
  },
  "options": {
    "summaryTrendStats": [
      "avg",
      "min",
      "med",
      "max",
      "p(50)",
      "p(90)",
      "p(95)",
      "p(99)",
      "p(99.99)",
      "count"
    ],
    "summaryTimeUnit": "ms",
    "noColor": false
  },
  "state": {
    "isStdErrTTY": false,
    "testRunDurationMs": 892642.694237,
    "isStdOutTTY": false
  }
}