{
  "options": {
    "summaryTrendStats": [
      "avg",
      "min",
      "med",
      "max",
      "p(50)",
      "p(90)",
      "p(95)",
      "p(99)",
      "p(99.99)",
      "count"
    ],
    "summaryTimeUnit": "ms",
    "noColor": false
  },
  "state": {
    "isStdOutTTY": false,
    "isStdErrTTY": false,
    "testRunDurationMs": 2989.053466
  },
  "metrics": {
    "iterations": {
      "type": "counter",
      "contains": "default",
      "values": {
        "count": 1000,
        "rate": 334.55406916431514
      }
    },
    "http_req_waiting": {
      "contains": "time",
      "values": {
        "p(99)": 4.848699279999999,
        "count": 1000,
        "avg": 2.6172315069999987,
        "min": 1.507674,
        "med": 2.5065679999999997,
        "max": 26.308961,
        "p(50)": 2.5065679999999997,
        "p(90)": 3.0136187000000003,
        "p(95)": 3.261207199999999,
        "p(99.99)": 26.054197818199878
      },
      "type": "trend"
    },
    "http_req_receiving": {
      "type": "trend",
      "contains": "time",
      "values": {
        "min": 0.035694,
        "p(50)": 0.0879885,
        "p(90)": 0.14364800000000005,
        "count": 1000,
        "p(99)": 0.26437115,
        "p(99.99)": 0.352289840299999,
        "avg": 0.09812124799999981,
        "med": 0.0879885,
        "max": 0.354428,
        "p(95)": 0.19093189999999993
      }
    },
    "vus": {
      "type": "gauge",
      "contains": "default",
      "values": {
        "value": 1,
        "min": 1,
        "max": 1
      }
    },
    "http_reqs": {
      "type": "counter",
      "contains": "default",
      "values": {
        "count": 1000,
        "rate": 334.55406916431514
      }
    },
    "http_req_tls_handshaking": {
      "type": "trend",
      "contains": "time",
      "values": {
        "p(99.99)": 0,
        "avg": 0,
        "min": 0,
        "p(90)": 0,
        "p(99)": 0,
        "count": 1000,
        "med": 0,
        "max": 0,
        "p(50)": 0,
        "p(95)": 0
      }
    },
    "reponse_size_body": {
      "type": "trend",
      "contains": "default",
      "values": {
        "avg": 46,
        "min": 46,
        "med": 46,
        "p(50)": 46,
        "p(95)": 46,
        "max": 46,
        "p(90)": 46,
        "p(99)": 46,
        "p(99.99)": 46,
        "count": 1000
      }
    },
    "iteration_duration": {
      "type": "trend",
      "contains": "time",
      "values": {
        "min": 1.689684,
        "max": 26.742605,
        "p(50)": 2.8563615,
        "p(90)": 3.4090458000000003,
        "p(99)": 5.234393529999999,
        "avg": 2.9701523489999984,
        "med": 2.8563615,
        "p(95)": 3.6404527499999992,
        "p(99.99)": 26.503764579499887,
        "count": 1000
      }
    },
    "http_req_failed": {
      "type": "rate",
      "contains": "default",
      "values": {
        "rate": 0,
        "passes": 0,
        "fails": 1000
      }
    },
    "data_received": {
      "contains": "data",
      "values": {
        "count": 633097,
        "rate": 211805.17752572044
      },
      "type": "counter"
    },
    "response_size": {
      "type": "trend",
      "contains": "default",
      "values": {
        "p(99.99)": 565,
        "avg": 565,
        "max": 565,
        "p(50)": 565,
        "p(90)": 565,
        "p(95)": 565,
        "p(99)": 565,
        "min": 565,
        "med": 565,
        "count": 1000
      }
    },
    "http_req_connecting": {
      "values": {
        "avg": 0.00020757500000000002,
        "min": 0,
        "p(90)": 0,
        "p(99)": 0,
        "count": 1000,
        "med": 0,
        "max": 0.207575,
        "p(50)": 0,
        "p(95)": 0,
        "p(99.99)": 0.18683825749999008
      },
      "type": "trend",
      "contains": "time"
    },
    "checks": {
      "type": "rate",
      "contains": "default",
      "values": {
        "rate": 1,
        "passes": 1000,
        "fails": 0
      }
    },
    "vus_max": {
      "contains": "default",
      "values": {
        "value": 1,
        "min": 1,
        "max": 1
      },
      "type": "gauge"
    },
    "http_req_duration": {
      "contains": "time",
      "values": {
        "max": 26.45432,
        "p(50)": 2.623058,
        "p(90)": 3.1515712000000002,
        "count": 1000,
        "avg": 2.7371418989999956,
        "med": 2.623058,
        "p(95)": 3.38536635,
        "p(99)": 4.968954429999999,
        "p(99.99)": 26.214910349299885,
        "min": 1.562524
      },
      "type": "trend"
    },
    "http_req_duration{expected_response:true}": {
      "type": "trend",
      "contains": "time",
      "values": {
        "min": 1.562524,
        "med": 2.623058,
        "p(90)": 3.1515712000000002,
        "p(99)": 4.968954429999999,
        "p(99.99)": 26.214910349299885,
        "avg": 2.7371418989999956,
        "max": 26.45432,
        "p(50)": 2.623058,
        "p(95)": 3.38536635,
        "count": 1000
      }
    },
    "http_req_blocked": {
      "contains": "time",
      "values": {
        "min": 0.002929,
        "med": 0.0052665,
        "max": 0.316015,
        "p(50)": 0.0052665,
        "p(99.99)": 0.2916768624999883,
        "count": 1000,
        "avg": 0.005961513999999995,
        "p(90)": 0.0069796,
        "p(95)": 0.008943549999999998,
        "p(99)": 0.016982729999999994
      },
      "type": "trend"
    },
    "response_time": {
      "type": "trend",
      "contains": "default",
      "values": {
        "avg": 2.7371418989999956,
        "min": 1.562524,
        "med": 2.623058,
        "p(50)": 2.623058,
        "p(90)": 3.1515712000000002,
        "max": 26.45432,
        "p(95)": 3.38536635,
        "p(99)": 4.968954429999999,
        "p(99.99)": 26.214910349299885,
        "count": 1000
      }
    },
    "data_sent": {
      "type": "counter",
      "contains": "data",
      "values": {
        "count": 378000,
        "rate": 126461.43814411113
      }
    },
    "http_req_sending": {
      "type": "trend",
      "contains": "time",
      "values": {
        "avg": 0.021789143999999983,
        "med": 0.0215225,
        "max": 0.277649,
        "p(95)": 0.027975499999999997,
        "p(99)": 0.047618089999999995,
        "min": 0.010287,
        "p(50)": 0.0215225,
        "p(90)": 0.026279300000000002,
        "p(99.99)": 0.2575365325999903,
        "count": 1000
      }
    }
  },
  "root_group": {
    "path": "",
    "id": "d41d8cd98f00b204e9800998ecf8427e",
    "groups": [],
    "checks": [
        {
          "passes": 1000,
          "fails": 0,
          "name": "is status 200",
          "path": "::is status 200",
          "id": "548d37ca5f33793206f7832e7cea54fb"
        }
      ],
    "name": ""
  }
}