{
  "root_group": {
    "name": "",
    "path": "",
    "id": "d41d8cd98f00b204e9800998ecf8427e",
    "groups": [],
    "checks": [
        {
          "name": "status is 200",
          "path": "::status is 200",
          "id": "6210a8cd14cd70477eba5c5e4cb3fb5f",
          "passes": 1000,
          "fails": 0
        }
      ]
  },
  "options": {
    "summaryTrendStats": [
      "avg",
      "min",
      "med",
      "max",
      "p(50)",
      "p(90)",
      "p(95)",
      "p(99)",
      "p(99.99)",
      "count"
    ],
    "summaryTimeUnit": "ms",
    "noColor": false
  },
  "state": {
    "isStdErrTTY": false,
    "testRunDurationMs": 19844.492857,
    "isStdOutTTY": false
  },
  "metrics": {
    "http_req_failed": {
      "contains": "default",
      "values": {
        "fails": 1000,
        "rate": 0,
        "passes": 0
      },
      "type": "rate"
    },
    "checks": {
      "type": "rate",
      "contains": "default",
      "values": {
        "rate": 1,
        "passes": 1000,
        "fails": 0
      }
    },
    "vus": {
      "type": "gauge",
      "contains": "default",
      "values": {
        "max": 1,
        "value": 1,
        "min": 1
      }
    },
    "http_req_blocked": {
      "type": "trend",
      "contains": "time",
      "values": {
        "max": 0.246065,
        "count": 1000,
        "med": 0.004168,
        "min": 0.002342,
        "p(50)": 0.004168,
        "p(90)": 0.0053834,
        "p(95)": 0.0080004,
        "p(99)": 0.014322909999999982,
        "p(99.99)": 0.22551427129999016,
        "avg": 0.004788135
      }
    },
    "response_time": {
      "type": "trend",
      "contains": "default",
      "values": {
        "p(95)": 30.476673549999997,
        "med": 16.995869499999998,
        "max": 39.489027,
        "p(90)": 28.2199761,
        "p(99)": 33.72693683999999,
        "p(99.99)": 39.04942024679979,
        "count": 1000,
        "avg": 19.349671498000006,
        "min": 14.045081,
        "p(50)": 16.995869499999998
      }
    },
    "http_req_duration": {
      "type": "trend",
      "contains": "time",
      "values": {
        "count": 1000,
        "avg": 19.349671498000006,
        "max": 39.489027,
        "p(95)": 30.476673549999997,
        "p(99)": 33.72693683999999,
        "p(99.99)": 39.04942024679979,
        "min": 14.045081,
        "med": 16.995869499999998,
        "p(50)": 16.995869499999998,
        "p(90)": 28.2199761
      }
    },
    "http_req_waiting": {
      "type": "trend",
      "contains": "time",
      "values": {
        "med": 16.879495,
        "p(50)": 16.879495,
        "p(90)": 28.066773700000002,
        "p(99)": 33.62149534,
        "p(99.99)": 38.92949578109979,
        "count": 1000,
        "avg": 19.234159583999975,
        "min": 13.950606,
        "max": 39.367938,
        "p(95)": 30.362606049999997
      }
    },
    "data_received": {
      "values": {
        "rate": 34435.69986516184,
        "count": 683359
      },
      "type": "counter",
      "contains": "data"
    },
    "http_req_sending": {
      "type": "trend",
      "contains": "time",
      "values": {
        "med": 0.0202185,
        "max": 0.406085,
        "p(50)": 0.0202185,
        "p(99)": 0.06978233999999996,
        "count": 1000,
        "avg": 0.023165325999999944,
        "min": 0.012597,
        "p(99.99)": 0.38626364119999046,
        "p(90)": 0.028135900000000002,
        "p(95)": 0.03547589999999999
      }
    },
    "reponse_size": {
      "values": {
        "min": 97,
        "max": 97,
        "p(50)": 97,
        "p(99)": 97,
        "p(99.99)": 97,
        "avg": 97,
        "med": 97,
        "p(90)": 97,
        "p(95)": 97,
        "count": 1000
      },
      "type": "trend",
      "contains": "default"
    },
    "http_req_tls_handshaking": {
      "type": "trend",
      "contains": "time",
      "values": {
        "p(50)": 0,
        "p(95)": 0,
        "p(99)": 0,
        "count": 1000,
        "min": 0,
        "max": 0,
        "p(90)": 0,
        "p(99.99)": 0,
        "avg": 0,
        "med": 0
      }
    },
    "data_sent": {
      "type": "counter",
      "contains": "data",
      "values": {
        "count": 475000,
        "rate": 23936.1118181686
      }
    },
    "iteration_duration": {
      "contains": "time",
      "values": {
        "p(95)": 30.962543849999996,
        "p(99.99)": 39.65014153389979,
        "count": 1000,
        "p(50)": 17.470902000000002,
        "p(90)": 28.7149238,
        "p(99)": 34.231344029999995,
        "avg": 19.826686977000005,
        "min": 14.447208,
        "med": 17.470902000000002,
        "max": 40.087138
      },
      "type": "trend"
    },
    "http_reqs": {
      "contains": "default",
      "values": {
        "count": 1000,
        "rate": 50.391814354039155
      },
      "type": "counter"
    },
    "iterations": {
      "type": "counter",
      "contains": "default",
      "values": {
        "rate": 50.391814354039155,
        "count": 1000
      }
    },
    "vus_max": {
      "type": "gauge",
      "contains": "default",
      "values": {
        "value": 1,
        "min": 1,
        "max": 1
      }
    },
    "http_req_receiving": {
      "type": "trend",
      "contains": "time",
      "values": {
        "avg": 0.09234658800000003,
        "min": 0.046141,
        "max": 0.592502,
        "p(50)": 0.078509,
        "p(90)": 0.1116448,
        "p(95)": 0.19426504999999977,
        "p(99.99)": 0.5857362724999967,
        "count": 1000,
        "med": 0.078509,
        "p(99)": 0.3829558599999999
      }
    },
    "http_req_duration{expected_response:true}": {
      "type": "trend",
      "contains": "time",
      "values": {
        "p(50)": 16.995869499999998,
        "p(90)": 28.2199761,
        "p(95)": 30.476673549999997,
        "p(99)": 33.72693683999999,
        "p(99.99)": 39.04942024679979,
        "avg": 19.349671498000006,
        "med": 16.995869499999998,
        "max": 39.489027,
        "min": 14.045081,
        "count": 1000
      }
    },
    "http_req_connecting": {
      "type": "trend",
      "contains": "time",
      "values": {
        "p(50)": 0,
        "p(90)": 0,
        "p(95)": 0,
        "p(99)": 0,
        "count": 1000,
        "avg": 0.000156504,
        "med": 0,
        "max": 0.156504,
        "p(99.99)": 0.1408692503999925,
        "min": 0
      }
    }
  }
}