{
  "options": {
    "summaryTrendStats": [
      "avg",
      "min",
      "med",
      "max",
      "p(50)",
      "p(90)",
      "p(95)",
      "p(99)",
      "p(99.99)",
      "count"
    ],
    "summaryTimeUnit": "ms",
    "noColor": false
  },
  "state": {
    "isStdOutTTY": false,
    "isStdErrTTY": false,
    "testRunDurationMs": 11277.630348
  },
  "metrics": {
    "data_sent": {
      "type": "counter",
      "contains": "data",
      "values": {
        "count": 475000,
        "rate": 42118.77720253861
      }
    },
    "vus": {
      "values": {
        "value": 1,
        "min": 1,
        "max": 1
      },
      "type": "gauge",
      "contains": "default"
    },
    "http_req_duration": {
      "type": "trend",
      "contains": "time",
      "values": {
        "med": 10.2714795,
        "p(50)": 10.2714795,
        "p(90)": 12.850014200000002,
        "p(95)": 14.113640799999988,
        "avg": 10.748563008999998,
        "max": 30.19589,
        "p(99)": 18.61199865,
        "p(99.99)": 29.881999704499847,
        "count": 1000,
        "min": 8.336897
      }
    },
    "iteration_duration": {
      "type": "trend",
      "contains": "time",
      "values": {
        "p(50)": 10.7990195,
        "p(95)": 14.835429249999999,
        "avg": 11.257852711999998,
        "med": 10.7990195,
        "max": 30.713482,
        "p(90)": 13.4145934,
        "p(99)": 19.155071239999998,
        "p(99.99)": 30.395388911499847,
        "count": 1000,
        "min": 8.755366
      }
    },
    "vus_max": {
      "type": "gauge",
      "contains": "default",
      "values": {
        "value": 1,
        "min": 1,
        "max": 1
      }
    },
    "response_time": {
      "type": "trend",
      "contains": "default",
      "values": {
        "med": 10.2714795,
        "max": 30.19589,
        "p(50)": 10.2714795,
        "p(95)": 14.113640799999988,
        "count": 1000,
        "avg": 10.748563008999998,
        "min": 8.336897,
        "p(90)": 12.850014200000002,
        "p(99)": 18.61199865,
        "p(99.99)": 29.881999704499847
      }
    },
    "http_req_receiving": {
      "contains": "time",
      "values": {
        "p(99)": 0.5138801,
        "count": 1000,
        "min": 0.047351,
        "med": 0.0856375,
        "p(50)": 0.0856375,
        "p(95)": 0.28432999999999997,
        "avg": 0.11698994899999993,
        "max": 4.665208,
        "p(90)": 0.1382755,
        "p(99.99)": 4.532978361999937
      },
      "type": "trend"
    },
    "reponse_size": {
      "type": "trend",
      "contains": "default",
      "values": {
        "med": 97,
        "max": 97,
        "p(95)": 97,
        "p(99)": 97,
        "p(99.99)": 97,
        "min": 97,
        "p(50)": 97,
        "p(90)": 97,
        "count": 1000,
        "avg": 97
      }
    },
    "http_req_sending": {
      "type": "trend",
      "contains": "time",
      "values": {
        "avg": 0.026039304000000034,
        "max": 0.435428,
        "p(50)": 0.0224315,
        "p(95)": 0.040547099999999996,
        "p(99)": 0.06951239999999993,
        "min": 0.012455,
        "med": 0.0224315,
        "p(90)": 0.0346157,
        "p(99.99)": 0.425114723599995,
        "count": 1000
      }
    },
    "data_received": {
      "type": "counter",
      "contains": "data",
      "values": {
        "count": 683564,
        "rate": 60612.378567739164
      }
    },
    "iterations": {
      "type": "counter",
      "contains": "default",
      "values": {
        "count": 1000,
        "rate": 88.67110990008129
      }
    },
    "http_req_duration{expected_response:true}": {
      "type": "trend",
      "contains": "time",
      "values": {
        "p(95)": 14.113640799999988,
        "p(99)": 18.61199865,
        "p(99.99)": 29.881999704499847,
        "count": 1000,
        "med": 10.2714795,
        "p(50)": 10.2714795,
        "max": 30.19589,
        "p(90)": 12.850014200000002,
        "avg": 10.748563008999998,
        "min": 8.336897
      }
    },
    "http_req_tls_handshaking": {
      "type": "trend",
      "contains": "time",
      "values": {
        "p(95)": 0,
        "p(99)": 0,
        "p(99.99)": 0,
        "count": 1000,
        "min": 0,
        "max": 0,
        "p(50)": 0,
        "p(90)": 0,
        "avg": 0,
        "med": 0
      }
    },
    "http_req_blocked": {
      "type": "trend",
      "contains": "time",
      "values": {
        "min": 0.002631,
        "max": 0.296228,
        "p(90)": 0.007274200000000001,
        "p(99.99)": 0.2829044368999936,
        "count": 1000,
        "avg": 0.005786556999999994,
        "p(50)": 0.004635,
        "p(95)": 0.009138399999999998,
        "p(99)": 0.01554447,
        "med": 0.004635
      }
    },
    "http_req_connecting": {
      "type": "trend",
      "contains": "time",
      "values": {
        "p(50)": 0,
        "max": 0.170655,
        "min": 0,
        "med": 0,
        "p(90)": 0,
        "p(95)": 0,
        "p(99)": 0,
        "p(99.99)": 0.15360656549999183,
        "count": 1000,
        "avg": 0.000170655
      }
    },
    "http_req_failed": {
      "type": "rate",
      "contains": "default",
      "values": {
        "passes": 0,
        "fails": 1000,
        "rate": 0
      }
    },
    "checks": {
      "type": "rate",
      "contains": "default",
      "values": {
        "passes": 1000,
        "fails": 0,
        "rate": 1
      }
    },
    "http_reqs": {
      "type": "counter",
      "contains": "default",
      "values": {
        "count": 1000,
        "rate": 88.67110990008129
      }
    },
    "http_req_waiting": {
      "type": "trend",
      "contains": "time",
      "values": {
        "avg": 10.605533756000009,
        "min": 8.259453,
        "med": 10.1380395,
        "max": 30.063456,
        "p(90)": 12.667070700000002,
        "p(99.99)": 29.75295631049985,
        "count": 1000,
        "p(50)": 10.1380395,
        "p(95)": 13.962790699999998,
        "p(99)": 18.459854399999998
      }
    }
  },
  "root_group": {
    "path": "",
    "id": "d41d8cd98f00b204e9800998ecf8427e",
    "groups": [],
    "checks": [
        {
          "name": "status is 200",
          "path": "::status is 200",
          "id": "6210a8cd14cd70477eba5c5e4cb3fb5f",
          "passes": 1000,
          "fails": 0
        }
      ],
    "name": ""
  }
}