{
  "options": {
    "summaryTrendStats": [
      "avg",
      "min",
      "med",
      "max",
      "p(50)",
      "p(90)",
      "p(95)",
      "p(99)",
      "p(99.99)",
      "count"
    ],
    "summaryTimeUnit": "ms",
    "noColor": false
  },
  "state": {
    "isStdOutTTY": false,
    "isStdErrTTY": false,
    "testRunDurationMs": 189002.706745
  },
  "metrics": {
    "response_time": {
      "type": "trend",
      "contains": "default",
      "values": {
        "p(99.99)": 110.70687597819861,
        "min": 11.781241,
        "med": 14.679577,
        "p(90)": 34.42679420000001,
        "p(95)": 37.88696534999999,
        "p(99)": 41.46806844,
        "avg": 18.58545250899995,
        "max": 254.052323,
        "p(50)": 14.679577,
        "count": 10000
      }
    },
    "data_sent": {
      "type": "counter",
      "contains": "data",
      "values": {
        "count": 4920000,
        "rate": 26031.373225982417
      }
    },
    "data_received": {
      "type": "counter",
      "contains": "data",
      "values": {
        "count": 6154999,
        "rate": 32565.665889135886
      }
    },
    "http_req_connecting": {
      "type": "trend",
      "contains": "time",
      "values": {
        "avg": 0.0019719418,
        "med": 0,
        "p(50)": 0,
        "p(90)": 0,
        "p(95)": 0,
        "min": 0,
        "max": 0.503803,
        "p(99)": 0.0010958200000239194,
        "p(99.99)": 0.3872936520999176,
        "count": 10000
      }
    },
    "iterations": {
      "values": {
        "rate": 52.90929517476101,
        "count": 10000
      },
      "type": "counter",
      "contains": "default"
    },
    "http_reqs": {
      "type": "counter",
      "contains": "default",
      "values": {
        "rate": 52.90929517476101,
        "count": 10000
      }
    },
    "http_req_sending": {
      "type": "trend",
      "contains": "time",
      "values": {
        "avg": 0.022915343500000067,
        "min": 0.010664,
        "p(90)": 0.028144900000000004,
        "p(95)": 0.0334372,
        "p(99.99)": 0.3268074351999545,
        "med": 0.0200725,
        "max": 0.391153,
        "p(50)": 0.0200725,
        "p(99)": 0.07877640000000007,
        "count": 10000
      }
    },
    "http_req_duration": {
      "type": "trend",
      "contains": "time",
      "values": {
        "count": 10000,
        "avg": 18.58545250899995,
        "max": 254.052323,
        "p(95)": 37.88696534999999,
        "p(99)": 41.46806844,
        "p(99.99)": 110.70687597819861,
        "min": 11.781241,
        "med": 14.679577,
        "p(50)": 14.679577,
        "p(90)": 34.42679420000001
      }
    },
    "http_req_failed": {
      "contains": "default",
      "values": {
        "rate": 0,
        "passes": 0,
        "fails": 10000
      },
      "type": "rate"
    },
    "vus_max": {
      "type": "gauge",
      "contains": "default",
      "values": {
        "max": 1,
        "value": 1,
        "min": 1
      }
    },
    "http_req_waiting": {
      "type": "trend",
      "contains": "time",
      "values": {
        "max": 253.95374,
        "p(50)": 14.5765095,
        "p(90)": 34.2620694,
        "p(99)": 41.3108091,
        "avg": 18.45526543449995,
        "med": 14.5765095,
        "p(99.99)": 110.6009747100986,
        "count": 10000,
        "min": 11.692065,
        "p(95)": 37.74554329999998
      }
    },
    "http_req_tls_handshaking": {
      "type": "trend",
      "contains": "time",
      "values": {
        "min": 0,
        "max": 0,
        "p(90)": 0,
        "p(95)": 0,
        "count": 10000,
        "avg": 0,
        "p(50)": 0,
        "p(99)": 0,
        "p(99.99)": 0,
        "med": 0
      }
    },
    "http_req_blocked": {
      "type": "trend",
      "contains": "time",
      "values": {
        "avg": 0.007416965400000028,
        "min": 0.00227,
        "med": 0.004016,
        "p(90)": 0.006022800000000003,
        "p(95)": 0.00919805,
        "max": 0.602054,
        "p(50)": 0.004016,
        "p(99)": 0.17893588000000007,
        "p(99.99)": 0.4815040561999147,
        "count": 10000
      }
    },
    "http_req_receiving": {
      "type": "trend",
      "contains": "time",
      "values": {
        "p(50)": 0.075044,
        "p(90)": 0.09922520000000001,
        "p(95)": 0.11296359999999993,
        "count": 10000,
        "min": 0.041255,
        "med": 0.075044,
        "max": 17.68642,
        "avg": 0.107271731,
        "p(99)": 0.2565565800000001,
        "p(99.99)": 17.65784285799998
      }
    },
    "iteration_duration": {
      "type": "trend",
      "contains": "time",
      "values": {
        "avg": 18.881669040899894,
        "med": 14.9702725,
        "max": 254.354613,
        "p(50)": 14.9702725,
        "p(95)": 38.1749136,
        "count": 10000,
        "min": 12.045283,
        "p(90)": 34.7332002,
        "p(99)": 41.765434770000006,
        "p(99.99)": 110.9924676481986
      }
    },
    "checks": {
      "type": "rate",
      "contains": "default",
      "values": {
        "rate": 1,
        "passes": 10000,
        "fails": 0
      }
    },
    "reponse_size": {
      "type": "trend",
      "contains": "default",
      "values": {
        "p(90)": 207,
        "p(99.99)": 207,
        "max": 207,
        "p(50)": 207,
        "med": 207,
        "p(95)": 207,
        "p(99)": 207,
        "count": 10000,
        "avg": 206.7899,
        "min": 203
      }
    },
    "vus": {
      "type": "gauge",
      "contains": "default",
      "values": {
        "value": 1,
        "min": 1,
        "max": 1
      }
    },
    "http_req_duration{expected_response:true}": {
      "type": "trend",
      "contains": "time",
      "values": {
        "avg": 18.58545250899995,
        "med": 14.679577,
        "max": 254.052323,
        "p(90)": 34.42679420000001,
        "count": 10000,
        "min": 11.781241,
        "p(50)": 14.679577,
        "p(95)": 37.88696534999999,
        "p(99)": 41.46806844,
        "p(99.99)": 110.70687597819861
      }
    }
  },
  "root_group": {
    "checks": [
      {
        "fails": 0,
        "name": "is status 200",
        "path": "::is status 200",
        "id": "548d37ca5f33793206f7832e7cea54fb",
        "passes": 10000
      }
    ],
    "name": "",
    "path": "",
    "id": "d41d8cd98f00b204e9800998ecf8427e",
    "groups": []
  }
}