{
  "root_group": {
    "name": "",
    "path": "",
    "id": "d41d8cd98f00b204e9800998ecf8427e",
    "groups": [],
    "checks": [
        {
          "fails": 0,
          "name": "status is 200",
          "path": "::status is 200",
          "id": "6210a8cd14cd70477eba5c5e4cb3fb5f",
          "passes": 1000
        }
      ]
  },
  "options": {
    "summaryTrendStats": [
      "avg",
      "min",
      "med",
      "max",
      "p(50)",
      "p(90)",
      "p(95)",
      "p(99)",
      "p(99.99)",
      "count"
    ],
    "summaryTimeUnit": "ms",
    "noColor": false
  },
  "state": {
    "isStdOutTTY": false,
    "isStdErrTTY": false,
    "testRunDurationMs": 90795.279136
  },
  "metrics": {
    "iteration_duration": {
      "contains": "time",
      "values": {
        "p(90)": 97.74287170000001,
        "p(99)": 193.63809764999996,
        "p(99.99)": 242.75109113789983,
        "min": 64.439751,
        "med": 90.0702005,
        "p(50)": 90.0702005,
        "p(95)": 104.93782005,
        "count": 1000,
        "avg": 90.77151338799995,
        "max": 243.066813
      },
      "type": "trend"
    },
    "iterations": {
      "type": "counter",
      "contains": "default",
      "values": {
        "count": 1000,
        "rate": 11.013788486757386
      }
    },
    "http_req_sending": {
      "contains": "time",
      "values": {
        "p(50)": 0.021184,
        "p(90)": 0.033406,
        "p(99.99)": 0.3290629766999997,
        "max": 0.329739,
        "p(95)": 0.04434104999999997,
        "p(99)": 0.13977931999999993,
        "count": 1000,
        "avg": 0.026346813999999975,
        "min": 0.012872,
        "med": 0.021184
      },
      "type": "trend"
    },
    "checks": {
      "type": "rate",
      "contains": "default",
      "values": {
        "rate": 1,
        "passes": 1000,
        "fails": 0
      }
    },
    "data_sent": {
      "values": {
        "count": 485000,
        "rate": 5341.687416077332
      },
      "type": "counter",
      "contains": "data"
    },
    "vus_max": {
      "type": "gauge",
      "contains": "default",
      "values": {
        "min": 1,
        "max": 1,
        "value": 1
      }
    },
    "http_req_connecting": {
      "type": "trend",
      "contains": "time",
      "values": {
        "p(99.99)": 0.25268417289998657,
        "count": 1000,
        "avg": 0.000280729,
        "med": 0,
        "max": 0.280729,
        "p(95)": 0,
        "min": 0,
        "p(50)": 0,
        "p(90)": 0,
        "p(99)": 0
      }
    },
    "http_req_failed": {
      "type": "rate",
      "contains": "default",
      "values": {
        "rate": 0,
        "passes": 0,
        "fails": 1000
      }
    },
    "http_req_tls_handshaking": {
      "values": {
        "max": 0,
        "p(50)": 0,
        "p(90)": 0,
        "p(99.99)": 0,
        "count": 1000,
        "avg": 0,
        "min": 0,
        "med": 0,
        "p(95)": 0,
        "p(99)": 0
      },
      "type": "trend",
      "contains": "time"
    },
    "http_req_receiving": {
      "type": "trend",
      "contains": "time",
      "values": {
        "avg": 0.19893442100000008,
        "min": 0.043731,
        "med": 0.09398699999999999,
        "max": 21.311282,
        "p(90)": 0.1497578,
        "p(95)": 0.24131189999999994,
        "p(99.99)": 21.262000930399974,
        "p(50)": 0.09398699999999999,
        "p(99)": 0.5641155399999995,
        "count": 1000
      }
    },
    "response_time": {
      "contains": "default",
      "values": {
        "min": 63.898836,
        "med": 89.45267849999999,
        "p(95)": 104.3946551,
        "p(99)": 193.21791527999997,
        "count": 1000,
        "avg": 90.15106038000016,
        "max": 242.560318,
        "p(50)": 89.45267849999999,
        "p(90)": 97.2772704,
        "p(99.99)": 242.24928394539984
      },
      "type": "trend"
    },
    "vus": {
      "values": {
        "max": 1,
        "value": 1,
        "min": 1
      },
      "type": "gauge",
      "contains": "default"
    },
    "data_received": {
      "values": {
        "count": 683773,
        "rate": 7530.931194955559
      },
      "type": "counter",
      "contains": "data"
    },
    "http_req_duration{expected_response:true}": {
      "values": {
        "p(95)": 104.3946551,
        "p(99)": 193.21791527999997,
        "p(99.99)": 242.24928394539984,
        "min": 63.898836,
        "med": 89.45267849999999,
        "max": 242.560318,
        "p(50)": 89.45267849999999,
        "avg": 90.15106038000016,
        "p(90)": 97.2772704,
        "count": 1000
      },
      "type": "trend",
      "contains": "time"
    },
    "http_reqs": {
      "contains": "default",
      "values": {
        "count": 1000,
        "rate": 11.013788486757386
      },
      "type": "counter"
    },
    "http_req_duration": {
      "type": "trend",
      "contains": "time",
      "values": {
        "max": 242.560318,
        "p(90)": 97.2772704,
        "p(95)": 104.3946551,
        "p(99)": 193.21791527999997,
        "p(99.99)": 242.24928394539984,
        "avg": 90.15106038000016,
        "min": 63.898836,
        "med": 89.45267849999999,
        "p(50)": 89.45267849999999,
        "count": 1000
      }
    },
    "reponse_size": {
      "type": "trend",
      "contains": "default",
      "values": {
        "p(50)": 97,
        "p(99.99)": 97,
        "avg": 97,
        "min": 97,
        "max": 97,
        "p(99)": 97,
        "count": 1000,
        "med": 97,
        "p(90)": 97,
        "p(95)": 97
      }
    },
    "http_req_blocked": {
      "contains": "time",
      "values": {
        "count": 1000,
        "med": 0.0043045,
        "max": 0.421661,
        "p(50)": 0.0043045,
        "p(90)": 0.0061559,
        "p(95)": 0.008715,
        "p(99)": 0.01974178999999998,
        "avg": 0.00528425499999999,
        "min": 0.002307,
        "p(99.99)": 0.38350609309998174
      },
      "type": "trend"
    },
    "http_req_waiting": {
      "type": "trend",
      "contains": "time",
      "values": {
        "max": 242.443746,
        "p(50)": 89.2626185,
        "p(90)": 97.1411398,
        "p(95)": 103.75079804999997,
        "p(99)": 192.96022238999996,
        "avg": 89.92577914499998,
        "min": 63.764978,
        "count": 1000,
        "med": 89.2626185,
        "p(99.99)": 242.13526029449986
      }
    }
  }
}