{
  "state": {
    "isStdOutTTY": false,
    "isStdErrTTY": false,
    "testRunDurationMs": 31117.656986
  },
  "metrics": {
    "reponse_size_body": {
      "type": "trend",
      "contains": "default",
      "values": {
        "min": 150,
        "max": 150,
        "p(95)": 150,
        "count": 10000,
        "p(99)": 150,
        "p(99.99)": 150,
        "avg": 150,
        "med": 150,
        "p(50)": 150,
        "p(90)": 150
      }
    },
    "http_reqs": {
      "type": "counter",
      "contains": "default",
      "values": {
        "count": 10000,
        "rate": 321.36095608030683
      }
    },
    "vus": {
      "type": "gauge",
      "contains": "default",
      "values": {
        "min": 1,
        "max": 1,
        "value": 1
      }
    },
    "http_req_duration": {
      "type": "trend",
      "contains": "time",
      "values": {
        "avg": 2.861059580299992,
        "min": 1.491427,
        "p(90)": 3.3405386000000004,
        "p(95)": 3.805149049999997,
        "p(99.99)": 44.59054569689739,
        "count": 10000,
        "med": 2.8018025,
        "max": 48.287145,
        "p(50)": 2.8018025,
        "p(99)": 4.98899956
      }
    },
    "data_sent": {
      "values": {
        "count": 3720000,
        "rate": 119546.27566187416
      },
      "type": "counter",
      "contains": "data"
    },
    "http_req_connecting": {
      "type": "trend",
      "contains": "time",
      "values": {
        "med": 0,
        "p(50)": 0,
        "p(90)": 0,
        "p(95)": 0,
        "p(99)": 0,
        "count": 10000,
        "avg": 0.0000306203,
        "min": 0,
        "max": 0.306203,
        "p(99.99)": 0.00003062029978344617
      }
    },
    "http_req_receiving": {
      "type": "trend",
      "contains": "time",
      "values": {
        "avg": 0.11150143369999967,
        "p(99)": 0.3196002700000006,
        "p(99.99)": 1.8131948353997112,
        "p(90)": 0.19100390000000003,
        "p(95)": 0.2321073,
        "count": 10000,
        "min": 0.032762,
        "med": 0.0878045,
        "max": 2.221508,
        "p(50)": 0.0878045
      }
    },
    "iteration_duration": {
      "type": "trend",
      "contains": "time",
      "values": {
        "med": 3.0338675000000004,
        "max": 48.590313,
        "p(95)": 4.071101799999997,
        "count": 10000,
        "p(99.99)": 44.88912615569738,
        "avg": 3.0914508806999894,
        "min": 1.60608,
        "p(50)": 3.0338675000000004,
        "p(90)": 3.5993065,
        "p(99)": 5.290066000000002
      }
    },
    "response_time": {
      "values": {
        "avg": 2.861059580299992,
        "min": 1.491427,
        "med": 2.8018025,
        "max": 48.287145,
        "p(99)": 4.98899956,
        "count": 10000,
        "p(50)": 2.8018025,
        "p(90)": 3.3405386000000004,
        "p(95)": 3.805149049999997,
        "p(99.99)": 44.59054569689739
      },
      "type": "trend",
      "contains": "default"
    },
    "http_req_duration{expected_response:true}": {
      "values": {
        "count": 10000,
        "avg": 2.861059580299992,
        "med": 2.8018025,
        "max": 48.287145,
        "p(50)": 2.8018025,
        "p(99.99)": 44.59054569689739,
        "min": 1.491427,
        "p(90)": 3.3405386000000004,
        "p(95)": 3.805149049999997,
        "p(99)": 4.98899956
      },
      "type": "trend",
      "contains": "time"
    },
    "iterations": {
      "type": "counter",
      "contains": "default",
      "values": {
        "count": 10000,
        "rate": 321.36095608030683
      }
    },
    "http_req_failed": {
      "type": "rate",
      "contains": "default",
      "values": {
        "rate": 0,
        "passes": 0,
        "fails": 10000
      }
    },
    "http_req_tls_handshaking": {
      "type": "trend",
      "contains": "time",
      "values": {
        "avg": 0,
        "max": 0,
        "p(50)": 0,
        "count": 10000,
        "min": 0,
        "med": 0,
        "p(90)": 0,
        "p(95)": 0,
        "p(99)": 0,
        "p(99.99)": 0
      }
    },
    "http_req_blocked": {
      "type": "trend",
      "contains": "time",
      "values": {
        "avg": 0.00573859919999999,
        "min": 0.001807,
        "p(50)": 0.0053335,
        "p(90)": 0.006779100000000001,
        "p(95)": 0.007922149999999998,
        "p(99.99)": 0.44263084299995165,
        "med": 0.0053335,
        "max": 0.511054,
        "p(99)": 0.015422630000000014,
        "count": 10000
      }
    },
    "checks": {
      "contains": "default",
      "values": {
        "passes": 10000,
        "fails": 0,
        "rate": 1
      },
      "type": "rate"
    },
    "http_req_waiting": {
      "contains": "time",
      "values": {
        "med": 2.6710715,
        "max": 48.144487,
        "p(90)": 3.1934478000000004,
        "p(95)": 3.652387499999999,
        "count": 10000,
        "avg": 2.726607256300002,
        "min": 1.434649,
        "p(50)": 2.6710715,
        "p(99)": 4.8081428100000005,
        "p(99.99)": 44.46459602589739
      },
      "type": "trend"
    },
    "data_received": {
      "type": "counter",
      "contains": "data",
      "values": {
        "count": 5139548,
        "rate": 165165.0059100629
      }
    },
    "http_req_sending": {
      "type": "trend",
      "contains": "time",
      "values": {
        "p(50)": 0.0227235,
        "p(90)": 0.0275024,
        "count": 10000,
        "p(95)": 0.030149799999999977,
        "p(99)": 0.04952644000000001,
        "p(99.99)": 0.31535721549996315,
        "avg": 0.022950890300000047,
        "min": 0.008099,
        "med": 0.0227235,
        "max": 0.367507
      }
    },
    "response_size": {
      "type": "trend",
      "contains": "default",
      "values": {
        "avg": 460,
        "p(90)": 460,
        "p(95)": 460,
        "p(99)": 460,
        "p(99.99)": 460,
        "min": 460,
        "med": 460,
        "max": 460,
        "p(50)": 460,
        "count": 10000
      }
    },
    "vus_max": {
      "type": "gauge",
      "contains": "default",
      "values": {
        "min": 1,
        "max": 1,
        "value": 1
      }
    }
  },
  "root_group": {
    "name": "",
    "path": "",
    "id": "d41d8cd98f00b204e9800998ecf8427e",
    "groups": [],
    "checks": [
        {
          "fails": 0,
          "name": "is status 200",
          "path": "::is status 200",
          "id": "548d37ca5f33793206f7832e7cea54fb",
          "passes": 10000
        }
      ]
  },
  "options": {
    "summaryTrendStats": [
      "avg",
      "min",
      "med",
      "max",
      "p(50)",
      "p(90)",
      "p(95)",
      "p(99)",
      "p(99.99)",
      "count"
    ],
    "summaryTimeUnit": "ms",
    "noColor": false
  }
}