{
  "options": {
    "summaryTrendStats": [
      "avg",
      "min",
      "med",
      "max",
      "p(50)",
      "p(90)",
      "p(95)",
      "p(99)",
      "p(99.99)",
      "count"
    ],
    "summaryTimeUnit": "ms",
    "noColor": false
  },
  "state": {
    "testRunDurationMs": 89680.886906,
    "isStdOutTTY": false,
    "isStdErrTTY": false
  },
  "metrics": {
    "http_req_sending": {
      "type": "trend",
      "contains": "time",
      "values": {
        "min": 0.01241,
        "p(90)": 0.041402900000000006,
        "p(95)": 0.06181389999999998,
        "p(99)": 0.12218498,
        "p(99.99)": 0.4373854311999896,
        "count": 1000,
        "avg": 0.02971501400000001,
        "med": 0.0243175,
        "max": 0.458995,
        "p(50)": 0.0243175
      }
    },
    "data_sent": {
      "type": "counter",
      "contains": "data",
      "values": {
        "count": 485000,
        "rate": 5408.064268012403
      }
    },
    "iterations": {
      "type": "counter",
      "contains": "default",
      "values": {
        "count": 1000,
        "rate": 11.150647975283306
      }
    },
    "http_req_waiting": {
      "contains": "time",
      "values": {
        "p(95)": 98.55395089999999,
        "p(99)": 104.73440049,
        "p(99.99)": 131.12554776699983,
        "count": 1000,
        "min": 59.004139,
        "max": 131.482957,
        "p(50)": 90.95007050000001,
        "p(90)": 96.4904624,
        "avg": 88.82879447900004,
        "med": 90.95007050000001
      },
      "type": "trend"
    },
    "vus": {
      "values": {
        "value": 1,
        "min": 1,
        "max": 1
      },
      "type": "gauge",
      "contains": "default"
    },
    "http_req_receiving": {
      "type": "trend",
      "contains": "time",
      "values": {
        "avg": 0.15799737500000016,
        "min": 0.048849,
        "med": 0.100234,
        "p(50)": 0.100234,
        "p(90)": 0.1388764,
        "p(99)": 0.29745332999999985,
        "max": 27.550277,
        "p(95)": 0.1893146,
        "p(99.99)": 27.057733736299767,
        "count": 1000
      }
    },
    "http_req_blocked": {
      "type": "trend",
      "contains": "time",
      "values": {
        "med": 0.004749,
        "p(50)": 0.004749,
        "p(90)": 0.0071933,
        "p(95)": 0.011516449999999994,
        "count": 1000,
        "min": 0.002324,
        "max": 0.426298,
        "p(99)": 0.16426572999999975,
        "p(99.99)": 0.42490919019999934,
        "avg": 0.008877479999999998
      }
    },
    "http_req_tls_handshaking": {
      "type": "trend",
      "contains": "time",
      "values": {
        "p(99)": 0,
        "p(99.99)": 0,
        "avg": 0,
        "min": 0,
        "med": 0,
        "p(50)": 0,
        "p(90)": 0,
        "p(95)": 0,
        "count": 1000,
        "max": 0
      }
    },
    "reponse_size": {
      "contains": "default",
      "values": {
        "p(95)": 97,
        "p(99)": 97,
        "count": 1000,
        "avg": 97,
        "med": 97,
        "max": 97,
        "p(90)": 97,
        "min": 97,
        "p(50)": 97,
        "p(99.99)": 97
      },
      "type": "trend"
    },
    "vus_max": {
      "type": "gauge",
      "contains": "default",
      "values": {
        "value": 1,
        "min": 1,
        "max": 1
      }
    },
    "http_req_connecting": {
      "type": "trend",
      "contains": "time",
      "values": {
        "min": 0,
        "med": 0,
        "max": 0.330331,
        "p(90)": 0,
        "p(95)": 0,
        "count": 1000,
        "avg": 0.0022681929999999995,
        "p(99)": 0.0012177099999988925,
        "p(99.99)": 0.33002130999999985,
        "p(50)": 0
      }
    },
    "iteration_duration": {
      "values": {
        "avg": 89.65549654200014,
        "med": 91.750808,
        "p(50)": 91.750808,
        "p(90)": 97.31230090000001,
        "p(99.99)": 131.76278267119983,
        "count": 1000,
        "min": 59.860462,
        "max": 132.141275,
        "p(95)": 99.37595435,
        "p(99)": 105.64507281
      },
      "type": "trend",
      "contains": "time"
    },
    "http_req_duration": {
      "values": {
        "count": 1000,
        "med": 91.103041,
        "p(50)": 91.103041,
        "p(90)": 96.64990329999999,
        "p(95)": 98.69844930000001,
        "p(99)": 104.89256839,
        "avg": 89.01650686799998,
        "min": 59.145842,
        "max": 131.58211,
        "p(99.99)": 131.22357839049982
      },
      "type": "trend",
      "contains": "time"
    },
    "response_time": {
      "type": "trend",
      "contains": "default",
      "values": {
        "min": 59.145842,
        "med": 91.103041,
        "p(50)": 91.103041,
        "p(90)": 96.64990329999999,
        "p(99.99)": 131.22357839049982,
        "avg": 89.01650686799998,
        "max": 131.58211,
        "p(95)": 98.69844930000001,
        "p(99)": 104.89256839,
        "count": 1000
      }
    },
    "checks": {
      "type": "rate",
      "contains": "default",
      "values": {
        "rate": 1,
        "passes": 1000,
        "fails": 0
      }
    },
    "data_received": {
      "type": "counter",
      "contains": "data",
      "values": {
        "count": 639710,
        "rate": 7133.181016268483
      }
    },
    "http_req_duration{expected_response:true}": {
      "type": "trend",
      "contains": "time",
      "values": {
        "p(99)": 104.89256839,
        "p(99.99)": 131.22357839049982,
        "avg": 89.01650686799998,
        "med": 91.103041,
        "max": 131.58211,
        "p(50)": 91.103041,
        "p(90)": 96.64990329999999,
        "p(95)": 98.69844930000001,
        "count": 1000,
        "min": 59.145842
      }
    },
    "http_reqs": {
      "type": "counter",
      "contains": "default",
      "values": {
        "count": 1000,
        "rate": 11.150647975283306
      }
    },
    "http_req_failed": {
      "type": "rate",
      "contains": "default",
      "values": {
        "rate": 0,
        "passes": 0,
        "fails": 1000
      }
    }
  },
  "root_group": {
    "name": "",
    "path": "",
    "id": "d41d8cd98f00b204e9800998ecf8427e",
    "groups": [],
    "checks": [
        {
          "name": "status is 200",
          "path": "::status is 200",
          "id": "6210a8cd14cd70477eba5c5e4cb3fb5f",
          "passes": 1000,
          "fails": 0
        }
      ]
  }
}