{
  "root_group": {
    "groups": [],
    "checks": [
        {
          "name": "is status 200",
          "path": "::is status 200",
          "id": "548d37ca5f33793206f7832e7cea54fb",
          "passes": 10000,
          "fails": 0
        }
      ],
    "name": "",
    "path": "",
    "id": "d41d8cd98f00b204e9800998ecf8427e"
  },
  "options": {
    "summaryTrendStats": [
      "avg",
      "min",
      "med",
      "max",
      "p(50)",
      "p(90)",
      "p(95)",
      "p(99)",
      "p(99.99)",
      "count"
    ],
    "summaryTimeUnit": "ms",
    "noColor": false
  },
  "state": {
    "isStdOutTTY": false,
    "isStdErrTTY": false,
    "testRunDurationMs": 21853.798532
  },
  "metrics": {
    "http_req_receiving": {
      "contains": "time",
      "values": {
        "med": 0.0769595,
        "p(50)": 0.0769595,
        "p(90)": 0.1055876,
        "p(99.99)": 1.859138002199915,
        "count": 10000,
        "avg": 0.08372697990000004,
        "min": 0.023203,
        "p(99)": 0.22073796000000015,
        "max": 1.979148,
        "p(95)": 0.12174444999999996
      },
      "type": "trend"
    },
    "response_time": {
      "values": {
        "p(95)": 2.524927549999998,
        "p(99)": 6.643178310000079,
        "count": 10000,
        "min": 0.927417,
        "med": 1.8743055,
        "p(90)": 2.2752486999999997,
        "p(99.99)": 11.203940303689128,
        "avg": 1.9732505524000055,
        "max": 26.57544,
        "p(50)": 1.8743055
      },
      "type": "trend",
      "contains": "default"
    },
    "http_req_sending": {
      "type": "trend",
      "contains": "time",
      "values": {
        "avg": 0.019029897900000016,
        "min": 0.006378,
        "p(95)": 0.025759149999999998,
        "p(99)": 0.05934641000000003,
        "count": 10000,
        "med": 0.0177525,
        "max": 0.426429,
        "p(50)": 0.0177525,
        "p(90)": 0.022142099999999998,
        "p(99.99)": 0.371294513999961
      }
    },
    "response_size": {
      "type": "trend",
      "contains": "default",
      "values": {
        "p(99.99)": 7502,
        "count": 10000,
        "min": 7450,
        "max": 7502,
        "p(50)": 7502,
        "p(99)": 7502,
        "avg": 7501.48,
        "med": 7502,
        "p(90)": 7502,
        "p(95)": 7502
      }
    },
    "http_reqs": {
      "type": "counter",
      "contains": "default",
      "values": {
        "count": 10000,
        "rate": 457.5863543977143
      }
    },
    "reponse_size_body": {
      "values": {
        "p(99)": 7140,
        "count": 10000,
        "min": 7140,
        "max": 7140,
        "p(50)": 7140,
        "p(90)": 7140,
        "p(95)": 7140,
        "p(99.99)": 7140,
        "avg": 7140,
        "med": 7140
      },
      "type": "trend",
      "contains": "default"
    },
    "data_received": {
      "type": "counter",
      "contains": "data",
      "values": {
        "count": 75507100,
        "rate": 3455101.8620143654
      }
    },
    "http_req_blocked": {
      "type": "trend",
      "contains": "time",
      "values": {
        "min": 0.001288,
        "p(99)": 0.17947294000000025,
        "count": 10000,
        "p(50)": 0.004458,
        "p(90)": 0.0056181,
        "p(95)": 0.006514,
        "p(99.99)": 0.3855876730998538,
        "avg": 0.007170673699999982,
        "med": 0.004458,
        "max": 0.592298
      }
    },
    "iteration_duration": {
      "type": "trend",
      "contains": "time",
      "values": {
        "avg": 2.169233879300001,
        "max": 26.787647,
        "p(50)": 2.0675345,
        "p(99)": 7.041827930000068,
        "p(99.99)": 11.639286987489285,
        "count": 10000,
        "min": 1.011397,
        "med": 2.0675345,
        "p(90)": 2.4952622,
        "p(95)": 2.758158999999999
      }
    },
    "vus_max": {
      "contains": "default",
      "values": {
        "value": 1,
        "min": 1,
        "max": 1
      },
      "type": "gauge"
    },
    "http_req_duration{expected_response:true}": {
      "type": "trend",
      "contains": "time",
      "values": {
        "p(99.99)": 11.203940303689128,
        "count": 10000,
        "p(90)": 2.2752486999999997,
        "p(95)": 2.524927549999998,
        "med": 1.8743055,
        "max": 26.57544,
        "p(50)": 1.8743055,
        "p(99)": 6.643178310000079,
        "avg": 1.9732505524000055,
        "min": 0.927417
      }
    },
    "http_req_failed": {
      "contains": "default",
      "values": {
        "rate": 0,
        "passes": 0,
        "fails": 10000
      },
      "type": "rate"
    },
    "checks": {
      "type": "rate",
      "contains": "default",
      "values": {
        "rate": 1,
        "passes": 10000,
        "fails": 0
      }
    },
    "vus": {
      "contains": "default",
      "values": {
        "value": 1,
        "min": 1,
        "max": 1
      },
      "type": "gauge"
    },
    "http_req_connecting": {
      "type": "trend",
      "contains": "time",
      "values": {
        "count": 10000,
        "med": 0,
        "p(50)": 0,
        "p(95)": 0,
        "p(99.99)": 0.2850581762999846,
        "p(99)": 0.0012165500000265548,
        "avg": 0.0016025084,
        "min": 0,
        "max": 0.306819,
        "p(90)": 0
      }
    },
    "iterations": {
      "type": "counter",
      "contains": "default",
      "values": {
        "count": 10000,
        "rate": 457.5863543977143
      }
    },
    "data_sent": {
      "type": "counter",
      "contains": "data",
      "values": {
        "rate": 184407.30082227886,
        "count": 4030000
      }
    },
    "http_req_tls_handshaking": {
      "values": {
        "max": 0,
        "p(50)": 0,
        "p(99)": 0,
        "avg": 0,
        "min": 0,
        "med": 0,
        "count": 10000,
        "p(90)": 0,
        "p(95)": 0,
        "p(99.99)": 0
      },
      "type": "trend",
      "contains": "time"
    },
    "http_req_waiting": {
      "type": "trend",
      "contains": "time",
      "values": {
        "med": 1.772831,
        "max": 26.433321,
        "p(50)": 1.772831,
        "p(99)": 6.515662070000079,
        "count": 10000,
        "avg": 1.8704936745999938,
        "min": 0.891729,
        "p(99.99)": 11.041603325689113,
        "p(90)": 2.1612411,
        "p(95)": 2.3916306
      }
    },
    "http_req_duration": {
      "type": "trend",
      "contains": "time",
      "values": {
        "min": 0.927417,
        "max": 26.57544,
        "p(90)": 2.2752486999999997,
        "p(95)": 2.524927549999998,
        "p(99)": 6.643178310000079,
        "p(99.99)": 11.203940303689128,
        "count": 10000,
        "avg": 1.9732505524000055,
        "med": 1.8743055,
        "p(50)": 1.8743055
      }
    }
  }
}