{
  "metrics": {
    "http_req_duration{expected_response:true}": {
      "values": {
        "avg": 2.0432436033999983,
        "med": 1.929831,
        "p(90)": 2.3242226,
        "p(95)": 2.5552583999999983,
        "p(99.99)": 10.819445604770207,
        "min": 1.032658,
        "max": 52.941281,
        "p(50)": 1.929831,
        "p(99)": 6.433833870000004,
        "count": 10000
      },
      "type": "trend",
      "contains": "time"
    },
    "http_req_tls_handshaking": {
      "type": "trend",
      "contains": "time",
      "values": {
        "count": 10000,
        "avg": 0,
        "med": 0,
        "p(90)": 0,
        "p(99.99)": 0,
        "p(99)": 0,
        "min": 0,
        "max": 0,
        "p(50)": 0,
        "p(95)": 0
      }
    },
    "http_req_waiting": {
      "type": "trend",
      "contains": "time",
      "values": {
        "avg": 1.91094001520001,
        "min": 0.966347,
        "p(90)": 2.1733996,
        "p(95)": 2.382618699999999,
        "count": 10000,
        "med": 1.802116,
        "max": 52.663262,
        "p(50)": 1.802116,
        "p(99)": 6.261606040000007,
        "p(99.99)": 10.651959550370286
      }
    },
    "http_req_sending": {
      "type": "trend",
      "contains": "time",
      "values": {
        "med": 0.019049,
        "max": 0.43051,
        "p(95)": 0.029785499999999993,
        "p(99)": 0.062119060000000004,
        "p(99.99)": 0.30642940929991225,
        "avg": 0.02041040580000005,
        "min": 0.006964,
        "p(50)": 0.019049,
        "p(90)": 0.0234063,
        "count": 10000
      }
    },
    "data_received": {
      "type": "counter",
      "contains": "data",
      "values": {
        "count": 214117100,
        "rate": 9011248.590151925
      }
    },
    "http_req_receiving": {
      "type": "trend",
      "contains": "time",
      "values": {
        "p(95)": 0.1850091999999999,
        "p(99.99)": 1.9239308900999301,
        "count": 10000,
        "max": 2.022822,
        "p(50)": 0.1012415,
        "p(90)": 0.15235300000000002,
        "p(99)": 0.29874426,
        "avg": 0.11189318240000068,
        "min": 0.039412,
        "med": 0.1012415
      }
    },
    "vus": {
      "type": "gauge",
      "contains": "default",
      "values": {
        "value": 1,
        "min": 1,
        "max": 1
      }
    },
    "iteration_duration": {
      "contains": "time",
      "values": {
        "max": 53.808248,
        "p(50)": 2.2399145,
        "p(90)": 2.6847599000000004,
        "p(99.99)": 11.537631484370102,
        "avg": 2.3584673104000076,
        "min": 1.216003,
        "p(99)": 6.88833833000002,
        "count": 10000,
        "med": 2.2399145,
        "p(95)": 2.9468012
      },
      "type": "trend"
    },
    "iterations": {
      "type": "counter",
      "contains": "default",
      "values": {
        "count": 10000,
        "rate": 420.85609183722016
      }
    },
    "http_req_duration": {
      "type": "trend",
      "contains": "time",
      "values": {
        "avg": 2.0432436033999983,
        "p(95)": 2.5552583999999983,
        "count": 10000,
        "min": 1.032658,
        "med": 1.929831,
        "max": 52.941281,
        "p(50)": 1.929831,
        "p(90)": 2.3242226,
        "p(99)": 6.433833870000004,
        "p(99.99)": 10.819445604770207
      }
    },
    "http_req_connecting": {
      "type": "trend",
      "contains": "time",
      "values": {
        "min": 0,
        "p(90)": 0,
        "p(95)": 0,
        "p(99.99)": 0.28012941829999705,
        "count": 10000,
        "avg": 0.0016451938999999995,
        "med": 0,
        "max": 0.284312,
        "p(50)": 0,
        "p(99)": 0.0012070500000263475
      }
    },
    "data_sent": {
      "contains": "data",
      "values": {
        "count": 3970000,
        "rate": 167079.86845937642
      },
      "type": "counter"
    },
    "response_size": {
      "type": "trend",
      "contains": "default",
      "values": {
        "p(99)": 21351,
        "p(99.99)": 21351,
        "p(50)": 21351,
        "min": 21299,
        "med": 21351,
        "max": 21351,
        "p(90)": 21351,
        "p(95)": 21351,
        "count": 10000,
        "avg": 21350.48
      }
    },
    "vus_max": {
      "type": "gauge",
      "contains": "default",
      "values": {
        "value": 1,
        "min": 1,
        "max": 1
      }
    },
    "response_time": {
      "type": "trend",
      "contains": "default",
      "values": {
        "min": 1.032658,
        "med": 1.929831,
        "p(95)": 2.5552583999999983,
        "p(99.99)": 10.819445604770207,
        "p(99)": 6.433833870000004,
        "count": 10000,
        "avg": 2.0432436033999983,
        "max": 52.941281,
        "p(50)": 1.929831,
        "p(90)": 2.3242226
      }
    },
    "http_req_blocked": {
      "type": "trend",
      "contains": "time",
      "values": {
        "max": 0.47943,
        "p(95)": 0.00739905,
        "avg": 0.00772850090000002,
        "min": 0.001872,
        "med": 0.00488,
        "p(99.99)": 0.3710968343999234,
        "count": 10000,
        "p(50)": 0.00488,
        "p(90)": 0.0063931000000000005,
        "p(99)": 0.1807954500000008
      }
    },
    "http_reqs": {
      "type": "counter",
      "contains": "default",
      "values": {
        "rate": 420.85609183722016,
        "count": 10000
      }
    },
    "reponse_size_body": {
      "type": "trend",
      "contains": "default",
      "values": {
        "med": 20847,
        "max": 20847,
        "p(50)": 20847,
        "p(99.99)": 20847,
        "count": 10000,
        "avg": 20847,
        "min": 20847,
        "p(90)": 20847,
        "p(95)": 20847,
        "p(99)": 20847
      }
    },
    "checks": {
      "values": {
        "rate": 1,
        "passes": 10000,
        "fails": 0
      },
      "type": "rate",
      "contains": "default"
    },
    "http_req_failed": {
      "type": "rate",
      "contains": "default",
      "values": {
        "rate": 0,
        "passes": 0,
        "fails": 10000
      }
    }
  },
  "root_group": {
    "groups": [],
    "checks": [
        {
          "fails": 0,
          "name": "is status 200",
          "path": "::is status 200",
          "id": "548d37ca5f33793206f7832e7cea54fb",
          "passes": 10000
        }
      ],
    "name": "",
    "path": "",
    "id": "d41d8cd98f00b204e9800998ecf8427e"
  },
  "options": {
    "summaryTrendStats": [
      "avg",
      "min",
      "med",
      "max",
      "p(50)",
      "p(90)",
      "p(95)",
      "p(99)",
      "p(99.99)",
      "count"
    ],
    "summaryTimeUnit": "ms",
    "noColor": false
  },
  "state": {
    "testRunDurationMs": 23761.091247,
    "isStdOutTTY": false,
    "isStdErrTTY": false
  }
}