{
  "root_group": {
    "name": "",
    "path": "",
    "id": "d41d8cd98f00b204e9800998ecf8427e",
    "groups": [],
    "checks": [
        {
          "passes": 10000,
          "fails": 0,
          "name": "is status 200",
          "path": "::is status 200",
          "id": "548d37ca5f33793206f7832e7cea54fb"
        }
      ]
  },
  "options": {
    "summaryTrendStats": [
      "avg",
      "min",
      "med",
      "max",
      "p(50)",
      "p(90)",
      "p(95)",
      "p(99)",
      "p(99.99)",
      "count"
    ],
    "summaryTimeUnit": "ms",
    "noColor": false
  },
  "state": {
    "isStdOutTTY": false,
    "isStdErrTTY": false,
    "testRunDurationMs": 23578.218051
  },
  "metrics": {
    "response_time": {
      "contains": "default",
      "values": {
        "p(95)": 2.55009885,
        "p(99.99)": 10.75458780409957,
        "min": 1.105051,
        "med": 1.917973,
        "max": 11.362568,
        "p(50)": 1.917973,
        "p(90)": 2.3066616000000004,
        "p(99)": 6.968605540000038,
        "count": 10000,
        "avg": 2.026640632000004
      },
      "type": "trend"
    },
    "http_req_blocked": {
      "type": "trend",
      "contains": "time",
      "values": {
        "max": 0.394932,
        "p(50)": 0.004718,
        "p(90)": 0.0062672000000000005,
        "p(95)": 0.007195399999999994,
        "avg": 0.007573806199999987,
        "min": 0.00176,
        "med": 0.004718,
        "p(99)": 0.18982805000000155,
        "p(99.99)": 0.3766378295999871,
        "count": 10000
      }
    },
    "data_sent": {
      "type": "counter",
      "contains": "data",
      "values": {
        "count": 3970000,
        "rate": 168375.743722992
      }
    },
    "http_req_receiving": {
      "type": "trend",
      "contains": "time",
      "values": {
        "min": 0.039001,
        "med": 0.10071150000000001,
        "max": 1.806887,
        "p(50)": 0.10071150000000001,
        "p(99.99)": 1.7831933695999833,
        "avg": 0.1118511959999996,
        "p(90)": 0.1518024,
        "p(95)": 0.18326094999999992,
        "p(99)": 0.3153112300000001,
        "count": 10000
      }
    },
    "http_req_connecting": {
      "type": "trend",
      "contains": "time",
      "values": {
        "med": 0,
        "max": 0.318081,
        "p(90)": 0,
        "avg": 0.0016685533000000007,
        "min": 0,
        "p(50)": 0,
        "p(95)": 0,
        "p(99)": 0.0012139900000264988,
        "p(99.99)": 0.2861901893999775,
        "count": 10000
      }
    },
    "http_req_tls_handshaking": {
      "type": "trend",
      "contains": "time",
      "values": {
        "max": 0,
        "p(90)": 0,
        "p(95)": 0,
        "p(99)": 0,
        "p(99.99)": 0,
        "count": 10000,
        "avg": 0,
        "min": 0,
        "med": 0,
        "p(50)": 0
      }
    },
    "reponse_size_body": {
      "contains": "default",
      "values": {
        "p(90)": 20849,
        "p(99.99)": 20849,
        "p(95)": 20849,
        "p(99)": 20849,
        "count": 10000,
        "avg": 20849,
        "min": 20849,
        "med": 20849,
        "max": 20849,
        "p(50)": 20849
      },
      "type": "trend"
    },
    "http_req_duration{expected_response:true}": {
      "values": {
        "avg": 2.026640632000004,
        "min": 1.105051,
        "med": 1.917973,
        "max": 11.362568,
        "p(90)": 2.3066616000000004,
        "p(95)": 2.55009885,
        "p(50)": 1.917973,
        "p(99)": 6.968605540000038,
        "p(99.99)": 10.75458780409957,
        "count": 10000
      },
      "type": "trend",
      "contains": "time"
    },
    "data_received": {
      "type": "counter",
      "contains": "data",
      "values": {
        "count": 214137100,
        "rate": 9081988.279895393
      }
    },
    "http_reqs": {
      "values": {
        "count": 10000,
        "rate": 424.12026126698237
      },
      "type": "counter",
      "contains": "default"
    },
    "http_req_waiting": {
      "type": "trend",
      "contains": "time",
      "values": {
        "med": 1.7887425000000001,
        "p(90)": 2.150731,
        "p(95)": 2.3667006,
        "p(99)": 6.632519870000075,
        "p(99.99)": 10.430876381999488,
        "count": 10000,
        "avg": 1.8945029468999937,
        "max": 11.154624,
        "p(50)": 1.7887425000000001,
        "min": 1.022282
      }
    },
    "http_req_failed": {
      "type": "rate",
      "contains": "default",
      "values": {
        "rate": 0,
        "passes": 0,
        "fails": 10000
      }
    },
    "iteration_duration": {
      "values": {
        "avg": 2.340352753299995,
        "min": 1.290988,
        "med": 2.2284845,
        "p(90)": 2.6517938,
        "p(95)": 2.92304825,
        "count": 10000,
        "max": 11.998149,
        "p(50)": 2.2284845,
        "p(99)": 7.611203710000007,
        "p(99.99)": 11.764589358299835
      },
      "type": "trend",
      "contains": "time"
    },
    "response_size": {
      "contains": "default",
      "values": {
        "med": 21353,
        "max": 21353,
        "p(50)": 21353,
        "p(95)": 21353,
        "p(99)": 21353,
        "avg": 21352.48,
        "min": 21301,
        "p(90)": 21353,
        "p(99.99)": 21353,
        "count": 10000
      },
      "type": "trend"
    },
    "checks": {
      "type": "rate",
      "contains": "default",
      "values": {
        "fails": 0,
        "rate": 1,
        "passes": 10000
      }
    },
    "iterations": {
      "contains": "default",
      "values": {
        "count": 10000,
        "rate": 424.12026126698237
      },
      "type": "counter"
    },
    "vus": {
      "type": "gauge",
      "contains": "default",
      "values": {
        "max": 1,
        "value": 1,
        "min": 1
      }
    },
    "http_req_duration": {
      "type": "trend",
      "contains": "time",
      "values": {
        "p(99)": 6.968605540000038,
        "p(99.99)": 10.75458780409957,
        "avg": 2.026640632000004,
        "min": 1.105051,
        "med": 1.917973,
        "p(50)": 1.917973,
        "p(90)": 2.3066616000000004,
        "max": 11.362568,
        "p(95)": 2.55009885,
        "count": 10000
      }
    },
    "vus_max": {
      "values": {
        "value": 1,
        "min": 1,
        "max": 1
      },
      "type": "gauge",
      "contains": "default"
    },
    "http_req_sending": {
      "type": "trend",
      "contains": "time",
      "values": {
        "avg": 0.020286489100000023,
        "max": 0.511114,
        "p(99.99)": 0.3096011532998575,
        "count": 10000,
        "min": 0.00698,
        "med": 0.0189895,
        "p(50)": 0.0189895,
        "p(90)": 0.0233434,
        "p(95)": 0.029541349999999997,
        "p(99)": 0.05959222
      }
    }
  }
}