{
  "root_group": {
    "checks": [
      {
        "passes": 10000,
        "fails": 0,
        "name": "status is 200",
        "path": "::status is 200",
        "id": "6210a8cd14cd70477eba5c5e4cb3fb5f"
      }
    ],
    "name": "",
    "path": "",
    "id": "d41d8cd98f00b204e9800998ecf8427e",
    "groups": []
  },
  "options": {
    "noColor": false,
    "summaryTrendStats": [
      "avg",
      "min",
      "med",
      "max",
      "p(50)",
      "p(90)",
      "p(95)",
      "p(99)",
      "p(99.99)",
      "count"
    ],
    "summaryTimeUnit": "ms"
  },
  "state": {
    "isStdOutTTY": false,
    "isStdErrTTY": false,
    "testRunDurationMs": 197501.756047
  },
  "metrics": {
    "http_req_failed": {
      "values": {
        "rate": 0,
        "passes": 0,
        "fails": 10000
      },
      "type": "rate",
      "contains": "default"
    },
    "http_reqs": {
      "type": "counter",
      "contains": "default",
      "values": {
        "count": 10000,
        "rate": 50.6324612000932
      }
    },
    "http_req_sending": {
      "contains": "time",
      "values": {
        "p(99)": 0.05063267000000002,
        "p(99.99)": 0.2954091650998574,
        "max": 0.49704,
        "p(90)": 0.0266015,
        "med": 0.0200985,
        "p(50)": 0.0200985,
        "p(95)": 0.030037049999999968,
        "count": 10000,
        "avg": 0.021763777400000028,
        "min": 0.009656
      },
      "type": "trend"
    },
    "http_req_duration": {
      "values": {
        "min": 13.441364,
        "max": 191.265889,
        "p(95)": 27.31315015,
        "p(99)": 30.163243220000012,
        "count": 10000,
        "avg": 19.25382576499992,
        "p(50)": 16.9901465,
        "p(90)": 26.162999400000004,
        "p(99.99)": 105.59033241243941,
        "med": 16.9901465
      },
      "type": "trend",
      "contains": "time"
    },
    "http_req_tls_handshaking": {
      "type": "trend",
      "contains": "time",
      "values": {
        "p(95)": 0,
        "p(99)": 0,
        "p(99.99)": 0,
        "count": 10000,
        "avg": 0,
        "min": 0,
        "med": 0,
        "p(90)": 0,
        "max": 0,
        "p(50)": 0
      }
    },
    "http_req_connecting": {
      "type": "trend",
      "contains": "time",
      "values": {
        "p(50)": 0,
        "p(90)": 0,
        "p(95)": 0,
        "count": 10000,
        "min": 0,
        "med": 0,
        "p(99)": 0,
        "p(99.99)": 0.000024969999823406397,
        "avg": 0.00002497,
        "max": 0.2497
      }
    },
    "http_req_receiving": {
      "type": "trend",
      "contains": "time",
      "values": {
        "med": 0.079445,
        "max": 15.000636,
        "p(90)": 0.11186140000000003,
        "p(95)": 0.2401504,
        "p(99.99)": 13.836957379499177,
        "avg": 0.12088548019999971,
        "min": 0.043688,
        "p(50)": 0.079445,
        "p(99)": 0.45922402,
        "count": 10000
      }
    },
    "iteration_duration": {
      "type": "trend",
      "contains": "time",
      "values": {
        "min": 13.93434,
        "med": 17.4777165,
        "max": 191.76986,
        "p(50)": 17.4777165,
        "count": 10000,
        "avg": 19.731638273000023,
        "p(90)": 26.6452245,
        "p(95)": 27.786074799999998,
        "p(99)": 30.701255080000013,
        "p(99.99)": 106.86947288773996
      }
    },
    "vus": {
      "values": {
        "value": 1,
        "min": 1,
        "max": 1
      },
      "type": "gauge",
      "contains": "default"
    },
    "reponse_size": {
      "type": "trend",
      "contains": "default",
      "values": {
        "avg": 97.808,
        "min": 97,
        "p(50)": 98,
        "p(90)": 98,
        "p(95)": 98,
        "med": 98,
        "max": 98,
        "p(99)": 98,
        "p(99.99)": 98,
        "count": 10000
      }
    },
    "response_time": {
      "type": "trend",
      "contains": "default",
      "values": {
        "min": 13.441364,
        "med": 16.9901465,
        "p(95)": 27.31315015,
        "count": 10000,
        "avg": 19.25382576499992,
        "max": 191.265889,
        "p(50)": 16.9901465,
        "p(90)": 26.162999400000004,
        "p(99)": 30.163243220000012,
        "p(99.99)": 105.59033241243941
      }
    },
    "http_req_duration{expected_response:true}": {
      "type": "trend",
      "contains": "time",
      "values": {
        "max": 191.265889,
        "p(90)": 26.162999400000004,
        "p(95)": 27.31315015,
        "p(99.99)": 105.59033241243941,
        "min": 13.441364,
        "med": 16.9901465,
        "p(50)": 16.9901465,
        "p(99)": 30.163243220000012,
        "count": 10000,
        "avg": 19.25382576499992
      }
    },
    "checks": {
      "type": "rate",
      "contains": "default",
      "values": {
        "rate": 1,
        "passes": 10000,
        "fails": 0
      }
    },
    "data_sent": {
      "type": "counter",
      "contains": "data",
      "values": {
        "count": 4760000,
        "rate": 24101.051531244364
      }
    },
    "http_req_blocked": {
      "values": {
        "p(50)": 0.004178,
        "p(90)": 0.0053,
        "p(95)": 0.006517199999999997,
        "p(99.99)": 0.2632435508999395,
        "count": 10000,
        "avg": 0.004760914100000023,
        "min": 0.002143,
        "med": 0.004178,
        "max": 0.348744,
        "p(99)": 0.012847550000000013
      },
      "type": "trend",
      "contains": "time"
    },
    "iterations": {
      "contains": "default",
      "values": {
        "count": 10000,
        "rate": 50.6324612000932
      },
      "type": "counter"
    },
    "http_req_waiting": {
      "type": "trend",
      "contains": "time",
      "values": {
        "p(99)": 29.997217700000007,
        "p(99.99)": 105.50381755003941,
        "count": 10000,
        "min": 13.310254,
        "med": 16.863259999999997,
        "max": 191.160752,
        "p(95)": 27.1536218,
        "avg": 19.11117650739997,
        "p(50)": 16.863259999999997,
        "p(90)": 26.0358542
      }
    },
    "data_received": {
      "type": "counter",
      "contains": "data",
      "values": {
        "count": 6843716,
        "rate": 34651.418483445705
      }
    },
    "vus_max": {
      "values": {
        "value": 1,
        "min": 1,
        "max": 1
      },
      "type": "gauge",
      "contains": "default"
    }
  }
}