{
  "root_group": {
    "name": "",
    "path": "",
    "id": "d41d8cd98f00b204e9800998ecf8427e",
    "groups": [],
    "checks": [
        {
          "path": "::status is 200",
          "id": "6210a8cd14cd70477eba5c5e4cb3fb5f",
          "passes": 10000,
          "fails": 0,
          "name": "status is 200"
        }
      ]
  },
  "options": {
    "summaryTrendStats": [
      "avg",
      "min",
      "med",
      "max",
      "p(50)",
      "p(90)",
      "p(95)",
      "p(99)",
      "p(99.99)",
      "count"
    ],
    "summaryTimeUnit": "ms",
    "noColor": false
  },
  "state": {
    "isStdOutTTY": false,
    "isStdErrTTY": false,
    "testRunDurationMs": 199320.610674
  },
  "metrics": {
    "iterations": {
      "type": "counter",
      "contains": "default",
      "values": {
        "count": 10000,
        "rate": 50.17042626041097
      }
    },
    "checks": {
      "type": "rate",
      "contains": "default",
      "values": {
        "rate": 1,
        "passes": 10000,
        "fails": 0
      }
    },
    "vus_max": {
      "type": "gauge",
      "contains": "default",
      "values": {
        "value": 1,
        "min": 1,
        "max": 1
      }
    },
    "reponse_size": {
      "type": "trend",
      "contains": "default",
      "values": {
        "min": 97,
        "med": 98,
        "max": 98,
        "p(95)": 98,
        "count": 10000,
        "avg": 97.808,
        "p(50)": 98,
        "p(90)": 98,
        "p(99)": 98,
        "p(99.99)": 98
      }
    },
    "http_req_sending": {
      "contains": "time",
      "values": {
        "avg": 0.022251369000000045,
        "max": 0.420652,
        "p(99)": 0.05074277000000002,
        "p(99.99)": 0.3459894669999472,
        "count": 10000,
        "min": 0.012244,
        "med": 0.020544,
        "p(50)": 0.020544,
        "p(90)": 0.027081700000000004,
        "p(95)": 0.0306481
      },
      "type": "trend"
    },
    "http_req_waiting": {
      "type": "trend",
      "contains": "time",
      "values": {
        "min": 13.626212,
        "p(90)": 26.0772659,
        "p(95)": 27.457076349999998,
        "p(99.99)": 94.70018245050865,
        "avg": 19.28662052670005,
        "med": 16.981538999999998,
        "max": 223.851772,
        "p(50)": 16.981538999999998,
        "p(99)": 30.60405567,
        "count": 10000
      }
    },
    "data_sent": {
      "type": "counter",
      "contains": "data",
      "values": {
        "count": 4760000,
        "rate": 23881.122899955622
      }
    },
    "http_req_duration{expected_response:true}": {
      "values": {
        "p(50)": 17.113068499999997,
        "p(90)": 26.215303700000003,
        "p(95)": 27.589472899999997,
        "p(99)": 30.76335646,
        "p(99.99)": 94.78293658280862,
        "med": 17.113068499999997,
        "min": 13.720879,
        "max": 223.985844,
        "count": 10000,
        "avg": 19.436857860499977
      },
      "type": "trend",
      "contains": "time"
    },
    "http_reqs": {
      "type": "counter",
      "contains": "default",
      "values": {
        "count": 10000,
        "rate": 50.17042626041097
      }
    },
    "http_req_receiving": {
      "type": "trend",
      "contains": "time",
      "values": {
        "p(90)": 0.11160060000000002,
        "p(99.99)": 15.330486848789407,
        "count": 10000,
        "p(50)": 0.0793825,
        "min": 0.044281,
        "med": 0.0793825,
        "max": 30.307477,
        "p(95)": 0.23617424999999992,
        "p(99)": 0.47908582000000016,
        "avg": 0.12798596479999946
      }
    },
    "http_req_duration": {
      "type": "trend",
      "contains": "time",
      "values": {
        "p(99.99)": 94.78293658280862,
        "count": 10000,
        "med": 17.113068499999997,
        "p(50)": 17.113068499999997,
        "p(95)": 27.589472899999997,
        "p(99)": 30.76335646,
        "avg": 19.436857860499977,
        "min": 13.720879,
        "max": 223.985844,
        "p(90)": 26.215303700000003
      }
    },
    "http_req_failed": {
      "type": "rate",
      "contains": "default",
      "values": {
        "rate": 0,
        "passes": 0,
        "fails": 10000
      }
    },
    "http_req_blocked": {
      "type": "trend",
      "contains": "time",
      "values": {
        "p(99.99)": 0.1866702408999205,
        "avg": 0.00462457170000001,
        "min": 0.002268,
        "max": 0.299068,
        "p(50)": 0.004192,
        "p(95)": 0.0062741499999999974,
        "med": 0.004192,
        "p(90)": 0.005276100000000001,
        "p(99)": 0.012270030000000043,
        "count": 10000
      }
    },
    "http_req_connecting": {
      "type": "trend",
      "contains": "time",
      "values": {
        "p(95)": 0,
        "p(99.99)": 0.00002082019985275474,
        "count": 10000,
        "avg": 0.0000208202,
        "med": 0,
        "p(50)": 0,
        "p(90)": 0,
        "p(99)": 0,
        "min": 0,
        "max": 0.208202
      }
    },
    "http_req_tls_handshaking": {
      "type": "trend",
      "contains": "time",
      "values": {
        "p(95)": 0,
        "p(99)": 0,
        "p(99.99)": 0,
        "avg": 0,
        "min": 0,
        "p(50)": 0,
        "count": 10000,
        "med": 0,
        "max": 0,
        "p(90)": 0
      }
    },
    "vus": {
      "values": {
        "value": 1,
        "min": 1,
        "max": 1
      },
      "type": "gauge",
      "contains": "default"
    },
    "response_time": {
      "contains": "default",
      "values": {
        "p(95)": 27.589472899999997,
        "p(99.99)": 94.78293658280862,
        "avg": 19.436857860499977,
        "min": 13.720879,
        "med": 17.113068499999997,
        "max": 223.985844,
        "p(50)": 17.113068499999997,
        "p(90)": 26.215303700000003,
        "p(99)": 30.76335646,
        "count": 10000
      },
      "type": "trend"
    },
    "data_received": {
      "contains": "data",
      "values": {
        "count": 6843789,
        "rate": 34335.581136631175
      },
      "type": "counter"
    },
    "iteration_duration": {
      "type": "trend",
      "contains": "time",
      "values": {
        "med": 17.5942235,
        "max": 224.504886,
        "p(95)": 28.06370535,
        "avg": 19.91357313199999,
        "min": 14.090854,
        "p(50)": 17.5942235,
        "p(90)": 26.7174391,
        "p(99)": 31.25389799,
        "p(99.99)": 95.18166261560853,
        "count": 10000
      }
    }
  }
}