{
  "root_group": {
    "id": "d41d8cd98f00b204e9800998ecf8427e",
    "groups": [],
    "checks": [
        {
          "name": "is status 200",
          "path": "::is status 200",
          "id": "548d37ca5f33793206f7832e7cea54fb",
          "passes": 1000,
          "fails": 0
        }
      ],
    "name": "",
    "path": ""
  },
  "options": {
    "noColor": false,
    "summaryTrendStats": [
      "avg",
      "min",
      "med",
      "max",
      "p(50)",
      "p(90)",
      "p(95)",
      "p(99)",
      "p(99.99)",
      "count"
    ],
    "summaryTimeUnit": "ms"
  },
  "state": {
    "isStdOutTTY": false,
    "isStdErrTTY": false,
    "testRunDurationMs": 3039.440401
  },
  "metrics": {
    "response_size": {
      "contains": "default",
      "values": {
        "avg": 531,
        "med": 531,
        "max": 531,
        "p(90)": 531,
        "p(95)": 531,
        "count": 1000,
        "min": 531,
        "p(50)": 531,
        "p(99)": 531,
        "p(99.99)": 531
      },
      "type": "trend"
    },
    "http_req_waiting": {
      "type": "trend",
      "contains": "time",
      "values": {
        "min": 1.617198,
        "med": 2.5938309999999998,
        "p(50)": 2.5938309999999998,
        "p(95)": 3.274357899999999,
        "p(99.99)": 10.645306123499765,
        "avg": 2.6453135420000056,
        "max": 11.140434,
        "p(90)": 3.0896164,
        "p(99)": 4.197875949999998,
        "count": 1000
      }
    },
    "http_req_tls_handshaking": {
      "values": {
        "min": 0,
        "max": 0,
        "p(90)": 0,
        "p(99)": 0,
        "p(99.99)": 0,
        "avg": 0,
        "med": 0,
        "p(50)": 0,
        "p(95)": 0,
        "count": 1000
      },
      "type": "trend",
      "contains": "time"
    },
    "data_sent": {
      "type": "counter",
      "contains": "data",
      "values": {
        "count": 372000,
        "rate": 122390.95060972706
      }
    },
    "http_req_duration": {
      "type": "trend",
      "contains": "time",
      "values": {
        "avg": 2.7858897800000015,
        "med": 2.722749,
        "p(50)": 2.722749,
        "p(99)": 4.6550474899999985,
        "min": 1.700223,
        "max": 11.365815,
        "p(90)": 3.2400707,
        "p(95)": 3.4451438999999997,
        "p(99.99)": 10.859404617299756,
        "count": 1000
      }
    },
    "reponse_size_body": {
      "type": "trend",
      "contains": "default",
      "values": {
        "max": 150,
        "p(99)": 150,
        "p(90)": 150,
        "p(95)": 150,
        "p(99.99)": 150,
        "count": 1000,
        "avg": 150,
        "min": 150,
        "med": 150,
        "p(50)": 150
      }
    },
    "data_received": {
      "type": "counter",
      "contains": "data",
      "values": {
        "count": 602926,
        "rate": 198367.43625623736
      }
    },
    "http_req_connecting": {
      "type": "trend",
      "contains": "time",
      "values": {
        "p(99.99)": 0.1673942972999911,
        "med": 0,
        "min": 0,
        "max": 0.185973,
        "p(50)": 0,
        "p(90)": 0,
        "p(95)": 0,
        "p(99)": 0,
        "count": 1000,
        "avg": 0.000185973
      }
    },
    "http_req_receiving": {
      "contains": "time",
      "values": {
        "avg": 0.11779045599999997,
        "max": 2.192309,
        "p(50)": 0.0903645,
        "p(90)": 0.2022687,
        "p(99.99)": 2.0893938181999507,
        "min": 0.035583,
        "med": 0.0903645,
        "p(95)": 0.23977225,
        "p(99)": 0.33693445,
        "count": 1000
      },
      "type": "trend"
    },
    "response_time": {
      "type": "trend",
      "contains": "default",
      "values": {
        "p(99.99)": 10.859404617299756,
        "count": 1000,
        "avg": 2.7858897800000015,
        "min": 1.700223,
        "max": 11.365815,
        "p(90)": 3.2400707,
        "p(95)": 3.4451438999999997,
        "p(99)": 4.6550474899999985,
        "med": 2.722749,
        "p(50)": 2.722749
      }
    },
    "iterations": {
      "type": "counter",
      "contains": "default",
      "values": {
        "count": 1000,
        "rate": 329.00793174657815
      }
    },
    "http_req_failed": {
      "type": "rate",
      "contains": "default",
      "values": {
        "rate": 0,
        "passes": 0,
        "fails": 1000
      }
    },
    "iteration_duration": {
      "values": {
        "p(99)": 4.907269859999999,
        "avg": 3.0194581389999997,
        "p(50)": 2.9638359999999997,
        "max": 12.105208,
        "p(90)": 3.5054139,
        "p(95)": 3.7350973,
        "p(99.99)": 11.547594771399734,
        "count": 1000,
        "min": 1.90338,
        "med": 2.9638359999999997
      },
      "type": "trend",
      "contains": "time"
    },
    "http_req_sending": {
      "type": "trend",
      "contains": "time",
      "values": {
        "max": 0.192395,
        "p(50)": 0.022269499999999998,
        "p(95)": 0.028844150000000002,
        "p(99)": 0.05576145999999999,
        "p(99.99)": 0.1886300686999982,
        "count": 1000,
        "avg": 0.022785782,
        "min": 0.010116,
        "med": 0.022269499999999998,
        "p(90)": 0.0266601
      }
    },
    "vus_max": {
      "type": "gauge",
      "contains": "default",
      "values": {
        "min": 1,
        "max": 1,
        "value": 1
      }
    },
    "checks": {
      "values": {
        "rate": 1,
        "passes": 1000,
        "fails": 0
      },
      "type": "rate",
      "contains": "default"
    },
    "http_req_blocked": {
      "type": "trend",
      "contains": "time",
      "values": {
        "med": 0.0054765000000000005,
        "p(90)": 0.0068523,
        "p(95)": 0.008353399999999999,
        "p(99)": 0.01656654,
        "p(99.99)": 0.24662502199998895,
        "count": 1000,
        "avg": 0.005962919999999996,
        "max": 0.269624,
        "p(50)": 0.0054765000000000005,
        "min": 0.002726
      }
    },
    "http_reqs": {
      "type": "counter",
      "contains": "default",
      "values": {
        "rate": 329.00793174657815,
        "count": 1000
      }
    },
    "http_req_duration{expected_response:true}": {
      "type": "trend",
      "contains": "time",
      "values": {
        "max": 11.365815,
        "p(95)": 3.4451438999999997,
        "p(99)": 4.6550474899999985,
        "med": 2.722749,
        "min": 1.700223,
        "p(50)": 2.722749,
        "p(90)": 3.2400707,
        "p(99.99)": 10.859404617299756,
        "count": 1000,
        "avg": 2.7858897800000015
      }
    },
    "vus": {
      "type": "gauge",
      "contains": "default",
      "values": {
        "value": 1,
        "min": 1,
        "max": 1
      }
    }
  }
}