{
  "root_group": {
    "groups": [],
    "checks": [
        {
          "fails": 0,
          "name": "is status 200",
          "path": "::is status 200",
          "id": "548d37ca5f33793206f7832e7cea54fb",
          "passes": 1000
        }
      ],
    "name": "",
    "path": "",
    "id": "d41d8cd98f00b204e9800998ecf8427e"
  },
  "options": {
    "summaryTrendStats": [
      "avg",
      "min",
      "med",
      "max",
      "p(50)",
      "p(90)",
      "p(95)",
      "p(99)",
      "p(99.99)",
      "count"
    ],
    "summaryTimeUnit": "ms",
    "noColor": false
  },
  "state": {
    "isStdOutTTY": false,
    "isStdErrTTY": false,
    "testRunDurationMs": 3476.622846
  },
  "metrics": {
    "vus_max": {
      "type": "gauge",
      "contains": "default",
      "values": {
        "value": 1,
        "min": 1,
        "max": 1
      }
    },
    "http_req_sending": {
      "type": "trend",
      "contains": "time",
      "values": {
        "avg": 0.022611033000000003,
        "med": 0.0215575,
        "p(50)": 0.0215575,
        "p(95)": 0.02982805,
        "count": 1000,
        "min": 0.009997,
        "max": 0.211557,
        "p(90)": 0.0268514,
        "p(99)": 0.054921589999999965,
        "p(99.99)": 0.2099202383999992
      }
    },
    "data_received": {
      "type": "counter",
      "contains": "data",
      "values": {
        "count": 2158955,
        "rate": 620992.0073682907
      }
    },
    "reponse_size_body": {
      "type": "trend",
      "contains": "default",
      "values": {
        "min": 1569,
        "max": 1569,
        "p(99.99)": 1569,
        "count": 1000,
        "avg": 1569,
        "p(50)": 1569,
        "p(90)": 1569,
        "p(95)": 1569,
        "p(99)": 1569,
        "med": 1569
      }
    },
    "http_req_receiving": {
      "contains": "time",
      "values": {
        "count": 1000,
        "avg": 0.1017543060000001,
        "min": 0.04934,
        "med": 0.0901825,
        "p(50)": 0.0901825,
        "p(95)": 0.18244424999999997,
        "p(99.99)": 0.873196472799985,
        "max": 0.904438,
        "p(90)": 0.1349421,
        "p(99)": 0.2815415699999998
      },
      "type": "trend"
    },
    "http_req_failed": {
      "type": "rate",
      "contains": "default",
      "values": {
        "rate": 0,
        "passes": 0,
        "fails": 1000
      }
    },
    "iterations": {
      "values": {
        "count": 1000,
        "rate": 287.6354566761654
      },
      "type": "counter",
      "contains": "default"
    },
    "http_req_connecting": {
      "type": "trend",
      "contains": "time",
      "values": {
        "p(90)": 0,
        "p(50)": 0,
        "min": 0,
        "med": 0,
        "max": 0.292186,
        "p(95)": 0,
        "p(99)": 0,
        "p(99.99)": 0.262996618599986,
        "count": 1000,
        "avg": 0.000292186
      }
    },
    "vus": {
      "type": "gauge",
      "contains": "default",
      "values": {
        "value": 1,
        "min": 1,
        "max": 1
      }
    },
    "http_req_waiting": {
      "type": "trend",
      "contains": "time",
      "values": {
        "p(99.99)": 28.28968716459962,
        "count": 1000,
        "med": 2.9235594999999996,
        "max": 29.083657,
        "p(50)": 2.9235594999999996,
        "p(90)": 3.5684953,
        "p(95)": 3.8843412999999996,
        "avg": 3.0883522340000025,
        "min": 1.719621,
        "p(99)": 5.939697129999999
      }
    },
    "http_req_duration": {
      "type": "trend",
      "contains": "time",
      "values": {
        "avg": 3.212717573000001,
        "min": 1.788906,
        "p(90)": 3.7084626000000003,
        "p(99)": 6.05795968,
        "med": 3.054412,
        "max": 29.200263,
        "p(50)": 3.054412,
        "p(95)": 4.034414849999999,
        "p(99.99)": 28.40368767269962,
        "count": 1000
      }
    },
    "response_size": {
      "type": "trend",
      "contains": "default",
      "values": {
        "p(99)": 2090,
        "p(99.99)": 2090,
        "count": 1000,
        "avg": 2090,
        "min": 2090,
        "p(90)": 2090,
        "p(95)": 2090,
        "med": 2090,
        "max": 2090,
        "p(50)": 2090
      }
    },
    "data_sent": {
      "type": "counter",
      "contains": "data",
      "values": {
        "rate": 117642.90178055166,
        "count": 409000
      }
    },
    "iteration_duration": {
      "type": "trend",
      "contains": "time",
      "values": {
        "p(95)": 4.291149549999999,
        "count": 1000,
        "med": 3.2971425,
        "p(90)": 3.9738497,
        "max": 29.477496,
        "p(50)": 3.2971425,
        "p(99)": 6.320131049999999,
        "p(99.99)": 28.676198999099615,
        "avg": 3.4569391779999994,
        "min": 1.952256
      }
    },
    "http_req_duration{expected_response:true}": {
      "type": "trend",
      "contains": "time",
      "values": {
        "p(99.99)": 28.40368767269962,
        "med": 3.054412,
        "max": 29.200263,
        "p(90)": 3.7084626000000003,
        "p(95)": 4.034414849999999,
        "p(99)": 6.05795968,
        "count": 1000,
        "avg": 3.212717573000001,
        "min": 1.788906,
        "p(50)": 3.054412
      }
    },
    "http_req_tls_handshaking": {
      "type": "trend",
      "contains": "time",
      "values": {
        "med": 0,
        "p(50)": 0,
        "p(90)": 0,
        "p(95)": 0,
        "count": 1000,
        "avg": 0,
        "min": 0,
        "max": 0,
        "p(99)": 0,
        "p(99.99)": 0
      }
    },
    "response_time": {
      "type": "trend",
      "contains": "default",
      "values": {
        "med": 3.054412,
        "p(90)": 3.7084626000000003,
        "p(95)": 4.034414849999999,
        "count": 1000,
        "p(99)": 6.05795968,
        "p(99.99)": 28.40368767269962,
        "avg": 3.212717573000001,
        "min": 1.788906,
        "max": 29.200263,
        "p(50)": 3.054412
      }
    },
    "checks": {
      "type": "rate",
      "contains": "default",
      "values": {
        "rate": 1,
        "passes": 1000,
        "fails": 0
      }
    },
    "http_req_blocked": {
      "values": {
        "min": 0.002659,
        "max": 0.398723,
        "p(50)": 0.005152,
        "p(90)": 0.0067743000000000005,
        "p(99)": 0.016540819999999994,
        "count": 1000,
        "avg": 0.005853426999999997,
        "med": 0.005152,
        "p(95)": 0.008131749999999997,
        "p(99.99)": 0.3617320279999823
      },
      "type": "trend",
      "contains": "time"
    },
    "http_reqs": {
      "contains": "default",
      "values": {
        "count": 1000,
        "rate": 287.6354566761654
      },
      "type": "counter"
    }
  }
}