{
  "root_group": {
    "name": "",
    "path": "",
    "id": "d41d8cd98f00b204e9800998ecf8427e",
    "groups": [],
    "checks": [
        {
          "name": "is status 200",
          "path": "::is status 200",
          "id": "548d37ca5f33793206f7832e7cea54fb",
          "passes": 1000,
          "fails": 0
        }
      ]
  },
  "options": {
    "summaryTrendStats": [
      "avg",
      "min",
      "med",
      "max",
      "p(50)",
      "p(90)",
      "p(95)",
      "p(99)",
      "p(99.99)",
      "count"
    ],
    "summaryTimeUnit": "ms",
    "noColor": false
  },
  "state": {
    "isStdOutTTY": false,
    "isStdErrTTY": false,
    "testRunDurationMs": 17975.705762
  },
  "metrics": {
    "http_req_failed": {
      "type": "rate",
      "contains": "default",
      "values": {
        "rate": 0,
        "passes": 0,
        "fails": 1000
      }
    },
    "http_req_sending": {
      "type": "trend",
      "contains": "time",
      "values": {
        "avg": 0.018230866999999956,
        "min": 0.00971,
        "p(50)": 0.014720500000000001,
        "p(90)": 0.022755400000000005,
        "p(95)": 0.027231349999999994,
        "med": 0.014720500000000001,
        "max": 0.261632,
        "p(99)": 0.08731484999999987,
        "p(99.99)": 0.25914179269999876,
        "count": 1000
      }
    },
    "http_req_tls_handshaking": {
      "type": "trend",
      "contains": "time",
      "values": {
        "max": 0,
        "p(50)": 0,
        "p(99)": 0,
        "p(99.99)": 0,
        "med": 0,
        "min": 0,
        "p(90)": 0,
        "p(95)": 0,
        "count": 1000,
        "avg": 0
      }
    },
    "data_sent": {
      "values": {
        "rate": 21028.381583719427,
        "count": 378000
      },
      "type": "counter",
      "contains": "data"
    },
    "http_req_duration": {
      "type": "trend",
      "contains": "time",
      "values": {
        "avg": 17.755135454999994,
        "min": 11.430293,
        "max": 79.898752,
        "p(95)": 37.0051075,
        "p(99.99)": 77.32599772959877,
        "med": 13.8857685,
        "p(50)": 13.8857685,
        "p(90)": 34.235917900000004,
        "p(99)": 41.75384921,
        "count": 1000
      }
    },
    "response_time": {
      "type": "trend",
      "contains": "default",
      "values": {
        "p(95)": 37.0051075,
        "p(99.99)": 77.32599772959877,
        "count": 1000,
        "min": 11.430293,
        "max": 79.898752,
        "p(50)": 13.8857685,
        "p(90)": 34.235917900000004,
        "p(99)": 41.75384921,
        "avg": 17.755135454999994,
        "med": 13.8857685
      }
    },
    "vus": {
      "type": "gauge",
      "contains": "default",
      "values": {
        "min": 1,
        "max": 1,
        "value": 1
      }
    },
    "iterations": {
      "type": "counter",
      "contains": "default",
      "values": {
        "count": 1000,
        "rate": 55.630639110368854
      }
    },
    "http_req_receiving": {
      "type": "trend",
      "contains": "time",
      "values": {
        "p(50)": 0.0746615,
        "p(95)": 0.11244279999999998,
        "p(99.99)": 18.011620666599136,
        "count": 1000,
        "avg": 0.10178824799999989,
        "max": 19.814083,
        "p(90)": 0.10249820000000001,
        "p(99)": 0.25967445,
        "min": 0.04735,
        "med": 0.0746615
      }
    },
    "reponse_size": {
      "type": "trend",
      "contains": "default",
      "values": {
        "max": 206,
        "p(50)": 206,
        "p(95)": 206,
        "p(99)": 206,
        "p(99.99)": 206,
        "count": 1000,
        "avg": 205.794,
        "min": 202,
        "med": 206,
        "p(90)": 206
      }
    },
    "data_received": {
      "contains": "data",
      "values": {
        "count": 614504,
        "rate": 34185.250255878105
      },
      "type": "counter"
    },
    "http_req_connecting": {
      "type": "trend",
      "contains": "time",
      "values": {
        "avg": 0.002100291,
        "p(99)": 0.0015451599999985945,
        "count": 1000,
        "min": 0,
        "med": 0,
        "max": 0.255836,
        "p(50)": 0,
        "p(90)": 0,
        "p(95)": 0,
        "p(99.99)": 0.25302301579999864
      }
    },
    "http_req_blocked": {
      "type": "trend",
      "contains": "time",
      "values": {
        "avg": 0.008304862000000015,
        "p(50)": 0.004011,
        "p(95)": 0.009545399999999999,
        "p(99)": 0.19668770999999963,
        "min": 0.002233,
        "med": 0.004011,
        "max": 0.464392,
        "p(90)": 0.0066746,
        "p(99.99)": 0.4532454576999947,
        "count": 1000
      }
    },
    "http_reqs": {
      "contains": "default",
      "values": {
        "count": 1000,
        "rate": 55.630639110368854
      },
      "type": "counter"
    },
    "vus_max": {
      "type": "gauge",
      "contains": "default",
      "values": {
        "min": 1,
        "max": 1,
        "value": 1
      }
    },
    "checks": {
      "type": "rate",
      "contains": "default",
      "values": {
        "rate": 1,
        "passes": 1000,
        "fails": 0
      }
    },
    "http_req_waiting": {
      "type": "trend",
      "contains": "time",
      "values": {
        "p(50)": 13.79036,
        "p(90)": 34.1384494,
        "p(99.99)": 77.23119497699876,
        "avg": 17.635116340000014,
        "min": 11.341864,
        "med": 13.79036,
        "count": 1000,
        "max": 79.805595,
        "p(95)": 36.9269872,
        "p(99)": 41.66499845
      }
    },
    "iteration_duration": {
      "type": "trend",
      "contains": "time",
      "values": {
        "max": 80.159538,
        "p(90)": 34.5571479,
        "count": 1000,
        "avg": 17.957543179000005,
        "min": 11.593257,
        "p(95)": 37.157101850000004,
        "p(99)": 41.97824719,
        "p(99.99)": 77.58275126609877,
        "med": 14.0817365,
        "p(50)": 14.0817365
      }
    },
    "http_req_duration{expected_response:true}": {
      "type": "trend",
      "contains": "time",
      "values": {
        "p(95)": 37.0051075,
        "p(99)": 41.75384921,
        "min": 11.430293,
        "p(50)": 13.8857685,
        "p(90)": 34.235917900000004,
        "p(99.99)": 77.32599772959877,
        "count": 1000,
        "avg": 17.755135454999994,
        "med": 13.8857685,
        "max": 79.898752
      }
    }
  }
}