{
  "root_group": {
    "name": "",
    "path": "",
    "id": "d41d8cd98f00b204e9800998ecf8427e",
    "groups": [],
    "checks": [
        {
          "fails": 0,
          "name": "is status 200",
          "path": "::is status 200",
          "id": "548d37ca5f33793206f7832e7cea54fb",
          "passes": 10000
        }
      ]
  },
  "options": {
    "summaryTrendStats": [
      "avg",
      "min",
      "med",
      "max",
      "p(50)",
      "p(90)",
      "p(95)",
      "p(99)",
      "p(99.99)",
      "count"
    ],
    "summaryTimeUnit": "ms",
    "noColor": false
  },
  "state": {
    "testRunDurationMs": 104644.864148,
    "isStdOutTTY": false,
    "isStdErrTTY": false
  },
  "metrics": {
    "http_req_duration": {
      "type": "trend",
      "contains": "time",
      "values": {
        "p(99.99)": 36.39744600288964,
        "min": 7.477878,
        "med": 9.5338515,
        "p(50)": 9.5338515,
        "p(99)": 18.286893780000003,
        "count": 10000,
        "avg": 10.240519446300006,
        "max": 192.431871,
        "p(90)": 12.965658099999999,
        "p(95)": 15.04776485
      }
    },
    "http_req_tls_handshaking": {
      "type": "trend",
      "contains": "time",
      "values": {
        "count": 10000,
        "avg": 0,
        "min": 0,
        "med": 0,
        "p(90)": 0,
        "p(99.99)": 0,
        "max": 0,
        "p(50)": 0,
        "p(95)": 0,
        "p(99)": 0
      }
    },
    "iteration_duration": {
      "type": "trend",
      "contains": "time",
      "values": {
        "p(99.99)": 36.59156390008964,
        "count": 10000,
        "avg": 10.445219331100011,
        "med": 9.744494,
        "p(50)": 9.744494,
        "p(90)": 13.156988,
        "p(95)": 15.235207849999995,
        "p(99)": 18.499785910000007,
        "min": 7.662739,
        "max": 192.624961
      }
    },
    "http_req_connecting": {
      "values": {
        "max": 0.407527,
        "p(50)": 0,
        "p(90)": 0,
        "p(99)": 0,
        "p(99.99)": 0.0000407526997117875,
        "avg": 0.0000407527,
        "min": 0,
        "med": 0,
        "p(95)": 0,
        "count": 10000
      },
      "type": "trend",
      "contains": "time"
    },
    "vus": {
      "type": "gauge",
      "contains": "default",
      "values": {
        "value": 1,
        "min": 1,
        "max": 1
      }
    },
    "data_received": {
      "type": "counter",
      "contains": "data",
      "values": {
        "count": 6593126,
        "rate": 63004.77384800551
      }
    },
    "iterations": {
      "type": "counter",
      "contains": "default",
      "values": {
        "count": 10000,
        "rate": 95.56130710683448
      }
    },
    "http_reqs": {
      "values": {
        "count": 10000,
        "rate": 95.56130710683448
      },
      "type": "counter",
      "contains": "default"
    },
    "http_req_failed": {
      "type": "rate",
      "contains": "default",
      "values": {
        "rate": 0,
        "passes": 0,
        "fails": 10000
      }
    },
    "http_req_duration{expected_response:true}": {
      "type": "trend",
      "contains": "time",
      "values": {
        "max": 192.431871,
        "p(90)": 12.965658099999999,
        "p(95)": 15.04776485,
        "p(99)": 18.286893780000003,
        "p(99.99)": 36.39744600288964,
        "count": 10000,
        "avg": 10.240519446300006,
        "med": 9.5338515,
        "min": 7.477878,
        "p(50)": 9.5338515
      }
    },
    "http_req_sending": {
      "type": "trend",
      "contains": "time",
      "values": {
        "count": 10000,
        "avg": 0.018374146999999973,
        "p(90)": 0.023287099999999998,
        "max": 0.363064,
        "p(50)": 0.016934,
        "p(95)": 0.026342349999999997,
        "p(99)": 0.03906753000000001,
        "p(99.99)": 0.22059824799989924,
        "min": 0.00922,
        "med": 0.016934
      }
    },
    "checks": {
      "type": "rate",
      "contains": "default",
      "values": {
        "rate": 1,
        "passes": 10000,
        "fails": 0
      }
    },
    "vus_max": {
      "type": "gauge",
      "contains": "default",
      "values": {
        "value": 1,
        "min": 1,
        "max": 1
      }
    },
    "reponse_size": {
      "type": "trend",
      "contains": "default",
      "values": {
        "max": 207,
        "p(50)": 207,
        "p(90)": 207,
        "p(95)": 207,
        "p(99)": 207,
        "avg": 206.7768,
        "med": 207,
        "p(99.99)": 207,
        "count": 10000,
        "min": 203
      }
    },
    "http_req_receiving": {
      "contains": "time",
      "values": {
        "count": 10000,
        "min": 0.040773,
        "p(99)": 0.4929393800000001,
        "max": 15.592556,
        "p(50)": 0.0809705,
        "p(90)": 0.16067560000000003,
        "p(95)": 0.29099539999999974,
        "p(99.99)": 9.268421476695528,
        "avg": 0.11725380659999977,
        "med": 0.0809705
      },
      "type": "trend"
    },
    "http_req_blocked": {
      "type": "trend",
      "contains": "time",
      "values": {
        "p(50)": 0.004389,
        "p(90)": 0.006043300000000001,
        "p(95)": 0.008989,
        "p(99)": 0.016984080000000026,
        "p(99.99)": 0.18606478469976814,
        "avg": 0.005008383399999992,
        "min": 0.002124,
        "med": 0.004389,
        "max": 0.513879,
        "count": 10000
      }
    },
    "response_time": {
      "contains": "default",
      "values": {
        "avg": 10.240519446300006,
        "min": 7.477878,
        "med": 9.5338515,
        "max": 192.431871,
        "p(99)": 18.286893780000003,
        "count": 10000,
        "p(50)": 9.5338515,
        "p(90)": 12.965658099999999,
        "p(95)": 15.04776485,
        "p(99.99)": 36.39744600288964
      },
      "type": "trend"
    },
    "http_req_waiting": {
      "values": {
        "min": 7.394592,
        "med": 9.4139625,
        "max": 192.333267,
        "p(50)": 9.4139625,
        "p(95)": 14.891187299999999,
        "p(99)": 18.146082940000007,
        "p(99.99)": 36.301138773189635,
        "count": 10000,
        "avg": 10.104891492700036,
        "p(90)": 12.7868156
      },
      "type": "trend",
      "contains": "time"
    },
    "data_sent": {
      "contains": "data",
      "values": {
        "count": 3790000,
        "rate": 36217.735393490264
      },
      "type": "counter"
    }
  }
}