{
  "root_group": {
    "id": "d41d8cd98f00b204e9800998ecf8427e",
    "groups": [],
    "checks": [
        {
          "passes": 1000,
          "fails": 0,
          "name": "is status 200",
          "path": "::is status 200",
          "id": "548d37ca5f33793206f7832e7cea54fb"
        }
      ],
    "name": "",
    "path": ""
  },
  "options": {
    "summaryTrendStats": [
      "avg",
      "min",
      "med",
      "max",
      "p(50)",
      "p(90)",
      "p(95)",
      "p(99)",
      "p(99.99)",
      "count"
    ],
    "summaryTimeUnit": "ms",
    "noColor": false
  },
  "state": {
    "isStdOutTTY": false,
    "isStdErrTTY": false,
    "testRunDurationMs": 89045.363847
  },
  "metrics": {
    "checks": {
      "type": "rate",
      "contains": "default",
      "values": {
        "rate": 1,
        "passes": 1000,
        "fails": 0
      }
    },
    "http_req_tls_handshaking": {
      "type": "trend",
      "contains": "time",
      "values": {
        "avg": 0,
        "min": 0,
        "med": 0,
        "max": 0,
        "p(99)": 0,
        "p(99.99)": 0,
        "p(50)": 0,
        "p(90)": 0,
        "p(95)": 0,
        "count": 1000
      }
    },
    "response_time": {
      "type": "trend",
      "contains": "default",
      "values": {
        "p(50)": 90.384766,
        "p(95)": 98.0030436,
        "p(99.99)": 219.28815441819788,
        "avg": 88.67415711300005,
        "min": 58.736043,
        "max": 223.712344,
        "count": 1000,
        "med": 90.384766,
        "p(90)": 95.79782300000001,
        "p(99)": 111.78359368999998
      }
    },
    "iteration_duration": {
      "type": "trend",
      "contains": "time",
      "values": {
        "avg": 89.02074271799994,
        "med": 90.7814305,
        "max": 223.995573,
        "count": 1000,
        "min": 59.024056,
        "p(50)": 90.7814305,
        "p(90)": 96.1018227,
        "p(95)": 98.30771865,
        "p(99)": 112.09741301999999,
        "p(99.99)": 219.5693857178979
      }
    },
    "http_req_duration{expected_response:true}": {
      "contains": "time",
      "values": {
        "p(99)": 111.78359368999998,
        "count": 1000,
        "avg": 88.67415711300005,
        "med": 90.384766,
        "max": 223.712344,
        "p(90)": 95.79782300000001,
        "min": 58.736043,
        "p(50)": 90.384766,
        "p(95)": 98.0030436,
        "p(99.99)": 219.28815441819788
      },
      "type": "trend"
    },
    "http_req_sending": {
      "type": "trend",
      "contains": "time",
      "values": {
        "p(50)": 0.02595,
        "p(95)": 0.061562849999999864,
        "count": 1000,
        "avg": 0.03180116900000002,
        "min": 0.011874,
        "med": 0.02595,
        "max": 0.496496,
        "p(90)": 0.0408818,
        "p(99)": 0.18452991,
        "p(99.99)": 0.4768238917999906
      }
    },
    "vus": {
      "type": "gauge",
      "contains": "default",
      "values": {
        "value": 1,
        "min": 1,
        "max": 1
      }
    },
    "vus_max": {
      "type": "gauge",
      "contains": "default",
      "values": {
        "value": 1,
        "min": 1,
        "max": 1
      }
    },
    "data_received": {
      "type": "counter",
      "contains": "data",
      "values": {
        "count": 620884,
        "rate": 6972.670705987777
      }
    },
    "http_reqs": {
      "type": "counter",
      "contains": "default",
      "values": {
        "count": 1000,
        "rate": 11.230230938448692
      }
    },
    "http_req_waiting": {
      "type": "trend",
      "contains": "time",
      "values": {
        "p(90)": 95.649888,
        "avg": 88.49155492599994,
        "p(50)": 90.210545,
        "max": 223.557372,
        "p(95)": 97.78199865,
        "p(99)": 111.60480467,
        "p(99.99)": 219.13948261169787,
        "count": 1000,
        "min": 58.627875,
        "med": 90.210545
      }
    },
    "http_req_receiving": {
      "type": "trend",
      "contains": "time",
      "values": {
        "min": 0.043586,
        "p(95)": 0.1726922999999998,
        "p(99)": 0.31664643,
        "p(99.99)": 21.75380595449953,
        "avg": 0.15080101799999995,
        "med": 0.1004405,
        "max": 22.736277,
        "p(50)": 0.1004405,
        "p(90)": 0.1348376,
        "count": 1000
      }
    },
    "reponse_size": {
      "type": "trend",
      "contains": "default",
      "values": {
        "max": 213,
        "p(50)": 212,
        "p(90)": 213,
        "p(99.99)": 213,
        "count": 1000,
        "avg": 212.174,
        "min": 209,
        "med": 212,
        "p(95)": 213,
        "p(99)": 213
      }
    },
    "data_sent": {
      "type": "counter",
      "contains": "data",
      "values": {
        "count": 530000,
        "rate": 5952.022397377807
      }
    },
    "http_req_connecting": {
      "contains": "time",
      "values": {
        "min": 0,
        "med": 0,
        "max": 0.315124,
        "p(50)": 0,
        "p(90)": 0,
        "p(95)": 0,
        "p(99.99)": 0.3131618640999991,
        "avg": 0.002324106,
        "p(99)": 0.0013960999999987303,
        "count": 1000
      },
      "type": "trend"
    },
    "http_req_failed": {
      "type": "rate",
      "contains": "default",
      "values": {
        "passes": 0,
        "fails": 1000,
        "rate": 0
      }
    },
    "http_req_duration": {
      "type": "trend",
      "contains": "time",
      "values": {
        "avg": 88.67415711300005,
        "min": 58.736043,
        "max": 223.712344,
        "p(50)": 90.384766,
        "p(90)": 95.79782300000001,
        "p(99)": 111.78359368999998,
        "med": 90.384766,
        "p(95)": 98.0030436,
        "p(99.99)": 219.28815441819788,
        "count": 1000
      }
    },
    "http_req_blocked": {
      "contains": "time",
      "values": {
        "p(50)": 0.0049195,
        "count": 1000,
        "min": 0.002422,
        "med": 0.0049195,
        "max": 0.411908,
        "p(99)": 0.1077378999999991,
        "p(99.99)": 0.41033877079999925,
        "avg": 0.009072099000000009,
        "p(90)": 0.008604300000000002,
        "p(95)": 0.011570749999999987
      },
      "type": "trend"
    },
    "iterations": {
      "type": "counter",
      "contains": "default",
      "values": {
        "count": 1000,
        "rate": 11.230230938448692
      }
    }
  }
}