{
  "root_group": {
    "name": "",
    "path": "",
    "id": "d41d8cd98f00b204e9800998ecf8427e",
    "groups": [],
    "checks": [
        {
          "fails": 0,
          "name": "is status 200",
          "path": "::is status 200",
          "id": "548d37ca5f33793206f7832e7cea54fb",
          "passes": 1000
        }
      ]
  },
  "options": {
    "summaryTrendStats": [
      "avg",
      "min",
      "med",
      "max",
      "p(50)",
      "p(90)",
      "p(95)",
      "p(99)",
      "p(99.99)",
      "count"
    ],
    "summaryTimeUnit": "ms",
    "noColor": false
  },
  "state": {
    "isStdOutTTY": false,
    "isStdErrTTY": false,
    "testRunDurationMs": 2223.184291
  },
  "metrics": {
    "http_req_waiting": {
      "values": {
        "avg": 1.9015531800000007,
        "max": 56.949807,
        "p(90)": 1.8989372,
        "p(99.99)": 56.551748057399806,
        "min": 0.831776,
        "med": 1.4444854999999999,
        "p(50)": 1.4444854999999999,
        "p(95)": 2.1799475,
        "p(99)": 8.679351749999997,
        "count": 1000
      },
      "type": "trend",
      "contains": "time"
    },
    "http_req_connecting": {
      "values": {
        "max": 0.226191,
        "p(50)": 0,
        "count": 1000,
        "avg": 0.00169008,
        "med": 0,
        "p(90)": 0,
        "p(95)": 0,
        "p(99)": 0.001392799999998733,
        "p(99.99)": 0.22424444849999908,
        "min": 0
      },
      "type": "trend",
      "contains": "time"
    },
    "vus_max": {
      "type": "gauge",
      "contains": "default",
      "values": {
        "max": 1,
        "value": 1,
        "min": 1
      }
    },
    "http_req_blocked": {
      "type": "trend",
      "contains": "time",
      "values": {
        "p(99.99)": 0.34710608589999714,
        "count": 1000,
        "avg": 0.007424768999999998,
        "med": 0.0044805,
        "max": 0.353086,
        "p(95)": 0.0072539999999999966,
        "min": 0.002055,
        "p(50)": 0.0044805,
        "p(90)": 0.005886500000000001,
        "p(99)": 0.11784272999999912
      }
    },
    "http_req_sending": {
      "type": "trend",
      "contains": "time",
      "values": {
        "p(95)": 0.026295599999999995,
        "p(99)": 0.06029211999999998,
        "p(99.99)": 0.2750355275999937,
        "count": 1000,
        "min": 0.007378,
        "med": 0.01759,
        "max": 0.28815,
        "p(50)": 0.01759,
        "avg": 0.019240180000000013,
        "p(90)": 0.0226896
      }
    },
    "http_req_receiving": {
      "contains": "time",
      "values": {
        "p(99)": 0.3005870999999999,
        "min": 0.031004,
        "med": 0.067656,
        "p(90)": 0.10310720000000002,
        "p(95)": 0.1392724499999998,
        "count": 1000,
        "avg": 0.079586263,
        "max": 0.514999,
        "p(50)": 0.067656,
        "p(99.99)": 0.5124479535999987
      },
      "type": "trend"
    },
    "iterations": {
      "type": "counter",
      "contains": "default",
      "values": {
        "count": 1000,
        "rate": 449.80526537914443
      }
    },
    "data_received": {
      "contains": "data",
      "values": {
        "count": 586710,
        "rate": 263905.2472505978
      },
      "type": "counter"
    },
    "http_reqs": {
      "type": "counter",
      "contains": "default",
      "values": {
        "count": 1000,
        "rate": 449.80526537914443
      }
    },
    "reponse_size_body": {
      "type": "trend",
      "contains": "default",
      "values": {
        "p(99)": 44,
        "count": 1000,
        "avg": 44,
        "min": 44,
        "med": 44,
        "max": 44,
        "p(50)": 44,
        "p(90)": 44,
        "p(95)": 44,
        "p(99.99)": 44
      }
    },
    "iteration_duration": {
      "type": "trend",
      "contains": "time",
      "values": {
        "avg": 2.2060640370000004,
        "min": 1.045166,
        "med": 1.7342925,
        "max": 57.843569,
        "p(50)": 1.7342925,
        "p(99)": 9.261660979999997,
        "p(90)": 2.2412486,
        "p(95)": 2.569310299999998,
        "p(99.99)": 57.39733528039979,
        "count": 1000
      }
    },
    "http_req_duration": {
      "type": "trend",
      "contains": "time",
      "values": {
        "count": 1000,
        "avg": 2.0003796229999984,
        "min": 0.927389,
        "max": 57.455594,
        "p(50)": 1.532893,
        "p(95)": 2.3026855999999984,
        "p(99)": 8.811915759999996,
        "p(99.99)": 57.02011461529979,
        "med": 1.532893,
        "p(90)": 2.0178706
      }
    },
    "http_req_duration{expected_response:true}": {
      "type": "trend",
      "contains": "time",
      "values": {
        "max": 57.455594,
        "p(50)": 1.532893,
        "p(90)": 2.0178706,
        "p(95)": 2.3026855999999984,
        "p(99.99)": 57.02011461529979,
        "min": 0.927389,
        "med": 1.532893,
        "p(99)": 8.811915759999996,
        "count": 1000,
        "avg": 2.0003796229999984
      }
    },
    "http_req_tls_handshaking": {
      "values": {
        "p(99.99)": 0,
        "max": 0,
        "min": 0,
        "med": 0,
        "p(50)": 0,
        "p(90)": 0,
        "p(95)": 0,
        "p(99)": 0,
        "count": 1000,
        "avg": 0
      },
      "type": "trend",
      "contains": "time"
    },
    "response_time": {
      "contains": "default",
      "values": {
        "count": 1000,
        "avg": 2.0003796229999984,
        "med": 1.532893,
        "max": 57.455594,
        "p(50)": 1.532893,
        "p(90)": 2.0178706,
        "p(99.99)": 57.02011461529979,
        "min": 0.927389,
        "p(95)": 2.3026855999999984,
        "p(99)": 8.811915759999996
      },
      "type": "trend"
    },
    "data_sent": {
      "type": "counter",
      "contains": "data",
      "values": {
        "count": 378000,
        "rate": 170026.3903133166
      }
    },
    "vus": {
      "type": "gauge",
      "contains": "default",
      "values": {
        "value": 1,
        "min": 1,
        "max": 1
      }
    },
    "checks": {
      "contains": "default",
      "values": {
        "rate": 1,
        "passes": 1000,
        "fails": 0
      },
      "type": "rate"
    },
    "response_size": {
      "type": "trend",
      "contains": "default",
      "values": {
        "min": 492,
        "p(99.99)": 544,
        "p(50)": 544,
        "p(90)": 544,
        "p(95)": 544,
        "p(99)": 544,
        "count": 1000,
        "avg": 543.48,
        "med": 544,
        "max": 544
      }
    },
    "http_req_failed": {
      "contains": "default",
      "values": {
        "rate": 0,
        "passes": 0,
        "fails": 1000
      },
      "type": "rate"
    }
  }
}