{
  "state": {
    "isStdOutTTY": false,
    "isStdErrTTY": false,
    "testRunDurationMs": 998521.354663
  },
  "metrics": {
    "iteration_duration": {
      "type": "trend",
      "contains": "time",
      "values": {
        "min": 62.451449,
        "med": 97.4527855,
        "p(95)": 133.92914925,
        "p(99)": 176.5504160600001,
        "p(99.99)": 254.76840626147992,
        "avg": 99.82860097240018,
        "max": 283.128185,
        "p(50)": 97.4527855,
        "p(90)": 106.01348570000002,
        "count": 10000
      }
    },
    "data_received": {
      "type": "counter",
      "contains": "data",
      "values": {
        "count": 6407100,
        "rate": 6416.587857715262
      }
    },
    "http_req_failed": {
      "type": "rate",
      "contains": "default",
      "values": {
        "rate": 0,
        "passes": 0,
        "fails": 10000
      }
    },
    "vus": {
      "contains": "default",
      "values": {
        "value": 1,
        "min": 1,
        "max": 1
      },
      "type": "gauge"
    },
    "http_req_duration{expected_response:true}": {
      "values": {
        "p(99.99)": 254.30500281218002,
        "count": 10000,
        "avg": 99.18733637280036,
        "med": 96.830687,
        "max": 282.520303,
        "p(50)": 96.830687,
        "p(90)": 105.41495830000001,
        "min": 62.049662,
        "p(95)": 133.19994929999993,
        "p(99)": 175.59118902000012
      },
      "type": "trend",
      "contains": "time"
    },
    "http_req_waiting": {
      "type": "trend",
      "contains": "time",
      "values": {
        "med": 96.68340900000001,
        "p(99)": 175.47021653000013,
        "p(50)": 96.68340900000001,
        "p(90)": 105.1015855,
        "p(95)": 133.0152659,
        "p(99.99)": 254.20998983578005,
        "count": 10000,
        "avg": 98.96014472059994,
        "min": 61.91501,
        "max": 282.415527
      }
    },
    "http_req_duration": {
      "type": "trend",
      "contains": "time",
      "values": {
        "avg": 99.18733637280036,
        "min": 62.049662,
        "p(90)": 105.41495830000001,
        "p(95)": 133.19994929999993,
        "p(99)": 175.59118902000012,
        "med": 96.830687,
        "max": 282.520303,
        "p(50)": 96.830687,
        "p(99.99)": 254.30500281218002,
        "count": 10000
      }
    },
    "http_req_blocked": {
      "type": "trend",
      "contains": "time",
      "values": {
        "p(90)": 0.0073693000000000005,
        "p(99)": 0.17330966000000042,
        "p(99.99)": 0.6641424377998908,
        "med": 0.004595,
        "max": 0.818505,
        "p(50)": 0.004595,
        "count": 10000,
        "avg": 0.00891777809999996,
        "min": 0.002177,
        "p(95)": 0.011313199999999954
      }
    },
    "reponse_size": {
      "type": "trend",
      "contains": "default",
      "values": {
        "p(50)": 98,
        "p(90)": 98,
        "p(95)": 98,
        "p(99)": 98,
        "p(99.99)": 98,
        "count": 10000,
        "avg": 97.958,
        "max": 98,
        "min": 97,
        "med": 98
      }
    },
    "checks": {
      "type": "rate",
      "contains": "default",
      "values": {
        "rate": 1,
        "passes": 10000,
        "fails": 0
      }
    },
    "http_req_connecting": {
      "type": "trend",
      "contains": "time",
      "values": {
        "count": 10000,
        "avg": 0.0022897012000000004,
        "min": 0,
        "max": 0.493033,
        "p(95)": 0,
        "p(99.99)": 0.4348748163999589,
        "med": 0,
        "p(50)": 0,
        "p(90)": 0,
        "p(99)": 0.0010296200000224744
      }
    },
    "http_req_sending": {
      "type": "trend",
      "contains": "time",
      "values": {
        "med": 0.023257,
        "max": 0.585647,
        "p(50)": 0.023257,
        "p(90)": 0.039014,
        "p(99)": 0.1394193300000002,
        "p(99.99)": 0.5069758678999443,
        "count": 10000,
        "avg": 0.029310992900000072,
        "min": 0.012297,
        "p(95)": 0.059050349999999925
      }
    },
    "http_req_receiving": {
      "type": "trend",
      "contains": "time",
      "values": {
        "p(95)": 0.17442434999999998,
        "p(99)": 0.34087655000000017,
        "count": 10000,
        "avg": 0.19788065929999932,
        "min": 0.045389,
        "max": 37.734146,
        "p(50)": 0.0998045,
        "p(90)": 0.1397603,
        "med": 0.0998045,
        "p(99.99)": 28.852673236093718
      }
    },
    "http_reqs": {
      "values": {
        "count": 10000,
        "rate": 10.014808349667184
      },
      "type": "counter",
      "contains": "default"
    },
    "iterations": {
      "contains": "default",
      "values": {
        "count": 10000,
        "rate": 10.014808349667184
      },
      "type": "counter"
    },
    "vus_max": {
      "type": "gauge",
      "contains": "default",
      "values": {
        "value": 1,
        "min": 1,
        "max": 1
      }
    },
    "data_sent": {
      "type": "counter",
      "contains": "data",
      "values": {
        "count": 4850000,
        "rate": 4857.182049588584
      }
    },
    "response_time": {
      "type": "trend",
      "contains": "default",
      "values": {
        "min": 62.049662,
        "med": 96.830687,
        "p(99)": 175.59118902000012,
        "p(99.99)": 254.30500281218002,
        "avg": 99.18733637280036,
        "max": 282.520303,
        "p(50)": 96.830687,
        "p(90)": 105.41495830000001,
        "p(95)": 133.19994929999993,
        "count": 10000
      }
    },
    "http_req_tls_handshaking": {
      "contains": "time",
      "values": {
        "min": 0,
        "med": 0,
        "max": 0,
        "p(50)": 0,
        "p(95)": 0,
        "avg": 0,
        "p(90)": 0,
        "p(99)": 0,
        "p(99.99)": 0,
        "count": 10000
      },
      "type": "trend"
    }
  },
  "root_group": {
    "name": "",
    "path": "",
    "id": "d41d8cd98f00b204e9800998ecf8427e",
    "groups": [],
    "checks": [
        {
          "fails": 0,
          "name": "status is 200",
          "path": "::status is 200",
          "id": "6210a8cd14cd70477eba5c5e4cb3fb5f",
          "passes": 10000
        }
      ]
  },
  "options": {
    "summaryTrendStats": [
      "avg",
      "min",
      "med",
      "max",
      "p(50)",
      "p(90)",
      "p(95)",
      "p(99)",
      "p(99.99)",
      "count"
    ],
    "summaryTimeUnit": "ms",
    "noColor": false
  }
}