{
  "root_group": {
    "name": "",
    "path": "",
    "id": "d41d8cd98f00b204e9800998ecf8427e",
    "groups": [],
    "checks": [
        {
          "name": "status is 200",
          "path": "::status is 200",
          "id": "6210a8cd14cd70477eba5c5e4cb3fb5f",
          "passes": 1000,
          "fails": 0
        }
      ]
  },
  "options": {
    "summaryTimeUnit": "ms",
    "noColor": false,
    "summaryTrendStats": [
      "avg",
      "min",
      "med",
      "max",
      "p(50)",
      "p(90)",
      "p(95)",
      "p(99)",
      "p(99.99)",
      "count"
    ]
  },
  "state": {
    "isStdOutTTY": false,
    "isStdErrTTY": false,
    "testRunDurationMs": 88777.618118
  },
  "metrics": {
    "data_received": {
      "type": "counter",
      "contains": "data",
      "values": {
        "count": 683694,
        "rate": 7701.197829967217
      }
    },
    "vus_max": {
      "type": "gauge",
      "contains": "default",
      "values": {
        "min": 1,
        "max": 1,
        "value": 1
      }
    },
    "http_req_blocked": {
      "type": "trend",
      "contains": "time",
      "values": {
        "p(90)": 0.0070583,
        "p(95)": 0.011046249999999994,
        "p(99.99)": 0.38808701979998766,
        "avg": 0.006121730000000002,
        "max": 0.413881,
        "p(50)": 0.004477500000000001,
        "p(99)": 0.027818159999999998,
        "count": 1000,
        "min": 0.002359,
        "med": 0.004477500000000001
      }
    },
    "http_req_tls_handshaking": {
      "values": {
        "avg": 0,
        "max": 0,
        "p(99.99)": 0,
        "p(99)": 0,
        "count": 1000,
        "min": 0,
        "med": 0,
        "p(50)": 0,
        "p(90)": 0,
        "p(95)": 0
      },
      "type": "trend",
      "contains": "time"
    },
    "iteration_duration": {
      "type": "trend",
      "contains": "time",
      "values": {
        "avg": 88.75258055000002,
        "min": 60.832669,
        "max": 269.676965,
        "p(50)": 90.178503,
        "p(90)": 96.1810675,
        "count": 1000,
        "med": 90.178503,
        "p(95)": 98.81266634999999,
        "p(99)": 128.4513869,
        "p(99.99)": 263.52908653249705
      }
    },
    "http_req_sending": {
      "type": "trend",
      "contains": "time",
      "values": {
        "min": 0.012729,
        "max": 0.318886,
        "p(90)": 0.0373071,
        "p(95)": 0.05749184999999995,
        "p(99)": 0.13481702999999995,
        "p(99.99)": 0.31133206149999637,
        "count": 1000,
        "avg": 0.028166719999999985,
        "med": 0.0219385,
        "p(50)": 0.0219385
      }
    },
    "http_req_waiting": {
      "type": "trend",
      "contains": "time",
      "values": {
        "max": 268.886816,
        "p(95)": 98.1418039,
        "count": 1000,
        "avg": 87.91352268200002,
        "min": 60.202808,
        "med": 89.3503665,
        "p(50)": 89.3503665,
        "p(90)": 95.4153368,
        "p(99)": 127.578489,
        "p(99.99)": 262.74569886439707
      }
    },
    "http_req_failed": {
      "type": "rate",
      "contains": "default",
      "values": {
        "rate": 0,
        "passes": 0,
        "fails": 1000
      }
    },
    "http_req_receiving": {
      "contains": "time",
      "values": {
        "min": 0.045014,
        "med": 0.0999035,
        "p(95)": 0.22991604999999998,
        "p(99)": 0.42962314999999995,
        "p(99.99)": 26.06124739189984,
        "count": 1000,
        "avg": 0.17078541999999977,
        "max": 26.394206,
        "p(50)": 0.0999035,
        "p(90)": 0.1451569
      },
      "type": "trend"
    },
    "vus": {
      "type": "gauge",
      "contains": "default",
      "values": {
        "value": 1,
        "min": 1,
        "max": 1
      }
    },
    "http_req_duration{expected_response:true}": {
      "values": {
        "p(99.99)": 262.8686673835971,
        "min": 60.314391,
        "max": 269.011502,
        "p(95)": 98.28117895000001,
        "p(90)": 95.5313909,
        "p(99)": 127.70219733,
        "count": 1000,
        "avg": 88.11247482199985,
        "med": 89.516665,
        "p(50)": 89.516665
      },
      "type": "trend",
      "contains": "time"
    },
    "checks": {
      "type": "rate",
      "contains": "default",
      "values": {
        "fails": 0,
        "rate": 1,
        "passes": 1000
      }
    },
    "http_req_connecting": {
      "contains": "time",
      "values": {
        "avg": 0.000306232,
        "med": 0,
        "p(50)": 0,
        "p(90)": 0,
        "p(95)": 0,
        "p(99.99)": 0.27563942319998536,
        "count": 1000,
        "min": 0,
        "max": 0.306232,
        "p(99)": 0
      },
      "type": "trend"
    },
    "reponse_size": {
      "type": "trend",
      "contains": "default",
      "values": {
        "count": 1000,
        "min": 97,
        "max": 97,
        "p(90)": 97,
        "p(99)": 97,
        "p(99.99)": 97,
        "avg": 97,
        "med": 97,
        "p(50)": 97,
        "p(95)": 97
      }
    },
    "iterations": {
      "type": "counter",
      "contains": "default",
      "values": {
        "count": 1000,
        "rate": 11.264100357714442
      }
    },
    "http_req_duration": {
      "type": "trend",
      "contains": "time",
      "values": {
        "p(99.99)": 262.8686673835971,
        "count": 1000,
        "avg": 88.11247482199985,
        "max": 269.011502,
        "p(90)": 95.5313909,
        "p(99)": 127.70219733,
        "min": 60.314391,
        "med": 89.516665,
        "p(50)": 89.516665,
        "p(95)": 98.28117895000001
      }
    },
    "data_sent": {
      "contains": "data",
      "values": {
        "count": 485000,
        "rate": 5463.088673491505
      },
      "type": "counter"
    },
    "http_reqs": {
      "contains": "default",
      "values": {
        "count": 1000,
        "rate": 11.264100357714442
      },
      "type": "counter"
    },
    "response_time": {
      "type": "trend",
      "contains": "default",
      "values": {
        "avg": 88.11247482199985,
        "med": 89.516665,
        "max": 269.011502,
        "p(90)": 95.5313909,
        "p(99.99)": 262.8686673835971,
        "min": 60.314391,
        "p(50)": 89.516665,
        "p(95)": 98.28117895000001,
        "p(99)": 127.70219733,
        "count": 1000
      }
    }
  }
}