{
  "Total" : {
    "transaction" : "Total",
    "sampleCount" : 15000,
    "errorCount" : 0,
    "errorPct" : 0.0,
    "meanResTime" : 6.07293333333333,
    "medianResTime" : 6.0,
    "minResTime" : 5.0,
    "maxResTime" : 101.0,
    "pct1ResTime" : 7.0,
    "pct2ResTime" : 7.0,
    "pct3ResTime" : 9.0,
    "throughput" : 161.73901792068318,
    "receivedKBytesPerSec" : 73.6038890146859,
    "sentKBytesPerSec" : 21.79685983696707
  },
  "HTTP Request" : {
    "transaction" : "HTTP Request",
    "sampleCount" : 15000,
    "errorCount" : 0,
    "errorPct" : 0.0,
    "meanResTime" : 6.07293333333333,
    "medianResTime" : 6.0,
    "minResTime" : 5.0,
    "maxResTime" : 101.0,
    "pct1ResTime" : 7.0,
    "pct2ResTime" : 7.0,
    "pct3ResTime" : 9.0,
    "throughput" : 161.73901792068318,
    "receivedKBytesPerSec" : 73.6038890146859,
    "sentKBytesPerSec" : 21.79685983696707
  }
}