{
  "root_group": {
    "name": "",
    "path": "",
    "id": "d41d8cd98f00b204e9800998ecf8427e",
    "groups": [],
    "checks": [
        {
          "name": "is status 200",
          "path": "::is status 200",
          "id": "548d37ca5f33793206f7832e7cea54fb",
          "passes": 30000,
          "fails": 0
        }
      ]
  },
  "options": {
    "summaryTrendStats": [
      "avg",
      "min",
      "med",
      "max",
      "p(50)",
      "p(90)",
      "p(95)",
      "p(99)",
      "p(99.99)",
      "count"
    ],
    "summaryTimeUnit": "ms",
    "noColor": false
  },
  "state": {
    "isStdOutTTY": true,
    "isStdErrTTY": true,
    "testRunDurationMs": 105215.104597
  },
  "metrics": {
    "http_req_failed": {
      "type": "rate",
      "contains": "default",
      "values": {
        "rate": 0,
        "passes": 0,
        "fails": 30000
      }
    },
    "http_req_receiving": {
      "type": "trend",
      "contains": "time",
      "values": {
        "count": 30000,
        "min": 0.040475,
        "med": 0.0963215,
        "max": 3.819191,
        "p(90)": 0.15726310000000004,
        "p(99.99)": 2.4687795719999857,
        "avg": 0.10898701956666608,
        "p(50)": 0.0963215,
        "p(95)": 0.18645194999999998,
        "p(99)": 0.26104324
      }
    },
    "data_received": {
      "type": "counter",
      "contains": "data",
      "values": {
        "count": 226431300,
        "rate": 2152079.7880426785
      }
    },
    "http_req_sending": {
      "values": {
        "avg": 0.023776581600000124,
        "med": 0.0205235,
        "p(90)": 0.032821700000000016,
        "p(99.99)": 0.5266889093999265,
        "min": 0.008739,
        "max": 2.476204,
        "p(50)": 0.0205235,
        "p(95)": 0.039895099999999996,
        "p(99)": 0.07152556999999991,
        "count": 30000
      },
      "type": "trend",
      "contains": "time"
    },
    "http_req_waiting": {
      "type": "trend",
      "contains": "time",
      "values": {
        "count": 30000,
        "avg": 3.103843789166655,
        "min": 1.341625,
        "med": 2.8297100000000004,
        "max": 19.447388,
        "p(50)": 2.8297100000000004,
        "p(90)": 4.0744288000000015,
        "p(99)": 9.09031208999999,
        "p(95)": 4.6751444499999995,
        "p(99.99)": 17.624108328799714
      }
    },
    "data_sent": {
      "type": "counter",
      "contains": "data",
      "values": {
        "count": 11880000,
        "rate": 112911.54483477779
      }
    },
    "iterations": {
      "contains": "default",
      "values": {
        "count": 30000,
        "rate": 285.13016372418633
      },
      "type": "counter"
    },
    "vus": {
      "type": "gauge",
      "contains": "default",
      "values": {
        "max": 1,
        "value": 1,
        "min": 1
      }
    },
    "http_req_tls_handshaking": {
      "type": "trend",
      "contains": "time",
      "values": {
        "p(99.99)": 0,
        "count": 30000,
        "avg": 0,
        "med": 0,
        "max": 0,
        "p(50)": 0,
        "p(90)": 0,
        "p(99)": 0,
        "min": 0,
        "p(95)": 0
      }
    },
    "response_time": {
      "contains": "default",
      "values": {
        "min": 1.499466,
        "p(50)": 2.9480269999999997,
        "p(99)": 9.274989529999978,
        "p(99.99)": 17.830950378299537,
        "count": 30000,
        "avg": 3.23660739033332,
        "med": 2.9480269999999997,
        "max": 19.769209,
        "p(90)": 4.2647418,
        "p(95)": 4.8717770499999995
      },
      "type": "trend"
    },
    "vus_max": {
      "type": "gauge",
      "contains": "default",
      "values": {
        "value": 1,
        "min": 1,
        "max": 1
      }
    },
    "http_req_duration{expected_response:true}": {
      "type": "trend",
      "contains": "time",
      "values": {
        "med": 2.9480269999999997,
        "max": 19.769209,
        "p(50)": 2.9480269999999997,
        "p(90)": 4.2647418,
        "p(95)": 4.8717770499999995,
        "count": 30000,
        "avg": 3.23660739033332,
        "p(99)": 9.274989529999978,
        "p(99.99)": 17.830950378299537,
        "min": 1.499466
      }
    },
    "checks": {
      "type": "rate",
      "contains": "default",
      "values": {
        "rate": 1,
        "passes": 30000,
        "fails": 0
      }
    },
    "http_req_connecting": {
      "type": "trend",
      "contains": "time",
      "values": {
        "p(90)": 0,
        "p(95)": 0,
        "p(99)": 0.001150519999815835,
        "count": 30000,
        "med": 0,
        "min": 0,
        "max": 0.785607,
        "p(50)": 0,
        "p(99.99)": 0.37614431759999195,
        "avg": 0.002158863500000001
      }
    },
    "http_req_duration": {
      "contains": "time",
      "values": {
        "min": 1.499466,
        "max": 19.769209,
        "p(50)": 2.9480269999999997,
        "p(90)": 4.2647418,
        "p(99)": 9.274989529999978,
        "count": 30000,
        "avg": 3.23660739033332,
        "med": 2.9480269999999997,
        "p(95)": 4.8717770499999995,
        "p(99.99)": 17.830950378299537
      },
      "type": "trend"
    },
    "http_req_blocked": {
      "type": "trend",
      "contains": "time",
      "values": {
        "min": 0.00244,
        "p(90)": 0.007903,
        "p(99.99)": 0.5612832335999183,
        "p(95)": 0.009504199999999997,
        "p(99)": 0.18516177999999844,
        "count": 30000,
        "avg": 0.008952946033333355,
        "med": 0.005114,
        "max": 1.512855,
        "p(50)": 0.005114
      }
    },
    "iteration_duration": {
      "type": "trend",
      "contains": "time",
      "values": {
        "p(99.99)": 18.457160126798733,
        "count": 30000,
        "min": 1.683888,
        "med": 3.17434,
        "max": 21.706684,
        "p(50)": 3.17434,
        "p(90)": 4.5985406000000015,
        "avg": 3.4857498179999955,
        "p(95)": 5.21821585,
        "p(99)": 9.729790779999979
      }
    },
    "http_reqs": {
      "type": "counter",
      "contains": "default",
      "values": {
        "rate": 285.13016372418633,
        "count": 30000
      }
    },
    "response_size": {
      "type": "trend",
      "contains": "default",
      "values": {
        "p(90)": 7499,
        "p(99.99)": 7499,
        "min": 7447,
        "med": 7499,
        "max": 7499,
        "p(99)": 7499,
        "count": 30000,
        "avg": 7498.48,
        "p(50)": 7499,
        "p(95)": 7499
      }
    },
    "reponse_size_body": {
      "type": "trend",
      "contains": "default",
      "values": {
        "p(99.99)": 7137,
        "avg": 7137,
        "min": 7137,
        "med": 7137,
        "p(90)": 7137,
        "p(99)": 7137,
        "max": 7137,
        "p(50)": 7137,
        "p(95)": 7137,
        "count": 30000
      }
    }
  }
}