{
  "metrics": {
    "http_req_duration": {
      "type": "trend",
      "contains": "time",
      "values": {
        "med": 10.985302,
        "p(50)": 10.985302,
        "p(90)": 16.636910300000004,
        "p(99.99)": 82.82257209219993,
        "count": 1000,
        "avg": 13.301430892000004,
        "min": 9.121424,
        "max": 82.985701,
        "p(95)": 23.546261449999975,
        "p(99)": 69.92062054999998
      }
    },
    "vus": {
      "type": "gauge",
      "contains": "default",
      "values": {
        "value": 1,
        "min": 1,
        "max": 1
      }
    },
    "http_req_sending": {
      "type": "trend",
      "contains": "time",
      "values": {
        "max": 0.187702,
        "p(99)": 0.07385226,
        "p(99.99)": 0.18717452799999976,
        "avg": 0.025477183999999965,
        "med": 0.0222605,
        "p(90)": 0.0348246,
        "p(95)": 0.040989149999999995,
        "count": 1000,
        "min": 0.012813,
        "p(50)": 0.0222605
      }
    },
    "http_req_duration{expected_response:true}": {
      "type": "trend",
      "contains": "time",
      "values": {
        "min": 9.121424,
        "p(90)": 16.636910300000004,
        "p(95)": 23.546261449999975,
        "p(99)": 69.92062054999998,
        "p(99.99)": 82.82257209219993,
        "count": 1000,
        "avg": 13.301430892000004,
        "med": 10.985302,
        "max": 82.985701,
        "p(50)": 10.985302
      }
    },
    "response_time": {
      "type": "trend",
      "contains": "default",
      "values": {
        "avg": 13.301430892000004,
        "min": 9.121424,
        "p(50)": 10.985302,
        "p(90)": 16.636910300000004,
        "p(99.99)": 82.82257209219993,
        "med": 10.985302,
        "max": 82.985701,
        "p(95)": 23.546261449999975,
        "p(99)": 69.92062054999998,
        "count": 1000
      }
    },
    "checks": {
      "contains": "default",
      "values": {
        "rate": 1,
        "passes": 1000,
        "fails": 0
      },
      "type": "rate"
    },
    "http_req_connecting": {
      "contains": "time",
      "values": {
        "count": 1000,
        "max": 0.290149,
        "p(50)": 0,
        "p(90)": 0,
        "p(95)": 0,
        "p(99.99)": 0.2611631148999861,
        "avg": 0.000290149,
        "min": 0,
        "med": 0,
        "p(99)": 0
      },
      "type": "trend"
    },
    "http_req_tls_handshaking": {
      "type": "trend",
      "contains": "time",
      "values": {
        "p(99)": 0,
        "p(99.99)": 0,
        "count": 1000,
        "min": 0,
        "max": 0,
        "p(50)": 0,
        "p(90)": 0,
        "p(95)": 0,
        "avg": 0,
        "med": 0
      }
    },
    "data_received": {
      "contains": "data",
      "values": {
        "count": 683593,
        "rate": 49401.757492269084
      },
      "type": "counter"
    },
    "iterations": {
      "type": "counter",
      "contains": "default",
      "values": {
        "count": 1000,
        "rate": 72.26779310535521
      }
    },
    "iteration_duration": {
      "contains": "time",
      "values": {
        "avg": 13.817075577999987,
        "med": 11.5106365,
        "max": 83.50924,
        "p(50)": 11.5106365,
        "p(90)": 17.0771334,
        "p(95)": 24.01086709999998,
        "p(99)": 70.6200669,
        "p(99.99)": 83.34498162279992,
        "min": 9.48119,
        "count": 1000
      },
      "type": "trend"
    },
    "http_reqs": {
      "type": "counter",
      "contains": "default",
      "values": {
        "count": 1000,
        "rate": 72.26779310535521
      }
    },
    "vus_max": {
      "values": {
        "min": 1,
        "max": 1,
        "value": 1
      },
      "type": "gauge",
      "contains": "default"
    },
    "http_req_receiving": {
      "values": {
        "count": 1000,
        "avg": 0.1514255589999998,
        "max": 32.975825,
        "p(90)": 0.14354710000000004,
        "p(95)": 0.2735389499999998,
        "p(99)": 0.5108110399999999,
        "min": 0.051681,
        "med": 0.086222,
        "p(50)": 0.086222,
        "p(99.99)": 30.189593020998664
      },
      "type": "trend",
      "contains": "time"
    },
    "http_req_waiting": {
      "values": {
        "min": 9.013705,
        "med": 10.8535015,
        "p(95)": 21.94842789999993,
        "avg": 13.124528148999994,
        "max": 82.899995,
        "p(50)": 10.8535015,
        "p(90)": 16.4806091,
        "p(99)": 69.71629661999998,
        "p(99.99)": 82.73446199869993,
        "count": 1000
      },
      "type": "trend",
      "contains": "time"
    },
    "http_req_failed": {
      "type": "rate",
      "contains": "default",
      "values": {
        "rate": 0,
        "passes": 0,
        "fails": 1000
      }
    },
    "http_req_blocked": {
      "contains": "time",
      "values": {
        "p(50)": 0.0045455,
        "p(95)": 0.009777549999999998,
        "p(99)": 0.017400919999999997,
        "count": 1000,
        "avg": 0.006005100999999999,
        "med": 0.0045455,
        "max": 0.385321,
        "min": 0.002571,
        "p(90)": 0.0074605,
        "p(99.99)": 0.366423816099991
      },
      "type": "trend"
    },
    "reponse_size": {
      "type": "trend",
      "contains": "default",
      "values": {
        "p(99.99)": 97,
        "med": 97,
        "p(50)": 97,
        "p(95)": 97,
        "p(90)": 97,
        "p(99)": 97,
        "count": 1000,
        "avg": 97,
        "min": 97,
        "max": 97
      }
    },
    "data_sent": {
      "contains": "data",
      "values": {
        "rate": 34283.913316973616,
        "count": 474401
      },
      "type": "counter"
    }
  },
  "root_group": {
    "name": "",
    "path": "",
    "id": "d41d8cd98f00b204e9800998ecf8427e",
    "groups": [],
    "checks": [
        {
          "passes": 1000,
          "fails": 0,
          "name": "status is 200",
          "path": "::status is 200",
          "id": "6210a8cd14cd70477eba5c5e4cb3fb5f"
        }
      ]
  },
  "options": {
    "summaryTrendStats": [
      "avg",
      "min",
      "med",
      "max",
      "p(50)",
      "p(90)",
      "p(95)",
      "p(99)",
      "p(99.99)",
      "count"
    ],
    "summaryTimeUnit": "ms",
    "noColor": false
  },
  "state": {
    "isStdOutTTY": false,
    "isStdErrTTY": false,
    "testRunDurationMs": 13837.422689
  }
}