{
  "root_group": {
    "name": "",
    "path": "",
    "id": "d41d8cd98f00b204e9800998ecf8427e",
    "groups": [],
    "checks": [
        {
          "id": "548d37ca5f33793206f7832e7cea54fb",
          "passes": 10000,
          "fails": 0,
          "name": "is status 200",
          "path": "::is status 200"
        }
      ]
  },
  "options": {
    "summaryTrendStats": [
      "avg",
      "min",
      "med",
      "max",
      "p(50)",
      "p(90)",
      "p(95)",
      "p(99)",
      "p(99.99)",
      "count"
    ],
    "summaryTimeUnit": "ms",
    "noColor": false
  },
  "state": {
    "isStdErrTTY": false,
    "testRunDurationMs": 72181.998208,
    "isStdOutTTY": false
  },
  "metrics": {
    "http_req_waiting": {
      "type": "trend",
      "contains": "time",
      "values": {
        "min": 4.33056,
        "med": 5.920608,
        "max": 29.026257,
        "p(50)": 5.920608,
        "p(95)": 12.003215049999998,
        "p(99)": 16.732460470000003,
        "p(99.99)": 27.121597484998656,
        "avg": 6.762648313099981,
        "count": 10000,
        "p(90)": 9.4770226
      }
    },
    "http_req_sending": {
      "type": "trend",
      "contains": "time",
      "values": {
        "max": 0.492444,
        "p(95)": 0.03974305,
        "count": 10000,
        "p(50)": 0.0222295,
        "p(90)": 0.032391,
        "p(99)": 0.07688789000000004,
        "p(99.99)": 0.21690355679980514,
        "avg": 0.024812736800000068,
        "min": 0.008734,
        "med": 0.0222295
      }
    },
    "iteration_duration": {
      "type": "trend",
      "contains": "time",
      "values": {
        "p(90)": 10.052061000000002,
        "p(99.99)": 29.43653070759946,
        "count": 10000,
        "max": 30.20353,
        "p(50)": 6.3387615,
        "p(95)": 12.54494369999999,
        "p(99)": 17.283589220000014,
        "avg": 7.198990698499998,
        "min": 4.642569,
        "med": 6.3387615
      }
    },
    "http_req_duration{expected_response:true}": {
      "type": "trend",
      "contains": "time",
      "values": {
        "count": 10000,
        "avg": 6.880161369199995,
        "min": 4.409179,
        "max": 29.179601,
        "p(50)": 6.027310999999999,
        "p(95)": 12.14036865,
        "p(99)": 16.867384690000023,
        "med": 6.027310999999999,
        "p(90)": 9.654252399999999,
        "p(99.99)": 28.98334262779986
      }
    },
    "response_time": {
      "type": "trend",
      "contains": "default",
      "values": {
        "p(99.99)": 28.98334262779986,
        "med": 6.027310999999999,
        "max": 29.179601,
        "p(50)": 6.027310999999999,
        "p(90)": 9.654252399999999,
        "p(95)": 12.14036865,
        "p(99)": 16.867384690000023,
        "avg": 6.880161369199995,
        "min": 4.409179,
        "count": 10000
      }
    },
    "http_reqs": {
      "contains": "default",
      "values": {
        "rate": 138.53869729657458,
        "count": 10000
      },
      "type": "counter"
    },
    "data_received": {
      "type": "counter",
      "contains": "data",
      "values": {
        "count": 6154905,
        "rate": 85269.25206841734
      }
    },
    "http_req_duration": {
      "type": "trend",
      "contains": "time",
      "values": {
        "med": 6.027310999999999,
        "p(90)": 9.654252399999999,
        "p(95)": 12.14036865,
        "p(99)": 16.867384690000023,
        "p(99.99)": 28.98334262779986,
        "avg": 6.880161369199995,
        "min": 4.409179,
        "count": 10000,
        "max": 29.179601,
        "p(50)": 6.027310999999999
      }
    },
    "data_sent": {
      "type": "counter",
      "contains": "data",
      "values": {
        "count": 4920000,
        "rate": 68161.0390699147
      }
    },
    "http_req_blocked": {
      "type": "trend",
      "contains": "time",
      "values": {
        "p(99)": 0.17132654000000075,
        "count": 10000,
        "avg": 0.007820407900000001,
        "min": 0.001993,
        "med": 0.004432,
        "max": 0.428429,
        "p(50)": 0.004432,
        "p(90)": 0.007057800000000003,
        "p(95)": 0.009348449999999994,
        "p(99.99)": 0.39571927129997686
      }
    },
    "http_req_tls_handshaking": {
      "contains": "time",
      "values": {
        "p(99)": 0,
        "avg": 0,
        "min": 0,
        "p(50)": 0,
        "p(90)": 0,
        "p(95)": 0,
        "p(99.99)": 0,
        "count": 10000,
        "med": 0,
        "max": 0
      },
      "type": "trend"
    },
    "reponse_size": {
      "type": "trend",
      "contains": "default",
      "values": {
        "p(90)": 207,
        "p(99)": 207,
        "p(99.99)": 207,
        "count": 10000,
        "avg": 206.7805,
        "min": 201,
        "max": 207,
        "p(50)": 207,
        "med": 207,
        "p(95)": 207
      }
    },
    "vus_max": {
      "type": "gauge",
      "contains": "default",
      "values": {
        "value": 1,
        "min": 1,
        "max": 1
      }
    },
    "http_req_connecting": {
      "type": "trend",
      "contains": "time",
      "values": {
        "max": 0.328637,
        "p(99.99)": 0.3176331004999922,
        "count": 10000,
        "avg": 0.0018618272000000002,
        "med": 0,
        "p(50)": 0,
        "p(90)": 0,
        "p(95)": 0,
        "p(99)": 0.0010555700000230408,
        "min": 0
      }
    },
    "http_req_failed": {
      "type": "rate",
      "contains": "default",
      "values": {
        "rate": 0,
        "passes": 0,
        "fails": 10000
      }
    },
    "vus": {
      "type": "gauge",
      "contains": "default",
      "values": {
        "value": 1,
        "min": 1,
        "max": 1
      }
    },
    "http_req_receiving": {
      "type": "trend",
      "contains": "time",
      "values": {
        "p(90)": 0.1042079,
        "count": 10000,
        "min": 0.030925,
        "max": 10.464399,
        "p(50)": 0.0758035,
        "p(95)": 0.12080144999999998,
        "p(99)": 0.23797684000000008,
        "p(99.99)": 10.305090932399887,
        "avg": 0.09270031929999963,
        "med": 0.0758035
      }
    },
    "checks": {
      "type": "rate",
      "contains": "default",
      "values": {
        "rate": 1,
        "passes": 10000,
        "fails": 0
      }
    },
    "iterations": {
      "type": "counter",
      "contains": "default",
      "values": {
        "count": 10000,
        "rate": 138.53869729657458
      }
    }
  }
}