{
  "root_group": {
    "name": "",
    "path": "",
    "id": "d41d8cd98f00b204e9800998ecf8427e",
    "groups": [],
    "checks": [
        {
          "name": "is status 200",
          "path": "::is status 200",
          "id": "548d37ca5f33793206f7832e7cea54fb",
          "passes": 1000,
          "fails": 0
        }
      ]
  },
  "options": {
    "summaryTrendStats": [
      "avg",
      "min",
      "med",
      "max",
      "p(50)",
      "p(90)",
      "p(95)",
      "p(99)",
      "p(99.99)",
      "count"
    ],
    "summaryTimeUnit": "ms",
    "noColor": false
  },
  "state": {
    "isStdOutTTY": false,
    "isStdErrTTY": false,
    "testRunDurationMs": 6224.387551
  },
  "metrics": {
    "http_req_tls_handshaking": {
      "type": "trend",
      "contains": "time",
      "values": {
        "p(50)": 0,
        "p(90)": 0,
        "p(95)": 0,
        "p(99)": 0,
        "p(99.99)": 0,
        "count": 1000,
        "avg": 0,
        "med": 0,
        "max": 0,
        "min": 0
      }
    },
    "http_req_waiting": {
      "type": "trend",
      "contains": "time",
      "values": {
        "p(90)": 5.2677758,
        "count": 1000,
        "avg": 5.455038526000004,
        "min": 2.42493,
        "max": 46.111471,
        "p(50)": 3.7312054999999997,
        "med": 3.7312054999999997,
        "p(95)": 21.491103699999965,
        "p(99)": 36.46350294,
        "p(99.99)": 45.6929628270998
      }
    },
    "response_time": {
      "type": "trend",
      "contains": "default",
      "values": {
        "p(95)": 26.086288899999992,
        "p(99.99)": 46.18420787979997,
        "count": 1000,
        "avg": 5.947321793999992,
        "med": 3.8869654999999996,
        "max": 46.257814,
        "p(99)": 37.30881096999999,
        "min": 2.519068,
        "p(50)": 3.8869654999999996,
        "p(90)": 5.9799428
      }
    },
    "vus_max": {
      "values": {
        "value": 1,
        "min": 1,
        "max": 1
      },
      "type": "gauge",
      "contains": "default"
    },
    "http_req_duration{expected_response:true}": {
      "type": "trend",
      "contains": "time",
      "values": {
        "p(99)": 37.30881096999999,
        "min": 2.519068,
        "max": 46.257814,
        "p(90)": 5.9799428,
        "p(95)": 26.086288899999992,
        "count": 1000,
        "avg": 5.947321793999992,
        "med": 3.8869654999999996,
        "p(50)": 3.8869654999999996,
        "p(99.99)": 46.18420787979997
      }
    },
    "http_req_failed": {
      "type": "rate",
      "contains": "default",
      "values": {
        "rate": 0,
        "passes": 0,
        "fails": 1000
      }
    },
    "http_reqs": {
      "type": "counter",
      "contains": "default",
      "values": {
        "count": 1000,
        "rate": 160.65837671681314
      }
    },
    "http_req_duration": {
      "contains": "time",
      "values": {
        "med": 3.8869654999999996,
        "p(50)": 3.8869654999999996,
        "p(95)": 26.086288899999992,
        "p(99.99)": 46.18420787979997,
        "count": 1000,
        "min": 2.519068,
        "max": 46.257814,
        "p(90)": 5.9799428,
        "p(99)": 37.30881096999999,
        "avg": 5.947321793999992
      },
      "type": "trend"
    },
    "iteration_duration": {
      "contains": "time",
      "values": {
        "min": 2.731536,
        "max": 46.641559,
        "p(50)": 4.138082499999999,
        "p(90)": 6.2899079,
        "p(95)": 26.41130369999999,
        "p(99.99)": 46.567413020199965,
        "count": 1000,
        "avg": 6.203241396999994,
        "med": 4.138082499999999,
        "p(99)": 37.662888239999994
      },
      "type": "trend"
    },
    "http_req_sending": {
      "type": "trend",
      "contains": "time",
      "values": {
        "p(50)": 0.021267,
        "p(99)": 0.05674070999999998,
        "count": 1000,
        "min": 0.009516,
        "med": 0.021267,
        "max": 0.369024,
        "p(90)": 0.029086000000000004,
        "p(95)": 0.03353434999999999,
        "p(99.99)": 0.3470700758999895,
        "avg": 0.023169460000000027
      }
    },
    "reponse_size_body": {
      "contains": "default",
      "values": {
        "p(99)": 609,
        "p(99.99)": 609,
        "count": 1000,
        "med": 609,
        "max": 609,
        "p(50)": 609,
        "p(95)": 609,
        "avg": 609,
        "min": 609,
        "p(90)": 609
      },
      "type": "trend"
    },
    "checks": {
      "type": "rate",
      "contains": "default",
      "values": {
        "fails": 0,
        "rate": 1,
        "passes": 1000
      }
    },
    "iterations": {
      "type": "counter",
      "contains": "default",
      "values": {
        "count": 1000,
        "rate": 160.65837671681314
      }
    },
    "http_req_blocked": {
      "contains": "time",
      "values": {
        "avg": 0.006562233000000007,
        "min": 0.002701,
        "med": 0.005216500000000001,
        "count": 1000,
        "max": 0.501086,
        "p(50)": 0.005216500000000001,
        "p(90)": 0.0076828999999999995,
        "p(95)": 0.009082749999999995,
        "p(99)": 0.018390619999999993,
        "p(99.99)": 0.47413497799998716
      },
      "type": "trend"
    },
    "data_received": {
      "type": "counter",
      "contains": "data",
      "values": {
        "count": 1199110,
        "rate": 192647.0661048978
      }
    },
    "http_req_connecting": {
      "type": "trend",
      "contains": "time",
      "values": {
        "avg": 0.00033653499999999995,
        "p(99)": 0,
        "count": 1000,
        "p(99.99)": 0.3029151534999839,
        "min": 0,
        "med": 0,
        "max": 0.336535,
        "p(50)": 0,
        "p(90)": 0,
        "p(95)": 0
      }
    },
    "response_size": {
      "type": "trend",
      "contains": "default",
      "values": {
        "avg": 1130,
        "min": 1130,
        "p(50)": 1130,
        "p(99)": 1130,
        "p(99.99)": 1130,
        "med": 1130,
        "max": 1130,
        "p(90)": 1130,
        "p(95)": 1130,
        "count": 1000
      }
    },
    "vus": {
      "type": "gauge",
      "contains": "default",
      "values": {
        "value": 1,
        "min": 1,
        "max": 1
      }
    },
    "http_req_receiving": {
      "type": "trend",
      "contains": "time",
      "values": {
        "med": 0.094984,
        "p(90)": 0.184388,
        "avg": 0.4691138079999995,
        "min": 0.046129,
        "p(95)": 0.2603146999999996,
        "p(99)": 21.625203409999994,
        "p(99.99)": 40.73772197929969,
        "count": 1000,
        "max": 41.386352,
        "p(50)": 0.094984
      }
    },
    "data_sent": {
      "type": "counter",
      "contains": "data",
      "values": {
        "count": 409000,
        "rate": 65709.27607717658
      }
    }
  }
}