{
  "root_group": {
    "checks": [
      {
        "name": "is status 200",
        "path": "::is status 200",
        "id": "548d37ca5f33793206f7832e7cea54fb",
        "passes": 10000,
        "fails": 0
      }
    ],
    "name": "",
    "path": "",
    "id": "d41d8cd98f00b204e9800998ecf8427e",
    "groups": []
  },
  "options": {
    "summaryTrendStats": [
      "avg",
      "min",
      "med",
      "max",
      "p(50)",
      "p(90)",
      "p(95)",
      "p(99)",
      "p(99.99)",
      "count"
    ],
    "summaryTimeUnit": "ms",
    "noColor": false
  },
  "state": {
    "isStdOutTTY": false,
    "isStdErrTTY": false,
    "testRunDurationMs": 35614.29272
  },
  "metrics": {
    "http_req_waiting": {
      "contains": "time",
      "values": {
        "max": 44.541977,
        "p(50)": 3.102374,
        "p(99.99)": 39.575521695196485,
        "avg": 3.1453380440000207,
        "med": 3.102374,
        "p(95)": 3.991234349999998,
        "p(99)": 5.483538410000001,
        "count": 10000,
        "min": 1.694574,
        "p(90)": 3.6322542
      },
      "type": "trend"
    },
    "vus_max": {
      "values": {
        "value": 1,
        "min": 1,
        "max": 1
      },
      "type": "gauge",
      "contains": "default"
    },
    "response_size": {
      "type": "trend",
      "contains": "default",
      "values": {
        "p(95)": 7528,
        "p(99)": 7528,
        "p(99.99)": 7528,
        "count": 10000,
        "avg": 7528,
        "min": 7528,
        "max": 7528,
        "p(50)": 7528,
        "med": 7528,
        "p(90)": 7528
      }
    },
    "http_req_failed": {
      "type": "rate",
      "contains": "default",
      "values": {
        "rate": 0,
        "passes": 0,
        "fails": 10000
      }
    },
    "response_time": {
      "type": "trend",
      "contains": "default",
      "values": {
        "p(50)": 3.2609685,
        "p(99.99)": 39.75791372209652,
        "avg": 3.304361868699996,
        "max": 44.684642,
        "p(90)": 3.8146714,
        "p(95)": 4.175496899999999,
        "p(99)": 5.685783890000001,
        "count": 10000,
        "min": 1.835807,
        "med": 3.2609685
      }
    },
    "http_req_sending": {
      "values": {
        "min": 0.007726,
        "p(90)": 0.0270485,
        "p(95)": 0.029483049999999997,
        "p(99.99)": 0.27552569999991017,
        "avg": 0.02303689810000008,
        "med": 0.0227495,
        "max": 0.402513,
        "p(50)": 0.0227495,
        "p(99)": 0.049140080000000044,
        "count": 10000
      },
      "type": "trend",
      "contains": "time"
    },
    "http_req_connecting": {
      "type": "trend",
      "contains": "time",
      "values": {
        "med": 0,
        "max": 0.167916,
        "p(50)": 0,
        "p(90)": 0,
        "p(95)": 0,
        "avg": 0.0000167916,
        "min": 0,
        "p(99)": 0,
        "p(99.99)": 0.00001679159988124593,
        "count": 10000
      }
    },
    "checks": {
      "type": "rate",
      "contains": "default",
      "values": {
        "rate": 1,
        "passes": 10000,
        "fails": 0
      }
    },
    "iterations": {
      "type": "counter",
      "contains": "default",
      "values": {
        "count": 10000,
        "rate": 280.786146130154
      }
    },
    "http_req_tls_handshaking": {
      "type": "trend",
      "contains": "time",
      "values": {
        "avg": 0,
        "med": 0,
        "p(90)": 0,
        "p(95)": 0,
        "p(99)": 0,
        "p(99.99)": 0,
        "min": 0,
        "max": 0,
        "p(50)": 0,
        "count": 10000
      }
    },
    "data_sent": {
      "type": "counter",
      "contains": "data",
      "values": {
        "count": 4030000,
        "rate": 113156.81689045206
      }
    },
    "http_req_blocked": {
      "contains": "time",
      "values": {
        "med": 0.005408,
        "max": 0.38178,
        "p(90)": 0.0068051000000000006,
        "p(95)": 0.007855249999999996,
        "count": 10000,
        "avg": 0.0057710885000000055,
        "min": 0.001728,
        "p(99.99)": 0.285615617399932,
        "p(50)": 0.005408,
        "p(99)": 0.01660004
      },
      "type": "trend"
    },
    "reponse_size_body": {
      "type": "trend",
      "contains": "default",
      "values": {
        "med": 7147,
        "max": 7147,
        "p(95)": 7147,
        "p(99.99)": 7147,
        "min": 7147,
        "p(50)": 7147,
        "p(90)": 7147,
        "p(99)": 7147,
        "count": 10000,
        "avg": 7147
      }
    },
    "http_req_receiving": {
      "type": "trend",
      "contains": "time",
      "values": {
        "max": 11.055746,
        "p(50)": 0.1182745,
        "p(99)": 0.3775141200000001,
        "count": 10000,
        "p(95)": 0.24402254999999998,
        "p(99.99)": 8.55503409619823,
        "avg": 0.1359869265999995,
        "min": 0.048518,
        "med": 0.1182745,
        "p(90)": 0.19061720000000001
      }
    },
    "iteration_duration": {
      "type": "trend",
      "contains": "time",
      "values": {
        "avg": 3.5411223945000025,
        "min": 1.988859,
        "med": 3.500022,
        "p(90)": 4.0843222,
        "p(95)": 4.454560649999998,
        "p(99.99)": 40.04568415129651,
        "max": 44.976704,
        "p(50)": 3.500022,
        "p(99)": 5.9361692999999995,
        "count": 10000
      }
    },
    "vus": {
      "contains": "default",
      "values": {
        "value": 1,
        "min": 1,
        "max": 1
      },
      "type": "gauge"
    },
    "http_req_duration{expected_response:true}": {
      "type": "trend",
      "contains": "time",
      "values": {
        "avg": 3.304361868699996,
        "max": 44.684642,
        "p(50)": 3.2609685,
        "p(90)": 3.8146714,
        "p(95)": 4.175496899999999,
        "p(99)": 5.685783890000001,
        "count": 10000,
        "min": 1.835807,
        "med": 3.2609685,
        "p(99.99)": 39.75791372209652
      }
    },
    "http_reqs": {
      "contains": "default",
      "values": {
        "count": 10000,
        "rate": 280.786146130154
      },
      "type": "counter"
    },
    "data_received": {
      "type": "counter",
      "contains": "data",
      "values": {
        "count": 76022130,
        "rate": 2134596.0903305565
      }
    },
    "http_req_duration": {
      "values": {
        "avg": 3.304361868699996,
        "med": 3.2609685,
        "p(50)": 3.2609685,
        "p(90)": 3.8146714,
        "p(99.99)": 39.75791372209652,
        "count": 10000,
        "min": 1.835807,
        "max": 44.684642,
        "p(95)": 4.175496899999999,
        "p(99)": 5.685783890000001
      },
      "type": "trend",
      "contains": "time"
    }
  }
}