{
  "options": {
    "noColor": false,
    "summaryTrendStats": [
      "avg",
      "min",
      "med",
      "max",
      "p(50)",
      "p(90)",
      "p(95)",
      "p(99)",
      "p(99.99)",
      "count"
    ],
    "summaryTimeUnit": "ms"
  },
  "state": {
    "isStdOutTTY": false,
    "isStdErrTTY": false,
    "testRunDurationMs": 20114.521633
  },
  "metrics": {
    "iteration_duration": {
      "type": "trend",
      "contains": "time",
      "values": {
        "avg": 20.096651070999997,
        "p(50)": 17.634337000000002,
        "p(90)": 28.587609,
        "p(99)": 35.27635838,
        "min": 14.302709,
        "med": 17.634337000000002,
        "max": 57.401061,
        "p(95)": 30.6524474,
        "p(99.99)": 56.90031274949976,
        "count": 1000
      }
    },
    "vus_max": {
      "type": "gauge",
      "contains": "default",
      "values": {
        "value": 1,
        "min": 1,
        "max": 1
      }
    },
    "http_req_sending": {
      "type": "trend",
      "contains": "time",
      "values": {
        "p(90)": 0.0272354,
        "p(95)": 0.033346799999999975,
        "count": 1000,
        "avg": 0.023067766000000003,
        "med": 0.020021999999999998,
        "p(50)": 0.020021999999999998,
        "p(99.99)": 0.3037096390999987,
        "min": 0.012641,
        "max": 0.306446,
        "p(99)": 0.07832949999999993
      }
    },
    "http_req_blocked": {
      "type": "trend",
      "contains": "time",
      "values": {
        "p(90)": 0.005276800000000001,
        "p(95)": 0.006428799999999999,
        "p(99)": 0.012809209999999996,
        "count": 1000,
        "avg": 0.004912200999999992,
        "min": 0.002475,
        "med": 0.0041364999999999996,
        "max": 0.380797,
        "p(50)": 0.0041364999999999996,
        "p(99.99)": 0.35790301689998905
      }
    },
    "reponse_size": {
      "type": "trend",
      "contains": "default",
      "values": {
        "p(95)": 97,
        "count": 1000,
        "avg": 97,
        "min": 97,
        "med": 97,
        "max": 97,
        "p(90)": 97,
        "p(50)": 97,
        "p(99)": 97,
        "p(99.99)": 97
      }
    },
    "http_req_duration": {
      "type": "trend",
      "contains": "time",
      "values": {
        "med": 17.146148,
        "max": 56.621063,
        "p(50)": 17.146148,
        "p(90)": 28.1798717,
        "p(95)": 30.200174899999997,
        "p(99)": 34.75273918,
        "p(99.99)": 56.14959294199977,
        "avg": 19.62134923799999,
        "min": 13.886458,
        "count": 1000
      }
    },
    "http_req_connecting": {
      "type": "trend",
      "contains": "time",
      "values": {
        "p(50)": 0,
        "p(95)": 0,
        "p(99.99)": 0.263559181099986,
        "p(99)": 0,
        "count": 1000,
        "avg": 0.00029281099999999997,
        "min": 0,
        "med": 0,
        "max": 0.292811,
        "p(90)": 0
      }
    },
    "data_received": {
      "type": "counter",
      "contains": "data",
      "values": {
        "count": 683390,
        "rate": 33974.95662431397
      }
    },
    "iterations": {
      "type": "counter",
      "contains": "default",
      "values": {
        "count": 1000,
        "rate": 49.71532598415835
      }
    },
    "http_req_duration{expected_response:true}": {
      "type": "trend",
      "contains": "time",
      "values": {
        "avg": 19.62134923799999,
        "med": 17.146148,
        "max": 56.621063,
        "p(50)": 17.146148,
        "p(95)": 30.200174899999997,
        "p(99)": 34.75273918,
        "p(99.99)": 56.14959294199977,
        "min": 13.886458,
        "p(90)": 28.1798717,
        "count": 1000
      }
    },
    "http_reqs": {
      "type": "counter",
      "contains": "default",
      "values": {
        "count": 1000,
        "rate": 49.71532598415835
      }
    },
    "data_sent": {
      "type": "counter",
      "contains": "data",
      "values": {
        "count": 475000,
        "rate": 23614.779842475215
      }
    },
    "http_req_failed": {
      "values": {
        "rate": 0,
        "passes": 0,
        "fails": 1000
      },
      "type": "rate",
      "contains": "default"
    },
    "http_req_waiting": {
      "type": "trend",
      "contains": "time",
      "values": {
        "min": 13.807231,
        "med": 17.010631500000002,
        "p(90)": 28.0673992,
        "p(99)": 34.58669975,
        "p(99.99)": 56.04247427469977,
        "avg": 19.496149724000006,
        "max": 56.512978,
        "p(50)": 17.010631500000002,
        "p(95)": 30.063018699999997,
        "count": 1000
      }
    },
    "checks": {
      "type": "rate",
      "contains": "default",
      "values": {
        "rate": 1,
        "passes": 1000,
        "fails": 0
      }
    },
    "http_req_tls_handshaking": {
      "type": "trend",
      "contains": "time",
      "values": {
        "p(50)": 0,
        "p(99.99)": 0,
        "min": 0,
        "max": 0,
        "p(90)": 0,
        "p(95)": 0,
        "p(99)": 0,
        "count": 1000,
        "avg": 0,
        "med": 0
      }
    },
    "http_req_receiving": {
      "values": {
        "p(50)": 0.0802525,
        "p(90)": 0.11802820000000001,
        "p(99)": 0.4607670599999998,
        "avg": 0.10213174800000001,
        "min": 0.047448,
        "med": 0.0802525,
        "max": 2.985799,
        "p(95)": 0.24589724999999985,
        "p(99.99)": 2.920747716399969,
        "count": 1000
      },
      "type": "trend",
      "contains": "time"
    },
    "vus": {
      "type": "gauge",
      "contains": "default",
      "values": {
        "value": 1,
        "min": 1,
        "max": 1
      }
    },
    "response_time": {
      "contains": "default",
      "values": {
        "p(90)": 28.1798717,
        "p(99.99)": 56.14959294199977,
        "avg": 19.62134923799999,
        "min": 13.886458,
        "p(50)": 17.146148,
        "p(95)": 30.200174899999997,
        "p(99)": 34.75273918,
        "count": 1000,
        "med": 17.146148,
        "max": 56.621063
      },
      "type": "trend"
    }
  },
  "root_group": {
    "checks": [
      {
        "id": "6210a8cd14cd70477eba5c5e4cb3fb5f",
        "passes": 1000,
        "fails": 0,
        "name": "status is 200",
        "path": "::status is 200"
      }
    ],
    "name": "",
    "path": "",
    "id": "d41d8cd98f00b204e9800998ecf8427e",
    "groups": []
  }
}