{
  "root_group": {
    "path": "",
    "id": "d41d8cd98f00b204e9800998ecf8427e",
    "groups": [],
    "checks": [
        {
          "name": "status is 200",
          "path": "::status is 200",
          "id": "6210a8cd14cd70477eba5c5e4cb3fb5f",
          "passes": 1000,
          "fails": 0
        }
      ],
    "name": ""
  },
  "options": {
    "summaryTrendStats": [
      "avg",
      "min",
      "med",
      "max",
      "p(50)",
      "p(90)",
      "p(95)",
      "p(99)",
      "p(99.99)",
      "count"
    ],
    "summaryTimeUnit": "ms",
    "noColor": false
  },
  "state": {
    "isStdOutTTY": false,
    "isStdErrTTY": false,
    "testRunDurationMs": 11487.661422
  },
  "metrics": {
    "http_req_duration": {
      "type": "trend",
      "contains": "time",
      "values": {
        "min": 8.298806,
        "med": 10.326247,
        "p(99)": 19.323437419999998,
        "p(90)": 12.882271900000001,
        "p(95)": 15.162364549999996,
        "p(99.99)": 147.77308086519406,
        "count": 1000,
        "avg": 10.956747638000001,
        "max": 160.2067,
        "p(50)": 10.326247
      }
    },
    "checks": {
      "type": "rate",
      "contains": "default",
      "values": {
        "rate": 1,
        "passes": 1000,
        "fails": 0
      }
    },
    "http_req_sending": {
      "contains": "time",
      "values": {
        "min": 0.013046,
        "med": 0.022448500000000003,
        "p(90)": 0.0353807,
        "p(95)": 0.04197064999999999,
        "p(99.99)": 0.2589876418999969,
        "avg": 0.02633766100000002,
        "max": 0.265523,
        "p(50)": 0.022448500000000003,
        "p(99)": 0.08655867999999999,
        "count": 1000
      },
      "type": "trend"
    },
    "http_req_waiting": {
      "values": {
        "med": 10.176028,
        "max": 160.079649,
        "p(90)": 12.770294300000003,
        "p(99)": 19.06970782,
        "count": 1000,
        "avg": 10.805105770999996,
        "min": 8.128398,
        "p(50)": 10.176028,
        "p(95)": 14.784297549999987,
        "p(99.99)": 147.64540169399405
      },
      "type": "trend",
      "contains": "time"
    },
    "data_sent": {
      "type": "counter",
      "contains": "data",
      "values": {
        "count": 475000,
        "rate": 41348.71167863011
      }
    },
    "http_req_blocked": {
      "contains": "time",
      "values": {
        "p(90)": 0.007452900000000001,
        "p(95)": 0.00955435,
        "p(99)": 0.01410145,
        "p(99.99)": 0.3822622182999816,
        "min": 0.002606,
        "med": 0.0046605,
        "p(50)": 0.0046605,
        "avg": 0.0057013719999999945,
        "max": 0.420742,
        "count": 1000
      },
      "type": "trend"
    },
    "http_req_tls_handshaking": {
      "type": "trend",
      "contains": "time",
      "values": {
        "p(99.99)": 0,
        "count": 1000,
        "avg": 0,
        "med": 0,
        "max": 0,
        "p(95)": 0,
        "p(99)": 0,
        "min": 0,
        "p(50)": 0,
        "p(90)": 0
      }
    },
    "http_req_receiving": {
      "values": {
        "p(95)": 0.36057069999999974,
        "avg": 0.12530420600000008,
        "min": 0.050279,
        "max": 7.017468,
        "p(50)": 0.08755099999999999,
        "count": 1000,
        "med": 0.08755099999999999,
        "p(90)": 0.19032840000000015,
        "p(99)": 0.58127732,
        "p(99.99)": 6.416112057899712
      },
      "type": "trend",
      "contains": "time"
    },
    "http_req_connecting": {
      "type": "trend",
      "contains": "time",
      "values": {
        "p(99)": 0,
        "min": 0,
        "med": 0,
        "max": 0.155369,
        "p(50)": 0,
        "p(95)": 0,
        "avg": 0.000155369,
        "p(90)": 0,
        "p(99.99)": 0.13984763689999258,
        "count": 1000
      }
    },
    "http_req_duration{expected_response:true}": {
      "type": "trend",
      "contains": "time",
      "values": {
        "avg": 10.956747638000001,
        "p(99)": 19.323437419999998,
        "p(99.99)": 147.77308086519406,
        "p(50)": 10.326247,
        "p(90)": 12.882271900000001,
        "p(95)": 15.162364549999996,
        "count": 1000,
        "min": 8.298806,
        "med": 10.326247,
        "max": 160.2067
      }
    },
    "response_time": {
      "type": "trend",
      "contains": "default",
      "values": {
        "p(99.99)": 147.77308086519406,
        "count": 1000,
        "avg": 10.956747638000001,
        "min": 8.298806,
        "p(50)": 10.326247,
        "p(90)": 12.882271900000001,
        "p(95)": 15.162364549999996,
        "med": 10.326247,
        "max": 160.2067,
        "p(99)": 19.323437419999998
      }
    },
    "iterations": {
      "type": "counter",
      "contains": "default",
      "values": {
        "count": 1000,
        "rate": 87.04991932343181
      }
    },
    "vus_max": {
      "type": "gauge",
      "contains": "default",
      "values": {
        "value": 1,
        "min": 1,
        "max": 1
      }
    },
    "iteration_duration": {
      "type": "trend",
      "contains": "time",
      "values": {
        "avg": 11.468139195000013,
        "min": 8.718369,
        "max": 160.852104,
        "p(50)": 10.8092945,
        "p(99)": 19.86608028,
        "p(99.99)": 148.40951054849404,
        "med": 10.8092945,
        "p(90)": 13.4749844,
        "p(95)": 15.664989899999982,
        "count": 1000
      }
    },
    "http_reqs": {
      "type": "counter",
      "contains": "default",
      "values": {
        "count": 1000,
        "rate": 87.04991932343181
      }
    },
    "reponse_size": {
      "values": {
        "med": 97,
        "p(90)": 97,
        "p(99)": 97,
        "p(99.99)": 97,
        "avg": 97,
        "min": 97,
        "max": 97,
        "p(50)": 97,
        "p(95)": 97,
        "count": 1000
      },
      "type": "trend",
      "contains": "default"
    },
    "vus": {
      "type": "gauge",
      "contains": "default",
      "values": {
        "value": 1,
        "min": 1,
        "max": 1
      }
    },
    "http_req_failed": {
      "type": "rate",
      "contains": "default",
      "values": {
        "passes": 0,
        "fails": 1000,
        "rate": 0
      }
    },
    "data_received": {
      "type": "counter",
      "contains": "data",
      "values": {
        "count": 683510,
        "rate": 59499.49035675888
      }
    }
  }
}