{
  "options": {
    "summaryTrendStats": [
      "avg",
      "min",
      "med",
      "max",
      "p(50)",
      "p(90)",
      "p(95)",
      "p(99)",
      "p(99.99)",
      "count"
    ],
    "summaryTimeUnit": "ms",
    "noColor": false
  },
  "state": {
    "isStdOutTTY": false,
    "isStdErrTTY": false,
    "testRunDurationMs": 3437.836938
  },
  "metrics": {
    "data_sent": {
      "contains": "data",
      "values": {
        "count": 409000,
        "rate": 118970.15692604093
      },
      "type": "counter"
    },
    "http_req_sending": {
      "type": "trend",
      "contains": "time",
      "values": {
        "max": 0.145156,
        "p(90)": 0.0264982,
        "p(95)": 0.0292715,
        "p(99.99)": 0.1434984591999992,
        "avg": 0.02251402800000004,
        "min": 0.009193,
        "med": 0.0223455,
        "p(50)": 0.0223455,
        "p(99)": 0.04428617999999997,
        "count": 1000
      }
    },
    "vus_max": {
      "type": "gauge",
      "contains": "default",
      "values": {
        "max": 1,
        "value": 1,
        "min": 1
      }
    },
    "data_received": {
      "values": {
        "count": 1199104,
        "rate": 348796.0661384924
      },
      "type": "counter",
      "contains": "data"
    },
    "checks": {
      "contains": "default",
      "values": {
        "rate": 1,
        "passes": 1000,
        "fails": 0
      },
      "type": "rate"
    },
    "vus": {
      "values": {
        "value": 1,
        "min": 1,
        "max": 1
      },
      "type": "gauge",
      "contains": "default"
    },
    "http_req_failed": {
      "type": "rate",
      "contains": "default",
      "values": {
        "rate": 0,
        "passes": 0,
        "fails": 1000
      }
    },
    "http_req_duration": {
      "values": {
        "max": 33.147085,
        "p(50)": 3.058526,
        "p(90)": 3.6153049,
        "min": 1.863634,
        "med": 3.058526,
        "p(95)": 3.9416795499999995,
        "p(99)": 5.166217379999998,
        "p(99.99)": 33.13748131329999,
        "count": 1000,
        "avg": 3.173129437000003
      },
      "type": "trend",
      "contains": "time"
    },
    "http_req_receiving": {
      "contains": "time",
      "values": {
        "min": 0.045025,
        "max": 18.856698,
        "p(50)": 0.0886575,
        "p(90)": 0.15319790000000003,
        "p(99.99)": 17.094580381499156,
        "count": 1000,
        "avg": 0.12259270399999993,
        "p(95)": 0.20852014999999996,
        "p(99)": 0.31632936999999983,
        "med": 0.0886575
      },
      "type": "trend"
    },
    "response_size": {
      "type": "trend",
      "contains": "default",
      "values": {
        "min": 1130,
        "max": 1130,
        "p(99.99)": 1130,
        "count": 1000,
        "avg": 1130,
        "med": 1130,
        "p(50)": 1130,
        "p(90)": 1130,
        "p(95)": 1130,
        "p(99)": 1130
      }
    },
    "http_reqs": {
      "type": "counter",
      "contains": "default",
      "values": {
        "count": 1000,
        "rate": 290.88057928127364
      }
    },
    "iterations": {
      "type": "counter",
      "contains": "default",
      "values": {
        "count": 1000,
        "rate": 290.88057928127364
      }
    },
    "http_req_duration{expected_response:true}": {
      "contains": "time",
      "values": {
        "p(90)": 3.6153049,
        "p(99)": 5.166217379999998,
        "p(99.99)": 33.13748131329999,
        "count": 1000,
        "min": 1.863634,
        "max": 33.147085,
        "p(50)": 3.058526,
        "avg": 3.173129437000003,
        "med": 3.058526,
        "p(95)": 3.9416795499999995
      },
      "type": "trend"
    },
    "http_req_waiting": {
      "type": "trend",
      "contains": "time",
      "values": {
        "min": 1.798027,
        "med": 2.9288865,
        "max": 33.007453,
        "count": 1000,
        "avg": 3.028022704999997,
        "p(90)": 3.4735615,
        "p(95)": 3.7897741,
        "p(99)": 4.912943959999999,
        "p(99.99)": 32.99939366739999,
        "p(50)": 2.9288865
      }
    },
    "response_time": {
      "type": "trend",
      "contains": "default",
      "values": {
        "avg": 3.173129437000003,
        "min": 1.863634,
        "max": 33.147085,
        "p(95)": 3.9416795499999995,
        "p(99)": 5.166217379999998,
        "med": 3.058526,
        "p(50)": 3.058526,
        "p(90)": 3.6153049,
        "p(99.99)": 33.13748131329999,
        "count": 1000
      }
    },
    "reponse_size_body": {
      "type": "trend",
      "contains": "default",
      "values": {
        "min": 609,
        "med": 609,
        "max": 609,
        "p(50)": 609,
        "p(90)": 609,
        "p(95)": 609,
        "p(99.99)": 609,
        "avg": 609,
        "p(99)": 609,
        "count": 1000
      }
    },
    "iteration_duration": {
      "type": "trend",
      "contains": "time",
      "values": {
        "p(95)": 4.21178775,
        "p(99)": 5.363214099999997,
        "p(99.99)": 33.444581294699994,
        "count": 1000,
        "max": 33.459561,
        "p(50)": 3.3124075,
        "med": 3.3124075,
        "p(90)": 3.8957845,
        "avg": 3.417615354999998,
        "min": 2.029035
      }
    },
    "http_req_blocked": {
      "type": "trend",
      "contains": "time",
      "values": {
        "avg": 0.006095790000000003,
        "med": 0.0053775,
        "p(99)": 0.01916481,
        "p(99.99)": 0.3413986050999853,
        "count": 1000,
        "min": 0.002474,
        "max": 0.372073,
        "p(50)": 0.0053775,
        "p(90)": 0.006705000000000001,
        "p(95)": 0.008146399999999996
      }
    },
    "http_req_connecting": {
      "type": "trend",
      "contains": "time",
      "values": {
        "avg": 0.000259716,
        "p(50)": 0,
        "p(99)": 0,
        "p(99.99)": 0.23377037159998756,
        "count": 1000,
        "min": 0,
        "med": 0,
        "max": 0.259716,
        "p(90)": 0,
        "p(95)": 0
      }
    },
    "http_req_tls_handshaking": {
      "type": "trend",
      "contains": "time",
      "values": {
        "avg": 0,
        "min": 0,
        "med": 0,
        "p(99.99)": 0,
        "max": 0,
        "p(50)": 0,
        "p(90)": 0,
        "p(95)": 0,
        "p(99)": 0,
        "count": 1000
      }
    }
  },
  "root_group": {
    "name": "",
    "path": "",
    "id": "d41d8cd98f00b204e9800998ecf8427e",
    "groups": [],
    "checks": [
        {
          "name": "is status 200",
          "path": "::is status 200",
          "id": "548d37ca5f33793206f7832e7cea54fb",
          "passes": 1000,
          "fails": 0
        }
      ]
  }
}