{
  "root_group": {
    "name": "",
    "path": "",
    "id": "d41d8cd98f00b204e9800998ecf8427e",
    "groups": [],
    "checks": [
        {
          "name": "is status 200",
          "path": "::is status 200",
          "id": "548d37ca5f33793206f7832e7cea54fb",
          "passes": 1000,
          "fails": 0
        }
      ]
  },
  "options": {
    "summaryTimeUnit": "ms",
    "noColor": false,
    "summaryTrendStats": [
      "avg",
      "min",
      "med",
      "max",
      "p(50)",
      "p(90)",
      "p(95)",
      "p(99)",
      "p(99.99)",
      "count"
    ]
  },
  "state": {
    "isStdOutTTY": false,
    "isStdErrTTY": false,
    "testRunDurationMs": 2763.419217
  },
  "metrics": {
    "http_req_sending": {
      "type": "trend",
      "contains": "time",
      "values": {
        "avg": 0.021234206,
        "p(50)": 0.020377,
        "p(95)": 0.02803884999999999,
        "p(99)": 0.03780457999999999,
        "p(99.99)": 0.3168525574999904,
        "min": 0.008173,
        "med": 0.020377,
        "max": 0.33689,
        "p(90)": 0.0259921,
        "count": 1000
      }
    },
    "http_req_waiting": {
      "values": {
        "count": 1000,
        "avg": 2.4025514560000016,
        "med": 2.311382,
        "max": 11.269264,
        "p(90)": 2.8927239,
        "p(99.99)": 10.68400864119972,
        "min": 1.520103,
        "p(50)": 2.311382,
        "p(95)": 3.048899,
        "p(99)": 3.9809553199999996
      },
      "type": "trend",
      "contains": "time"
    },
    "vus": {
      "type": "gauge",
      "contains": "default",
      "values": {
        "value": 1,
        "min": 1,
        "max": 1
      }
    },
    "response_size": {
      "type": "trend",
      "contains": "default",
      "values": {
        "min": 565,
        "p(50)": 565,
        "p(95)": 565,
        "p(99)": 565,
        "count": 1000,
        "avg": 565,
        "max": 565,
        "p(90)": 565,
        "p(99.99)": 565,
        "med": 565
      }
    },
    "checks": {
      "type": "rate",
      "contains": "default",
      "values": {
        "rate": 1,
        "passes": 1000,
        "fails": 0
      }
    },
    "http_req_duration": {
      "type": "trend",
      "contains": "time",
      "values": {
        "max": 11.535566,
        "p(50)": 2.424037,
        "p(99)": 4.0929297899999995,
        "p(99.99)": 10.935122444599711,
        "avg": 2.520161672999994,
        "min": 1.620755,
        "med": 2.424037,
        "p(90)": 3.0289262,
        "p(95)": 3.18263355,
        "count": 1000
      }
    },
    "iterations": {
      "type": "counter",
      "contains": "default",
      "values": {
        "count": 1000,
        "rate": 361.87053844317245
      }
    },
    "http_req_duration{expected_response:true}": {
      "contains": "time",
      "values": {
        "avg": 2.520161672999994,
        "min": 1.620755,
        "med": 2.424037,
        "p(95)": 3.18263355,
        "p(99)": 4.0929297899999995,
        "count": 1000,
        "max": 11.535566,
        "p(50)": 2.424037,
        "p(90)": 3.0289262,
        "p(99.99)": 10.935122444599711
      },
      "type": "trend"
    },
    "vus_max": {
      "type": "gauge",
      "contains": "default",
      "values": {
        "value": 1,
        "min": 1,
        "max": 1
      }
    },
    "http_req_receiving": {
      "type": "trend",
      "contains": "time",
      "values": {
        "med": 0.084568,
        "max": 0.455022,
        "p(99.99)": 0.4506617645999979,
        "avg": 0.09637601099999993,
        "min": 0.035752,
        "p(50)": 0.084568,
        "p(90)": 0.1434545,
        "p(95)": 0.18747579999999991,
        "p(99)": 0.2719600299999999,
        "count": 1000
      }
    },
    "response_time": {
      "type": "trend",
      "contains": "default",
      "values": {
        "p(99.99)": 10.935122444599711,
        "count": 1000,
        "avg": 2.520161672999994,
        "med": 2.424037,
        "max": 11.535566,
        "p(50)": 2.424037,
        "p(90)": 3.0289262,
        "p(99)": 4.0929297899999995,
        "min": 1.620755,
        "p(95)": 3.18263355
      }
    },
    "reponse_size_body": {
      "contains": "default",
      "values": {
        "p(50)": 46,
        "p(90)": 46,
        "p(95)": 46,
        "count": 1000,
        "avg": 46,
        "min": 46,
        "med": 46,
        "max": 46,
        "p(99)": 46,
        "p(99.99)": 46
      },
      "type": "trend"
    },
    "http_req_blocked": {
      "values": {
        "min": 0.002136,
        "med": 0.004968,
        "max": 0.343592,
        "p(99)": 0.019358069999999977,
        "p(99.99)": 0.3174847333999875,
        "count": 1000,
        "avg": 0.005861090999999996,
        "p(50)": 0.004968,
        "p(90)": 0.006876900000000001,
        "p(95)": 0.008543599999999998
      },
      "type": "trend",
      "contains": "time"
    },
    "http_req_tls_handshaking": {
      "values": {
        "avg": 0,
        "min": 0,
        "p(50)": 0,
        "p(90)": 0,
        "p(99.99)": 0,
        "count": 1000,
        "med": 0,
        "max": 0,
        "p(95)": 0,
        "p(99)": 0
      },
      "type": "trend",
      "contains": "time"
    },
    "data_received": {
      "type": "counter",
      "contains": "data",
      "values": {
        "count": 633041,
        "rate": 229078.88752660432
      }
    },
    "iteration_duration": {
      "type": "trend",
      "contains": "time",
      "values": {
        "p(50)": 2.6471355,
        "p(90)": 3.2811686,
        "p(99)": 4.337577270000001,
        "p(99.99)": 11.827620884699677,
        "avg": 2.744753263,
        "min": 1.789976,
        "med": 2.6471355,
        "max": 12.50253,
        "p(95)": 3.45884035,
        "count": 1000
      }
    },
    "http_req_connecting": {
      "type": "trend",
      "contains": "time",
      "values": {
        "p(90)": 0,
        "p(99.99)": 0.2236892515999881,
        "count": 1000,
        "avg": 0.000248516,
        "med": 0,
        "max": 0.248516,
        "p(50)": 0,
        "min": 0,
        "p(95)": 0,
        "p(99)": 0
      }
    },
    "http_req_failed": {
      "type": "rate",
      "contains": "default",
      "values": {
        "passes": 0,
        "fails": 1000,
        "rate": 0
      }
    },
    "data_sent": {
      "type": "counter",
      "contains": "data",
      "values": {
        "count": 378000,
        "rate": 136787.06353151918
      }
    },
    "http_reqs": {
      "type": "counter",
      "contains": "default",
      "values": {
        "count": 1000,
        "rate": 361.87053844317245
      }
    }
  }
}