{
  "root_group": {
    "name": "",
    "path": "",
    "id": "d41d8cd98f00b204e9800998ecf8427e",
    "groups": [],
    "checks": [
        {
          "fails": 0,
          "name": "is status 200",
          "path": "::is status 200",
          "id": "548d37ca5f33793206f7832e7cea54fb",
          "passes": 1000
        }
      ]
  },
  "options": {
    "summaryTrendStats": [
      "avg",
      "min",
      "med",
      "max",
      "p(50)",
      "p(90)",
      "p(95)",
      "p(99)",
      "p(99.99)",
      "count"
    ],
    "summaryTimeUnit": "ms",
    "noColor": false
  },
  "state": {
    "isStdOutTTY": false,
    "isStdErrTTY": false,
    "testRunDurationMs": 3842.753424
  },
  "metrics": {
    "http_req_connecting": {
      "type": "trend",
      "contains": "time",
      "values": {
        "avg": 0.000334893,
        "min": 0,
        "med": 0,
        "max": 0.334893,
        "p(90)": 0,
        "p(95)": 0,
        "p(99)": 0,
        "p(99.99)": 0.301437189299984,
        "count": 1000,
        "p(50)": 0
      }
    },
    "http_req_blocked": {
      "type": "trend",
      "contains": "time",
      "values": {
        "count": 1000,
        "avg": 0.006632417999999999,
        "min": 0.002593,
        "max": 0.490438,
        "p(90)": 0.0074907,
        "p(95)": 0.008651599999999999,
        "p(99.99)": 0.4490206587999801,
        "med": 0.0059025,
        "p(50)": 0.0059025,
        "p(99)": 0.01535804999999999
      }
    },
    "response_size": {
      "type": "trend",
      "contains": "default",
      "values": {
        "p(50)": 21370,
        "p(95)": 21370,
        "max": 21370,
        "p(90)": 21370,
        "p(99)": 21370,
        "p(99.99)": 21370,
        "count": 1000,
        "avg": 21370,
        "min": 21370,
        "med": 21370
      }
    },
    "http_req_duration{expected_response:true}": {
      "contains": "time",
      "values": {
        "med": 3.431695,
        "p(95)": 4.25948105,
        "p(99.99)": 26.68687402919943,
        "avg": 3.448921258999997,
        "min": 1.977476,
        "p(90)": 3.9417858000000003,
        "p(99)": 5.642625469999998,
        "count": 1000,
        "max": 27.874914,
        "p(50)": 3.431695
      },
      "type": "trend"
    },
    "http_req_tls_handshaking": {
      "type": "trend",
      "contains": "time",
      "values": {
        "med": 0,
        "p(95)": 0,
        "p(99)": 0,
        "p(99.99)": 0,
        "count": 1000,
        "avg": 0,
        "min": 0,
        "p(90)": 0,
        "max": 0,
        "p(50)": 0
      }
    },
    "vus": {
      "type": "gauge",
      "contains": "default",
      "values": {
        "value": 1,
        "min": 1,
        "max": 1
      }
    },
    "reponse_size_body": {
      "type": "trend",
      "contains": "default",
      "values": {
        "min": 20847,
        "med": 20847,
        "p(90)": 20847,
        "p(99)": 20847,
        "avg": 20847,
        "p(50)": 20847,
        "p(95)": 20847,
        "p(99.99)": 20847,
        "count": 1000,
        "max": 20847
      }
    },
    "iterations": {
      "type": "counter",
      "contains": "default",
      "values": {
        "count": 1000,
        "rate": 260.23007194645334
      }
    },
    "http_req_sending": {
      "type": "trend",
      "contains": "time",
      "values": {
        "avg": 0.025492685999999962,
        "max": 0.361848,
        "p(99)": 0.06244917,
        "p(99.99)": 0.3580525991999982,
        "min": 0.010026,
        "med": 0.023905000000000003,
        "p(50)": 0.023905000000000003,
        "p(90)": 0.0278882,
        "p(95)": 0.031173749999999997,
        "count": 1000
      }
    },
    "checks": {
      "type": "rate",
      "contains": "default",
      "values": {
        "rate": 1,
        "passes": 1000,
        "fails": 0
      }
    },
    "http_reqs": {
      "type": "counter",
      "contains": "default",
      "values": {
        "count": 1000,
        "rate": 260.23007194645334
      }
    },
    "http_req_duration": {
      "type": "trend",
      "contains": "time",
      "values": {
        "min": 1.977476,
        "p(95)": 4.25948105,
        "p(99)": 5.642625469999998,
        "count": 1000,
        "avg": 3.448921258999997,
        "med": 3.431695,
        "max": 27.874914,
        "p(50)": 3.431695,
        "p(90)": 3.9417858000000003,
        "p(99.99)": 26.68687402919943
      }
    },
    "http_req_receiving": {
      "values": {
        "count": 1000,
        "min": 0.059136,
        "med": 0.208016,
        "p(50)": 0.208016,
        "p(90)": 0.3500645,
        "p(95)": 0.39311735,
        "p(99)": 0.48386917999999995,
        "p(99.99)": 1.6720289801999788,
        "avg": 0.22549146299999978,
        "max": 1.716165
      },
      "type": "trend",
      "contains": "time"
    },
    "response_time": {
      "type": "trend",
      "contains": "default",
      "values": {
        "p(99.99)": 26.68687402919943,
        "count": 1000,
        "min": 1.977476,
        "med": 3.431695,
        "p(90)": 3.9417858000000003,
        "p(95)": 4.25948105,
        "p(99)": 5.642625469999998,
        "avg": 3.448921258999997,
        "max": 27.874914,
        "p(50)": 3.431695
      }
    },
    "http_req_waiting": {
      "type": "trend",
      "contains": "time",
      "values": {
        "min": 1.843343,
        "med": 3.1899819999999997,
        "p(50)": 3.1899819999999997,
        "p(90)": 3.6343353,
        "p(95)": 3.98712555,
        "p(99.99)": 26.57580731209943,
        "avg": 3.1979371099999967,
        "max": 27.770024,
        "p(99)": 5.502670789999999,
        "count": 1000
      }
    },
    "http_req_failed": {
      "type": "rate",
      "contains": "default",
      "values": {
        "fails": 1000,
        "rate": 0,
        "passes": 0
      }
    },
    "data_received": {
      "type": "counter",
      "contains": "data",
      "values": {
        "rate": 5585341.975353347,
        "count": 21463092
      }
    },
    "data_sent": {
      "type": "counter",
      "contains": "data",
      "values": {
        "count": 397000,
        "rate": 103311.33856274198
      }
    },
    "iteration_duration": {
      "type": "trend",
      "contains": "time",
      "values": {
        "min": 2.203968,
        "max": 28.159936,
        "p(99)": 5.974158379999997,
        "count": 1000,
        "avg": 3.8201812999999984,
        "med": 3.8102855,
        "p(50)": 3.8102855,
        "p(90)": 4.3626283,
        "p(95)": 4.6770108,
        "p(99.99)": 26.97277504929943
      }
    },
    "vus_max": {
      "contains": "default",
      "values": {
        "value": 1,
        "min": 1,
        "max": 1
      },
      "type": "gauge"
    }
  }
}