{
  "root_group": {
    "checks": [
      {
        "name": "is status 200",
        "path": "::is status 200",
        "id": "548d37ca5f33793206f7832e7cea54fb",
        "passes": 10000,
        "fails": 0
      }
    ],
    "name": "",
    "path": "",
    "id": "d41d8cd98f00b204e9800998ecf8427e",
    "groups": []
  },
  "options": {
    "summaryTrendStats": [
      "avg",
      "min",
      "med",
      "max",
      "p(50)",
      "p(90)",
      "p(95)",
      "p(99)",
      "p(99.99)",
      "count"
    ],
    "summaryTimeUnit": "ms",
    "noColor": false
  },
  "state": {
    "isStdOutTTY": false,
    "isStdErrTTY": false,
    "testRunDurationMs": 187134.795882
  },
  "metrics": {
    "http_reqs": {
      "type": "counter",
      "contains": "default",
      "values": {
        "count": 10000,
        "rate": 53.43741634402196
      }
    },
    "iterations": {
      "type": "counter",
      "contains": "default",
      "values": {
        "count": 10000,
        "rate": 53.43741634402196
      }
    },
    "http_req_tls_handshaking": {
      "values": {
        "avg": 0,
        "med": 0,
        "p(50)": 0,
        "p(90)": 0,
        "p(95)": 0,
        "p(99)": 0,
        "min": 0,
        "max": 0,
        "p(99.99)": 0,
        "count": 10000
      },
      "type": "trend",
      "contains": "time"
    },
    "http_req_failed": {
      "type": "rate",
      "contains": "default",
      "values": {
        "rate": 0,
        "passes": 0,
        "fails": 10000
      }
    },
    "http_req_duration": {
      "values": {
        "p(99.99)": 91.22577079097152,
        "count": 10000,
        "avg": 18.402168808099958,
        "med": 14.5892705,
        "p(90)": 35.0553073,
        "p(95)": 37.4922423,
        "p(99)": 40.963185120000006,
        "min": 11.790059,
        "max": 272.875515,
        "p(50)": 14.5892705
      },
      "type": "trend",
      "contains": "time"
    },
    "http_req_blocked": {
      "type": "trend",
      "contains": "time",
      "values": {
        "count": 10000,
        "avg": 0.0075370164999999855,
        "max": 0.561841,
        "p(99)": 0.16500553000000026,
        "p(99.99)": 0.5021269719999578,
        "p(95)": 0.009367549999999992,
        "min": 0.002149,
        "med": 0.00399,
        "p(50)": 0.00399,
        "p(90)": 0.006068800000000003
      }
    },
    "http_req_connecting": {
      "type": "trend",
      "contains": "time",
      "values": {
        "med": 0,
        "max": 0.401274,
        "p(95)": 0,
        "p(99.99)": 0.38081904569998554,
        "count": 10000,
        "avg": 0.0020966117000000006,
        "p(50)": 0,
        "p(90)": 0,
        "p(99)": 0.0010473600000228617,
        "min": 0
      }
    },
    "http_req_receiving": {
      "type": "trend",
      "contains": "time",
      "values": {
        "med": 0.0739485,
        "max": 22.946113,
        "p(95)": 0.11054694999999998,
        "p(99)": 0.24988234,
        "p(99.99)": 20.86785384669853,
        "count": 10000,
        "avg": 0.11006676339999988,
        "p(50)": 0.0739485,
        "p(90)": 0.09794730000000003,
        "min": 0.042516
      }
    },
    "response_time": {
      "type": "trend",
      "contains": "default",
      "values": {
        "p(99)": 40.963185120000006,
        "p(99.99)": 91.22577079097152,
        "count": 10000,
        "max": 272.875515,
        "p(50)": 14.5892705,
        "p(90)": 35.0553073,
        "p(95)": 37.4922423,
        "avg": 18.402168808099958,
        "min": 11.790059,
        "med": 14.5892705
      }
    },
    "http_req_sending": {
      "type": "trend",
      "contains": "time",
      "values": {
        "p(99.99)": 0.3030495565999112,
        "count": 10000,
        "max": 0.428603,
        "p(50)": 0.0198765,
        "p(90)": 0.0279511,
        "p(95)": 0.033688,
        "p(99)": 0.07688786000000015,
        "avg": 0.02256781320000007,
        "min": 0.01174,
        "med": 0.0198765
      }
    },
    "http_req_waiting": {
      "type": "trend",
      "contains": "time",
      "values": {
        "p(99.99)": 91.12449957927157,
        "avg": 18.269534231500007,
        "min": 11.701154,
        "med": 14.482939,
        "p(50)": 14.482939,
        "count": 10000,
        "max": 272.712133,
        "p(90)": 34.8836432,
        "p(95)": 37.3776932,
        "p(99)": 40.857025580000006
      }
    },
    "vus_max": {
      "values": {
        "value": 1,
        "min": 1,
        "max": 1
      },
      "type": "gauge",
      "contains": "default"
    },
    "vus": {
      "values": {
        "value": 1,
        "min": 1,
        "max": 1
      },
      "type": "gauge",
      "contains": "default"
    },
    "reponse_size": {
      "contains": "default",
      "values": {
        "max": 207,
        "p(95)": 207,
        "p(99.99)": 207,
        "med": 207,
        "min": 203,
        "p(50)": 207,
        "p(90)": 207,
        "p(99)": 207,
        "count": 10000,
        "avg": 206.7849
      },
      "type": "trend"
    },
    "data_sent": {
      "type": "counter",
      "contains": "data",
      "values": {
        "count": 4920000,
        "rate": 26291.208841258805
      }
    },
    "data_received": {
      "type": "counter",
      "contains": "data",
      "values": {
        "count": 6154949,
        "rate": 32890.45722892216
      }
    },
    "iteration_duration": {
      "type": "trend",
      "contains": "time",
      "values": {
        "max": 273.38819,
        "p(50)": 14.876733999999999,
        "p(90)": 35.3530219,
        "p(99)": 41.25695257,
        "p(99.99)": 91.53299633797137,
        "avg": 18.69490670340002,
        "med": 14.876733999999999,
        "count": 10000,
        "min": 12.040081,
        "p(95)": 37.80185115
      }
    },
    "checks": {
      "type": "rate",
      "contains": "default",
      "values": {
        "rate": 1,
        "passes": 10000,
        "fails": 0
      }
    },
    "http_req_duration{expected_response:true}": {
      "contains": "time",
      "values": {
        "med": 14.5892705,
        "max": 272.875515,
        "p(50)": 14.5892705,
        "p(95)": 37.4922423,
        "p(99)": 40.963185120000006,
        "p(99.99)": 91.22577079097152,
        "count": 10000,
        "avg": 18.402168808099958,
        "min": 11.790059,
        "p(90)": 35.0553073
      },
      "type": "trend"
    }
  }
}