{
  "metrics": {
    "iterations": {
      "type": "counter",
      "contains": "default",
      "values": {
        "count": 30000,
        "rate": 145.93590880616216
      }
    },
    "vus_max": {
      "values": {
        "value": 1,
        "min": 1,
        "max": 1
      },
      "type": "gauge",
      "contains": "default"
    },
    "http_req_sending": {
      "type": "trend",
      "contains": "time",
      "values": {
        "avg": 0.03209490856666659,
        "min": 0.010571,
        "med": 0.027739,
        "max": 0.804175,
        "p(90)": 0.0462621,
        "p(95)": 0.06102699999999998,
        "p(99.99)": 0.5936041164999971,
        "count": 30000,
        "p(50)": 0.027739,
        "p(99)": 0.10244111999999998
      }
    },
    "http_req_blocked": {
      "type": "trend",
      "contains": "time",
      "values": {
        "min": 0.002496,
        "p(90)": 0.011504300000000007,
        "p(95)": 0.014744449999999994,
        "p(99)": 0.2272037499999997,
        "p(99.99)": 0.7610960177999743,
        "count": 30000,
        "avg": 0.011958772166666617,
        "med": 0.006994,
        "max": 1.056564,
        "p(50)": 0.006994
      }
    },
    "vus": {
      "values": {
        "value": 1,
        "min": 1,
        "max": 1
      },
      "type": "gauge",
      "contains": "default"
    },
    "http_req_receiving": {
      "type": "trend",
      "contains": "time",
      "values": {
        "count": 30000,
        "min": 0.049171,
        "max": 82.125131,
        "p(50)": 0.1600275,
        "p(90)": 0.2808206000000001,
        "p(95)": 0.34175425,
        "p(99)": 0.7712713499999937,
        "p(99.99)": 68.74430577529672,
        "avg": 0.3259402030666705,
        "med": 0.1600275
      }
    },
    "data_received": {
      "contains": "data",
      "values": {
        "count": 643941300,
        "rate": 3132471.961110717
      },
      "type": "counter"
    },
    "iteration_duration": {
      "type": "trend",
      "contains": "time",
      "values": {
        "min": 1.983908,
        "p(50)": 4.2414045,
        "p(90)": 9.139046400000005,
        "count": 30000,
        "p(99)": 44.44891987999993,
        "p(99.99)": 98.14943573609415,
        "avg": 6.822785376033385,
        "med": 4.2414045,
        "max": 104.450337,
        "p(95)": 29.607706849999996
      }
    },
    "http_req_connecting": {
      "type": "trend",
      "contains": "time",
      "values": {
        "p(90)": 0,
        "p(99.99)": 0.5467685995999849,
        "avg": 0.0026095323333333344,
        "med": 0,
        "max": 0.860616,
        "p(99)": 0.001362119999781964,
        "count": 30000,
        "min": 0,
        "p(50)": 0,
        "p(95)": 0
      }
    },
    "http_req_tls_handshaking": {
      "contains": "time",
      "values": {
        "max": 0,
        "p(50)": 0,
        "p(90)": 0,
        "p(95)": 0,
        "count": 30000,
        "avg": 0,
        "min": 0,
        "p(99.99)": 0,
        "med": 0,
        "p(99)": 0
      },
      "type": "trend"
    },
    "checks": {
      "type": "rate",
      "contains": "default",
      "values": {
        "rate": 1,
        "passes": 30000,
        "fails": 0
      }
    },
    "http_reqs": {
      "contains": "default",
      "values": {
        "count": 30000,
        "rate": 145.93590880616216
      },
      "type": "counter"
    },
    "http_req_duration{expected_response:true}": {
      "type": "trend",
      "contains": "time",
      "values": {
        "min": 1.716036,
        "max": 103.807083,
        "p(99)": 43.75205618999997,
        "p(99.99)": 97.45497450999463,
        "avg": 6.350604327166652,
        "med": 3.7871075,
        "p(50)": 3.7871075,
        "p(90)": 8.510418,
        "p(95)": 28.88459589999999,
        "count": 30000
      }
    },
    "response_time": {
      "values": {
        "p(50)": 3.7871075,
        "p(99)": 43.75205618999997,
        "p(99.99)": 97.45497450999463,
        "count": 30000,
        "avg": 6.350604327166652,
        "med": 3.7871075,
        "max": 103.807083,
        "min": 1.716036,
        "p(90)": 8.510418,
        "p(95)": 28.88459589999999
      },
      "type": "trend",
      "contains": "default"
    },
    "http_req_waiting": {
      "type": "trend",
      "contains": "time",
      "values": {
        "max": 102.765283,
        "p(90)": 7.975850100000006,
        "count": 30000,
        "avg": 5.992569215533376,
        "min": 1.605929,
        "med": 3.579768,
        "p(99.99)": 95.28187334929818,
        "p(50)": 3.579768,
        "p(95)": 26.298750399999978,
        "p(99)": 42.81463084999998
      }
    },
    "data_sent": {
      "contains": "data",
      "values": {
        "rate": 56915.00443440325,
        "count": 11700000
      },
      "type": "counter"
    },
    "http_req_failed": {
      "type": "rate",
      "contains": "default",
      "values": {
        "rate": 0,
        "passes": 0,
        "fails": 30000
      }
    },
    "http_req_duration": {
      "type": "trend",
      "contains": "time",
      "values": {
        "med": 3.7871075,
        "max": 103.807083,
        "p(90)": 8.510418,
        "p(95)": 28.88459589999999,
        "p(99)": 43.75205618999997,
        "min": 1.716036,
        "p(50)": 3.7871075,
        "p(99.99)": 97.45497450999463,
        "count": 30000,
        "avg": 6.350604327166652
      }
    },
    "reponse_size_body": {
      "type": "trend",
      "contains": "default",
      "values": {
        "min": 20900,
        "p(50)": 20900,
        "p(95)": 20900,
        "count": 30000,
        "avg": 20900,
        "med": 20900,
        "max": 20900,
        "p(90)": 20900,
        "p(99)": 20900,
        "p(99.99)": 20900
      }
    },
    "response_size": {
      "type": "trend",
      "contains": "default",
      "values": {
        "med": 21404,
        "max": 21404,
        "p(50)": 21404,
        "p(95)": 21404,
        "p(99)": 21404,
        "p(99.99)": 21404,
        "avg": 21403.48,
        "min": 21352,
        "p(90)": 21404,
        "count": 30000
      }
    }
  },
  "root_group": {
    "groups": [],
    "checks": [
        {
          "fails": 0,
          "name": "is status 200",
          "path": "::is status 200",
          "id": "548d37ca5f33793206f7832e7cea54fb",
          "passes": 30000
        }
      ],
    "name": "",
    "path": "",
    "id": "d41d8cd98f00b204e9800998ecf8427e"
  },
  "options": {
    "summaryTrendStats": [
      "avg",
      "min",
      "med",
      "max",
      "p(50)",
      "p(90)",
      "p(95)",
      "p(99)",
      "p(99.99)",
      "count"
    ],
    "summaryTimeUnit": "ms",
    "noColor": false
  },
  "state": {
    "isStdOutTTY": true,
    "isStdErrTTY": true,
    "testRunDurationMs": 205569.693199
  }
}