{
  "options": {
    "summaryTrendStats": [
      "avg",
      "min",
      "med",
      "max",
      "p(50)",
      "p(90)",
      "p(95)",
      "p(99)",
      "p(99.99)",
      "count"
    ],
    "summaryTimeUnit": "ms",
    "noColor": false
  },
  "state": {
    "isStdOutTTY": false,
    "isStdErrTTY": false,
    "testRunDurationMs": 36886.239926
  },
  "metrics": {
    "iteration_duration": {
      "values": {
        "med": 3.662766,
        "max": 13.670055,
        "p(95)": 4.505352699999997,
        "p(99.99)": 10.613331702897838,
        "avg": 3.6670584313999868,
        "min": 2.189218,
        "p(50)": 3.662766,
        "p(90)": 4.2133028999999995,
        "p(99)": 5.738583790000001,
        "count": 10000
      },
      "type": "trend",
      "contains": "time"
    },
    "iterations": {
      "type": "counter",
      "contains": "default",
      "values": {
        "count": 10000,
        "rate": 271.1038051062315
      }
    },
    "http_reqs": {
      "type": "counter",
      "contains": "default",
      "values": {
        "count": 10000,
        "rate": 271.1038051062315
      }
    },
    "vus_max": {
      "type": "gauge",
      "contains": "default",
      "values": {
        "value": 1,
        "min": 1,
        "max": 1
      }
    },
    "reponse_size_body": {
      "type": "trend",
      "contains": "default",
      "values": {
        "p(99.99)": 20847,
        "count": 10000,
        "min": 20847,
        "max": 20847,
        "p(95)": 20847,
        "p(99)": 20847,
        "avg": 20847,
        "med": 20847,
        "p(50)": 20847,
        "p(90)": 20847
      }
    },
    "http_req_sending": {
      "type": "trend",
      "contains": "time",
      "values": {
        "min": 0.008876,
        "p(90)": 0.0278881,
        "p(99.99)": 0.41902226029999107,
        "count": 10000,
        "avg": 0.024127708899999937,
        "med": 0.023521,
        "max": 0.431624,
        "p(50)": 0.023521,
        "p(95)": 0.03277334999999999,
        "p(99)": 0.05414301
      }
    },
    "data_received": {
      "values": {
        "count": 214631039,
        "rate": 5818729.136680397
      },
      "type": "counter",
      "contains": "data"
    },
    "http_req_duration{expected_response:true}": {
      "type": "trend",
      "contains": "time",
      "values": {
        "min": 1.938101,
        "med": 3.299474,
        "p(50)": 3.299474,
        "p(90)": 3.812007,
        "p(95)": 4.089861,
        "p(99)": 5.380728100000001,
        "count": 10000,
        "avg": 3.307408447399996,
        "max": 12.710572,
        "p(99.99)": 10.116168466298165
      }
    },
    "http_req_tls_handshaking": {
      "type": "trend",
      "contains": "time",
      "values": {
        "min": 0,
        "max": 0,
        "p(99)": 0,
        "p(99.99)": 0,
        "avg": 0,
        "med": 0,
        "p(50)": 0,
        "p(90)": 0,
        "p(95)": 0,
        "count": 10000
      }
    },
    "http_req_waiting": {
      "contains": "time",
      "values": {
        "med": 3.043485,
        "max": 12.359799,
        "p(50)": 3.043485,
        "p(95)": 3.8134291499999997,
        "count": 10000,
        "avg": 3.0547910081000027,
        "min": 1.74962,
        "p(90)": 3.5179848000000002,
        "p(99)": 5.1230478600000025,
        "p(99.99)": 9.556074400498018
      },
      "type": "trend"
    },
    "http_req_receiving": {
      "type": "trend",
      "contains": "time",
      "values": {
        "min": 0.060333,
        "med": 0.21459899999999998,
        "max": 1.738003,
        "p(50)": 0.21459899999999998,
        "p(90)": 0.34687830000000003,
        "p(95)": 0.38477854999999994,
        "p(99.99)": 1.7047463259999764,
        "avg": 0.2284897303999995,
        "p(99)": 0.50209684,
        "count": 10000
      }
    },
    "data_sent": {
      "type": "counter",
      "contains": "data",
      "values": {
        "count": 3970000,
        "rate": 107628.21062717392
      }
    },
    "vus": {
      "type": "gauge",
      "contains": "default",
      "values": {
        "max": 1,
        "value": 1,
        "min": 1
      }
    },
    "response_time": {
      "type": "trend",
      "contains": "default",
      "values": {
        "avg": 3.307408447399996,
        "min": 1.938101,
        "max": 12.710572,
        "p(95)": 4.089861,
        "p(99)": 5.380728100000001,
        "med": 3.299474,
        "p(50)": 3.299474,
        "p(90)": 3.812007,
        "p(99.99)": 10.116168466298165,
        "count": 10000
      }
    },
    "http_req_failed": {
      "contains": "default",
      "values": {
        "rate": 0,
        "passes": 0,
        "fails": 10000
      },
      "type": "rate"
    },
    "http_req_duration": {
      "type": "trend",
      "contains": "time",
      "values": {
        "p(90)": 3.812007,
        "p(95)": 4.089861,
        "count": 10000,
        "avg": 3.307408447399996,
        "min": 1.938101,
        "max": 12.710572,
        "p(50)": 3.299474,
        "med": 3.299474,
        "p(99)": 5.380728100000001,
        "p(99.99)": 10.116168466298165
      }
    },
    "http_req_connecting": {
      "type": "trend",
      "contains": "time",
      "values": {
        "p(99.99)": 0.000024857599824201314,
        "count": 10000,
        "avg": 0.0000248576,
        "med": 0,
        "max": 0.248576,
        "p(50)": 0,
        "p(99)": 0,
        "min": 0,
        "p(90)": 0,
        "p(95)": 0
      }
    },
    "http_req_blocked": {
      "contains": "time",
      "values": {
        "avg": 0.006084651499999984,
        "max": 0.351781,
        "p(50)": 0.005797500000000001,
        "p(90)": 0.0074041,
        "p(99)": 0.014808490000000011,
        "p(99.99)": 0.18050812899987886,
        "count": 10000,
        "min": 0.002373,
        "med": 0.005797500000000001,
        "p(95)": 0.00835805
      },
      "type": "trend"
    },
    "response_size": {
      "contains": "default",
      "values": {
        "avg": 21370,
        "min": 21370,
        "max": 21370,
        "p(50)": 21370,
        "p(90)": 21370,
        "p(99.99)": 21370,
        "med": 21370,
        "p(95)": 21370,
        "p(99)": 21370,
        "count": 10000
      },
      "type": "trend"
    },
    "checks": {
      "type": "rate",
      "contains": "default",
      "values": {
        "fails": 0,
        "rate": 1,
        "passes": 10000
      }
    }
  },
  "root_group": {
    "name": "",
    "path": "",
    "id": "d41d8cd98f00b204e9800998ecf8427e",
    "groups": [],
    "checks": [
        {
          "name": "is status 200",
          "path": "::is status 200",
          "id": "548d37ca5f33793206f7832e7cea54fb",
          "passes": 10000,
          "fails": 0
        }
      ]
  }
}