{
  "root_group": {
    "name": "",
    "path": "",
    "id": "d41d8cd98f00b204e9800998ecf8427e",
    "groups": [],
    "checks": [
        {
          "passes": 10000,
          "fails": 0,
          "name": "is status 200",
          "path": "::is status 200",
          "id": "548d37ca5f33793206f7832e7cea54fb"
        }
      ]
  },
  "options": {
    "summaryTimeUnit": "ms",
    "noColor": false,
    "summaryTrendStats": [
      "avg",
      "min",
      "med",
      "max",
      "p(50)",
      "p(90)",
      "p(95)",
      "p(99)",
      "p(99.99)",
      "count"
    ]
  },
  "state": {
    "isStdOutTTY": false,
    "isStdErrTTY": false,
    "testRunDurationMs": 31998.070206
  },
  "metrics": {
    "checks": {
      "values": {
        "rate": 1,
        "passes": 10000,
        "fails": 0
      },
      "type": "rate",
      "contains": "default"
    },
    "http_req_tls_handshaking": {
      "contains": "time",
      "values": {
        "p(99.99)": 0,
        "count": 10000,
        "avg": 0,
        "med": 0,
        "p(50)": 0,
        "p(90)": 0,
        "p(95)": 0,
        "p(99)": 0,
        "min": 0,
        "max": 0
      },
      "type": "trend"
    },
    "http_req_receiving": {
      "type": "trend",
      "contains": "time",
      "values": {
        "p(50)": 0.0864545,
        "p(90)": 0.1420305,
        "p(95)": 0.18873699999999985,
        "p(99)": 0.3034955100000002,
        "avg": 0.11943365940000032,
        "min": 0.035579,
        "max": 50.616936,
        "med": 0.0864545,
        "p(99.99)": 48.6376399493986,
        "count": 10000
      }
    },
    "http_req_duration": {
      "type": "trend",
      "contains": "time",
      "values": {
        "med": 2.708336,
        "p(50)": 2.708336,
        "p(90)": 3.4399269,
        "p(95)": 4.0809031499999975,
        "p(99)": 5.582794760000003,
        "avg": 2.9460122584000064,
        "min": 1.456215,
        "max": 54.85344,
        "p(99.99)": 53.45099425859901,
        "count": 10000
      }
    },
    "response_size": {
      "type": "trend",
      "contains": "default",
      "values": {
        "avg": 563,
        "med": 563,
        "max": 563,
        "p(95)": 563,
        "count": 10000,
        "min": 563,
        "p(50)": 563,
        "p(90)": 563,
        "p(99)": 563,
        "p(99.99)": 563
      }
    },
    "vus_max": {
      "type": "gauge",
      "contains": "default",
      "values": {
        "min": 1,
        "max": 1,
        "value": 1
      }
    },
    "iteration_duration": {
      "values": {
        "min": 1.589466,
        "med": 2.939768,
        "p(50)": 2.939768,
        "p(95)": 4.367141149999998,
        "p(99)": 5.93131122,
        "p(99.99)": 53.83701184789907,
        "count": 10000,
        "avg": 3.180315978400014,
        "max": 55.155359,
        "p(90)": 3.7050712000000003
      },
      "type": "trend",
      "contains": "time"
    },
    "data_sent": {
      "type": "counter",
      "contains": "data",
      "values": {
        "count": 3780000,
        "rate": 118132.12408325821
      }
    },
    "http_req_blocked": {
      "type": "trend",
      "contains": "time",
      "values": {
        "avg": 0.005628397800000025,
        "med": 0.005286,
        "max": 0.412034,
        "p(50)": 0.005286,
        "count": 10000,
        "min": 0.001907,
        "p(90)": 0.00705,
        "p(95)": 0.00830705,
        "p(99)": 0.012835650000000035,
        "p(99.99)": 0.13099610659980124
      }
    },
    "http_req_waiting": {
      "type": "trend",
      "contains": "time",
      "values": {
        "p(90)": 3.293685300000001,
        "p(95)": 3.9046659999999997,
        "p(99)": 5.247186880000001,
        "count": 10000,
        "avg": 2.8050449422999955,
        "max": 54.722451,
        "p(50)": 2.590055,
        "min": 1.397069,
        "med": 2.590055,
        "p(99.99)": 53.05272898889882
      }
    },
    "http_req_failed": {
      "type": "rate",
      "contains": "default",
      "values": {
        "rate": 0,
        "passes": 0,
        "fails": 10000
      }
    },
    "response_time": {
      "type": "trend",
      "contains": "default",
      "values": {
        "max": 54.85344,
        "p(50)": 2.708336,
        "p(95)": 4.0809031499999975,
        "count": 10000,
        "min": 1.456215,
        "med": 2.708336,
        "p(90)": 3.4399269,
        "p(99)": 5.582794760000003,
        "p(99.99)": 53.45099425859901,
        "avg": 2.9460122584000064
      }
    },
    "vus": {
      "values": {
        "value": 1,
        "min": 1,
        "max": 1
      },
      "type": "gauge",
      "contains": "default"
    },
    "reponse_size_body": {
      "type": "trend",
      "contains": "default",
      "values": {
        "min": 44,
        "med": 44,
        "max": 44,
        "p(95)": 44,
        "p(99)": 44,
        "count": 10000,
        "avg": 44,
        "p(50)": 44,
        "p(90)": 44,
        "p(99.99)": 44
      }
    },
    "iterations": {
      "type": "counter",
      "contains": "default",
      "values": {
        "count": 10000,
        "rate": 312.5188467811064
      }
    },
    "http_req_connecting": {
      "type": "trend",
      "contains": "time",
      "values": {
        "p(95)": 0,
        "p(99)": 0,
        "p(99.99)": 0.000031209099779282044,
        "p(50)": 0,
        "min": 0,
        "med": 0,
        "max": 0.312091,
        "p(90)": 0,
        "count": 10000,
        "avg": 0.0000312091
      }
    },
    "data_received": {
      "values": {
        "count": 6310948,
        "rate": 197229.019105553
      },
      "type": "counter",
      "contains": "data"
    },
    "http_req_duration{expected_response:true}": {
      "type": "trend",
      "contains": "time",
      "values": {
        "med": 2.708336,
        "p(90)": 3.4399269,
        "p(95)": 4.0809031499999975,
        "p(99)": 5.582794760000003,
        "p(99.99)": 53.45099425859901,
        "avg": 2.9460122584000064,
        "min": 1.456215,
        "max": 54.85344,
        "p(50)": 2.708336,
        "count": 10000
      }
    },
    "http_reqs": {
      "type": "counter",
      "contains": "default",
      "values": {
        "count": 10000,
        "rate": 312.5188467811064
      }
    },
    "http_req_sending": {
      "values": {
        "med": 0.020886,
        "p(50)": 0.020886,
        "count": 10000,
        "avg": 0.021533656700000105,
        "min": 0.007588,
        "max": 0.299941,
        "p(90)": 0.026424200000000002,
        "p(95)": 0.029971049999999968,
        "p(99)": 0.046126160000000006,
        "p(99.99)": 0.2823967545999876
      },
      "type": "trend",
      "contains": "time"
    }
  }
}