{
  "state": {
    "isStdErrTTY": false,
    "testRunDurationMs": 193111.070325,
    "isStdOutTTY": false
  },
  "metrics": {
    "http_req_waiting": {
      "type": "trend",
      "contains": "time",
      "values": {
        "max": 201.147302,
        "p(95)": 31.377591249999995,
        "count": 10000,
        "p(50)": 15.4455885,
        "p(90)": 29.3721678,
        "p(99)": 34.645322390000004,
        "p(99.99)": 96.2359221871258,
        "avg": 18.68465560509998,
        "min": 12.350574,
        "med": 15.4455885
      }
    },
    "http_req_blocked": {
      "type": "trend",
      "contains": "time",
      "values": {
        "p(99.99)": 0.43922593009990857,
        "count": 10000,
        "avg": 0.007013184399999996,
        "min": 0.002293,
        "p(50)": 0.004044,
        "p(90)": 0.005294200000000001,
        "med": 0.004044,
        "max": 0.568514,
        "p(95)": 0.0070552499999999825,
        "p(99)": 0.1705904700000002
      }
    },
    "http_req_tls_handshaking": {
      "type": "trend",
      "contains": "time",
      "values": {
        "min": 0,
        "p(99.99)": 0,
        "count": 10000,
        "p(99)": 0,
        "avg": 0,
        "med": 0,
        "max": 0,
        "p(50)": 0,
        "p(90)": 0,
        "p(95)": 0
      }
    },
    "http_reqs": {
      "type": "counter",
      "contains": "default",
      "values": {
        "count": 10000,
        "rate": 51.78367031558734
      }
    },
    "data_sent": {
      "type": "counter",
      "contains": "data",
      "values": {
        "count": 4760000,
        "rate": 24649.02707021957
      }
    },
    "response_time": {
      "values": {
        "min": 12.435275,
        "max": 201.297968,
        "count": 10000,
        "avg": 18.816556947100008,
        "med": 15.5574535,
        "p(50)": 15.5574535,
        "p(90)": 29.501789300000002,
        "p(95)": 31.507968099999996,
        "p(99)": 34.758274400000005,
        "p(99.99)": 96.32366048052576
      },
      "type": "trend",
      "contains": "default"
    },
    "iterations": {
      "type": "counter",
      "contains": "default",
      "values": {
        "count": 10000,
        "rate": 51.78367031558734
      }
    },
    "http_req_duration{expected_response:true}": {
      "type": "trend",
      "contains": "time",
      "values": {
        "p(50)": 15.5574535,
        "p(90)": 29.501789300000002,
        "p(95)": 31.507968099999996,
        "count": 10000,
        "min": 12.435275,
        "med": 15.5574535,
        "max": 201.297968,
        "avg": 18.816556947100008,
        "p(99)": 34.758274400000005,
        "p(99.99)": 96.32366048052576
      }
    },
    "http_req_duration": {
      "type": "trend",
      "contains": "time",
      "values": {
        "min": 12.435275,
        "med": 15.5574535,
        "p(50)": 15.5574535,
        "p(95)": 31.507968099999996,
        "p(99.99)": 96.32366048052576,
        "avg": 18.816556947100008,
        "max": 201.297968,
        "p(90)": 29.501789300000002,
        "p(99)": 34.758274400000005,
        "count": 10000
      }
    },
    "http_req_connecting": {
      "type": "trend",
      "contains": "time",
      "values": {
        "p(99)": 0.000957260000020895,
        "p(99.99)": 0.32984518829999865,
        "count": 10000,
        "p(50)": 0,
        "min": 0,
        "med": 0,
        "max": 0.331728,
        "p(90)": 0,
        "p(95)": 0,
        "avg": 0.0018141609000000003
      }
    },
    "data_received": {
      "type": "counter",
      "contains": "data",
      "values": {
        "count": 6407100,
        "rate": 33178.31540789996
      }
    },
    "checks": {
      "type": "rate",
      "contains": "default",
      "values": {
        "rate": 1,
        "passes": 10000,
        "fails": 0
      }
    },
    "vus_max": {
      "type": "gauge",
      "contains": "default",
      "values": {
        "max": 1,
        "value": 1,
        "min": 1
      }
    },
    "vus": {
      "type": "gauge",
      "contains": "default",
      "values": {
        "value": 1,
        "min": 1,
        "max": 1
      }
    },
    "http_req_receiving": {
      "type": "trend",
      "contains": "time",
      "values": {
        "p(50)": 0.0752155,
        "p(90)": 0.0984735,
        "p(95)": 0.11139534999999993,
        "avg": 0.1101463239000001,
        "min": 0.038508,
        "max": 17.551991,
        "count": 10000,
        "med": 0.0752155,
        "p(99)": 0.2596094000000003,
        "p(99.99)": 16.555692639799293
      }
    },
    "http_req_sending": {
      "type": "trend",
      "contains": "time",
      "values": {
        "avg": 0.021755018099999832,
        "min": 0.01162,
        "max": 0.51631,
        "p(99.99)": 0.45618801279995747,
        "med": 0.0196515,
        "p(50)": 0.0196515,
        "p(90)": 0.026629700000000006,
        "p(95)": 0.03140535,
        "p(99)": 0.0735720700000001,
        "count": 10000
      }
    },
    "http_req_failed": {
      "contains": "default",
      "values": {
        "rate": 0,
        "passes": 0,
        "fails": 10000
      },
      "type": "rate"
    },
    "reponse_size": {
      "type": "trend",
      "contains": "default",
      "values": {
        "min": 97,
        "med": 98,
        "max": 98,
        "p(50)": 98,
        "p(99)": 98,
        "count": 10000,
        "avg": 97.9565,
        "p(90)": 98,
        "p(95)": 98,
        "p(99.99)": 98
      }
    },
    "iteration_duration": {
      "type": "trend",
      "contains": "time",
      "values": {
        "avg": 19.293111823100066,
        "med": 16.037568,
        "max": 201.746011,
        "p(50)": 16.037568,
        "p(90)": 29.9763618,
        "p(95)": 32.01123325,
        "count": 10000,
        "min": 12.899099,
        "p(99)": 35.314338219999996,
        "p(99.99)": 96.97117053182589
      }
    }
  },
  "root_group": {
    "name": "",
    "path": "",
    "id": "d41d8cd98f00b204e9800998ecf8427e",
    "groups": [],
    "checks": [
        {
          "name": "status is 200",
          "path": "::status is 200",
          "id": "6210a8cd14cd70477eba5c5e4cb3fb5f",
          "passes": 10000,
          "fails": 0
        }
      ]
  },
  "options": {
    "summaryTimeUnit": "ms",
    "noColor": false,
    "summaryTrendStats": [
      "avg",
      "min",
      "med",
      "max",
      "p(50)",
      "p(90)",
      "p(95)",
      "p(99)",
      "p(99.99)",
      "count"
    ]
  }
}