{
  "root_group": {
    "name": "",
    "path": "",
    "id": "d41d8cd98f00b204e9800998ecf8427e",
    "groups": [],
    "checks": [
        {
          "path": "::status is 200",
          "id": "6210a8cd14cd70477eba5c5e4cb3fb5f",
          "passes": 10000,
          "fails": 0,
          "name": "status is 200"
        }
      ]
  },
  "options": {
    "summaryTrendStats": [
      "avg",
      "min",
      "med",
      "max",
      "p(50)",
      "p(90)",
      "p(95)",
      "p(99)",
      "p(99.99)",
      "count"
    ],
    "summaryTimeUnit": "ms",
    "noColor": false
  },
  "state": {
    "isStdOutTTY": false,
    "isStdErrTTY": false,
    "testRunDurationMs": 107024.816719
  },
  "metrics": {
    "http_req_receiving": {
      "values": {
        "min": 0.03751,
        "med": 0.0766395,
        "p(99.99)": 11.712426887496996,
        "p(99)": 0.25435123000000004,
        "count": 10000,
        "avg": 0.09678788240000011,
        "max": 15.960877,
        "p(50)": 0.0766395,
        "p(90)": 0.1010224,
        "p(95)": 0.11367119999999988
      },
      "type": "trend",
      "contains": "time"
    },
    "vus_max": {
      "type": "gauge",
      "contains": "default",
      "values": {
        "min": 1,
        "max": 1,
        "value": 1
      }
    },
    "vus": {
      "type": "gauge",
      "contains": "default",
      "values": {
        "value": 1,
        "min": 1,
        "max": 1
      }
    },
    "http_req_duration{expected_response:true}": {
      "values": {
        "med": 8.854681,
        "max": 150.341373,
        "p(50)": 8.854681,
        "p(90)": 15.621767700000001,
        "p(95)": 17.553449899999997,
        "p(99)": 20.90208431,
        "p(99.99)": 42.63285692872382,
        "avg": 10.19647377570001,
        "min": 6.665367,
        "count": 10000
      },
      "type": "trend",
      "contains": "time"
    },
    "http_req_waiting": {
      "contains": "time",
      "values": {
        "min": 6.556369,
        "max": 150.260148,
        "p(95)": 17.4092817,
        "p(99)": 20.73528127000001,
        "p(99.99)": 42.50527056532379,
        "count": 10000,
        "avg": 10.076903505999997,
        "med": 8.7492175,
        "p(50)": 8.7492175,
        "p(90)": 15.460934900000002
      },
      "type": "trend"
    },
    "http_reqs": {
      "type": "counter",
      "contains": "default",
      "values": {
        "count": 10000,
        "rate": 93.43627306791464
      }
    },
    "http_req_connecting": {
      "type": "trend",
      "contains": "time",
      "values": {
        "count": 10000,
        "med": 0,
        "max": 0.338143,
        "p(99.99)": 0.33314250009999646,
        "p(90)": 0,
        "p(95)": 0,
        "p(99)": 0.0009572800000208953,
        "avg": 0.0020091889999999998,
        "min": 0,
        "p(50)": 0
      }
    },
    "http_req_duration": {
      "type": "trend",
      "contains": "time",
      "values": {
        "p(99)": 20.90208431,
        "avg": 10.19647377570001,
        "min": 6.665367,
        "med": 8.854681,
        "p(95)": 17.553449899999997,
        "count": 10000,
        "max": 150.341373,
        "p(50)": 8.854681,
        "p(90)": 15.621767700000001,
        "p(99.99)": 42.63285692872382
      }
    },
    "reponse_size": {
      "type": "trend",
      "contains": "default",
      "values": {
        "p(99.99)": 98,
        "count": 10000,
        "max": 98,
        "p(99)": 98,
        "med": 98,
        "p(50)": 98,
        "p(90)": 98,
        "p(95)": 98,
        "avg": 97.8687,
        "min": 97
      }
    },
    "http_req_blocked": {
      "type": "trend",
      "contains": "time",
      "values": {
        "med": 0.004174,
        "p(50)": 0.004174,
        "p(95)": 0.007576549999999993,
        "avg": 0.0073600571999999816,
        "max": 0.412266,
        "p(90)": 0.005976100000000001,
        "p(99)": 0.1616375100000004,
        "p(99.99)": 0.41123410319999926,
        "count": 10000,
        "min": 0.002332
      }
    },
    "checks": {
      "type": "rate",
      "contains": "default",
      "values": {
        "rate": 1,
        "passes": 10000,
        "fails": 0
      }
    },
    "http_req_sending": {
      "contains": "time",
      "values": {
        "max": 0.549357,
        "p(50)": 0.020142,
        "p(99)": 0.07546747000000006,
        "p(99.99)": 0.5331146243999885,
        "avg": 0.022782387300000106,
        "min": 0.010388,
        "med": 0.020142,
        "p(90)": 0.029028400000000003,
        "p(95)": 0.03441194999999998,
        "count": 10000
      },
      "type": "trend"
    },
    "iterations": {
      "values": {
        "count": 10000,
        "rate": 93.43627306791464
      },
      "type": "counter",
      "contains": "default"
    },
    "iteration_duration": {
      "type": "trend",
      "contains": "time",
      "values": {
        "avg": 10.684077559099997,
        "p(90)": 16.1239749,
        "p(99.99)": 43.1807606386239,
        "count": 10000,
        "min": 7.069963,
        "med": 9.3317575,
        "max": 150.776387,
        "p(50)": 9.3317575,
        "p(95)": 18.070370399999998,
        "p(99)": 21.419569540000005
      }
    },
    "data_sent": {
      "type": "counter",
      "contains": "data",
      "values": {
        "count": 4760000,
        "rate": 44475.665980327365
      }
    },
    "data_received": {
      "type": "counter",
      "contains": "data",
      "values": {
        "count": 6407100,
        "rate": 59865.55451734359
      }
    },
    "response_time": {
      "type": "trend",
      "contains": "default",
      "values": {
        "p(90)": 15.621767700000001,
        "p(95)": 17.553449899999997,
        "p(99.99)": 42.63285692872382,
        "count": 10000,
        "avg": 10.19647377570001,
        "min": 6.665367,
        "max": 150.341373,
        "p(50)": 8.854681,
        "med": 8.854681,
        "p(99)": 20.90208431
      }
    },
    "http_req_tls_handshaking": {
      "type": "trend",
      "contains": "time",
      "values": {
        "avg": 0,
        "p(50)": 0,
        "p(95)": 0,
        "p(99.99)": 0,
        "min": 0,
        "med": 0,
        "max": 0,
        "p(90)": 0,
        "p(99)": 0,
        "count": 10000
      }
    },
    "http_req_failed": {
      "type": "rate",
      "contains": "default",
      "values": {
        "rate": 0,
        "passes": 0,
        "fails": 10000
      }
    }
  }
}