{
  "root_group": {
    "name": "",
    "path": "",
    "id": "d41d8cd98f00b204e9800998ecf8427e",
    "groups": [],
    "checks": [
        {
          "name": "status is 200",
          "path": "::status is 200",
          "id": "6210a8cd14cd70477eba5c5e4cb3fb5f",
          "passes": 1000,
          "fails": 0
        }
      ]
  },
  "options": {
    "summaryTrendStats": [
      "avg",
      "min",
      "med",
      "max",
      "p(50)",
      "p(90)",
      "p(95)",
      "p(99)",
      "p(99.99)",
      "count"
    ],
    "summaryTimeUnit": "ms",
    "noColor": false
  },
  "state": {
    "isStdOutTTY": false,
    "isStdErrTTY": false,
    "testRunDurationMs": 22260.811325
  },
  "metrics": {
    "http_req_duration{expected_response:true}": {
      "type": "trend",
      "contains": "time",
      "values": {
        "p(99)": 71.18020778999998,
        "p(99.99)": 90.11679262909978,
        "count": 1000,
        "p(95)": 43.65182369999999,
        "min": 13.437149,
        "med": 16.0863315,
        "max": 90.584054,
        "p(50)": 16.0863315,
        "p(90)": 39.705401900000005,
        "avg": 21.752076796999983
      }
    },
    "response_time": {
      "contains": "default",
      "values": {
        "avg": 21.752076796999983,
        "p(50)": 16.0863315,
        "p(90)": 39.705401900000005,
        "p(95)": 43.65182369999999,
        "count": 1000,
        "min": 13.437149,
        "med": 16.0863315,
        "max": 90.584054,
        "p(99)": 71.18020778999998,
        "p(99.99)": 90.11679262909978
      },
      "type": "trend"
    },
    "http_req_waiting": {
      "type": "trend",
      "contains": "time",
      "values": {
        "p(99)": 71.06355008999998,
        "p(99.99)": 89.98439717949978,
        "min": 13.353672,
        "med": 15.976724,
        "max": 90.447613,
        "p(90)": 39.4845339,
        "p(95)": 43.54324609999998,
        "avg": 21.606072040000004,
        "p(50)": 15.976724,
        "count": 1000
      }
    },
    "vus_max": {
      "type": "gauge",
      "contains": "default",
      "values": {
        "value": 1,
        "min": 1,
        "max": 1
      }
    },
    "http_req_blocked": {
      "contains": "time",
      "values": {
        "avg": 0.007456910999999997,
        "med": 0.004102,
        "p(50)": 0.004102,
        "p(95)": 0.008378949999999994,
        "p(99.99)": 0.3826523368999999,
        "min": 0.00231,
        "max": 0.382889,
        "p(90)": 0.005721200000000001,
        "p(99)": 0.15541369999999996,
        "count": 1000
      },
      "type": "trend"
    },
    "http_req_duration": {
      "contains": "time",
      "values": {
        "p(95)": 43.65182369999999,
        "p(99.99)": 90.11679262909978,
        "avg": 21.752076796999983,
        "min": 13.437149,
        "med": 16.0863315,
        "max": 90.584054,
        "p(50)": 16.0863315,
        "p(90)": 39.705401900000005,
        "p(99)": 71.18020778999998,
        "count": 1000
      },
      "type": "trend"
    },
    "http_req_receiving": {
      "type": "trend",
      "contains": "time",
      "values": {
        "avg": 0.12339455000000003,
        "min": 0.047457,
        "p(50)": 0.0762515,
        "p(99)": 0.23416933999999986,
        "p(99.99)": 19.72831342989982,
        "count": 1000,
        "med": 0.0762515,
        "max": 20.104267,
        "p(90)": 0.10089200000000001,
        "p(95)": 0.11730239999999997
      }
    },
    "http_req_sending": {
      "values": {
        "avg": 0.02261020699999999,
        "med": 0.0199535,
        "p(90)": 0.0282906,
        "p(95)": 0.035592599999999995,
        "p(99)": 0.07752362999999998,
        "min": 0.012157,
        "max": 0.24867,
        "p(50)": 0.0199535,
        "p(99.99)": 0.2418037730999967,
        "count": 1000
      },
      "type": "trend",
      "contains": "time"
    },
    "data_received": {
      "type": "counter",
      "contains": "data",
      "values": {
        "count": 639710,
        "rate": 28737.04783983205
      }
    },
    "iteration_duration": {
      "type": "trend",
      "contains": "time",
      "values": {
        "min": 13.834459,
        "p(50)": 16.537106,
        "p(90)": 40.219851600000005,
        "count": 1000,
        "p(99)": 71.64928048999998,
        "p(99.99)": 90.64270878849979,
        "avg": 22.242047561,
        "med": 16.537106,
        "max": 91.081558,
        "p(95)": 44.24372399999999
      }
    },
    "data_sent": {
      "type": "counter",
      "contains": "data",
      "values": {
        "rate": 21311.038177086746,
        "count": 474401
      }
    },
    "http_req_connecting": {
      "type": "trend",
      "contains": "time",
      "values": {
        "p(95)": 0,
        "p(99.99)": 0.31665038539999774,
        "avg": 0.001997107,
        "min": 0,
        "p(50)": 0,
        "p(99)": 0.0011052799999989947,
        "count": 1000,
        "med": 0,
        "max": 0.321431,
        "p(90)": 0
      }
    },
    "http_req_failed": {
      "contains": "default",
      "values": {
        "rate": 0,
        "passes": 0,
        "fails": 1000
      },
      "type": "rate"
    },
    "http_reqs": {
      "type": "counter",
      "contains": "default",
      "values": {
        "count": 1000,
        "rate": 44.921992527601645
      }
    },
    "http_req_tls_handshaking": {
      "type": "trend",
      "contains": "time",
      "values": {
        "p(99.99)": 0,
        "count": 1000,
        "min": 0,
        "p(50)": 0,
        "p(90)": 0,
        "p(95)": 0,
        "p(99)": 0,
        "avg": 0,
        "med": 0,
        "max": 0
      }
    },
    "checks": {
      "type": "rate",
      "contains": "default",
      "values": {
        "rate": 1,
        "passes": 1000,
        "fails": 0
      }
    },
    "iterations": {
      "type": "counter",
      "contains": "default",
      "values": {
        "count": 1000,
        "rate": 44.921992527601645
      }
    },
    "vus": {
      "values": {
        "value": 1,
        "min": 1,
        "max": 1
      },
      "type": "gauge",
      "contains": "default"
    },
    "reponse_size": {
      "type": "trend",
      "contains": "default",
      "values": {
        "avg": 97,
        "med": 97,
        "p(50)": 97,
        "p(99)": 97,
        "p(99.99)": 97,
        "min": 97,
        "max": 97,
        "p(90)": 97,
        "p(95)": 97,
        "count": 1000
      }
    }
  }
}