{
  "root_group": {
    "groups": [],
    "checks": [
        {
          "passes": 1000,
          "fails": 0,
          "name": "is status 200",
          "path": "::is status 200",
          "id": "548d37ca5f33793206f7832e7cea54fb"
        }
      ],
    "name": "",
    "path": "",
    "id": "d41d8cd98f00b204e9800998ecf8427e"
  },
  "options": {
    "summaryTrendStats": [
      "avg",
      "min",
      "med",
      "max",
      "p(50)",
      "p(90)",
      "p(95)",
      "p(99)",
      "p(99.99)",
      "count"
    ],
    "summaryTimeUnit": "ms",
    "noColor": false
  },
  "state": {
    "testRunDurationMs": 3982.682112,
    "isStdOutTTY": false,
    "isStdErrTTY": false
  },
  "metrics": {
    "http_req_waiting": {
      "type": "trend",
      "contains": "time",
      "values": {
        "avg": 3.0422617819999993,
        "min": 2.013851,
        "max": 13.455744,
        "p(90)": 3.5570022,
        "med": 2.99233,
        "p(50)": 2.99233,
        "p(95)": 3.7429426999999995,
        "p(99)": 4.56789643,
        "p(99.99)": 12.713635551299644,
        "count": 1000
      }
    },
    "http_req_receiving": {
      "values": {
        "count": 1000,
        "avg": 0.5746693069999995,
        "med": 0.4906815,
        "max": 2.697423,
        "p(95)": 1.2374851499999988,
        "p(99)": 2.2989754399999995,
        "min": 0.14937,
        "p(50)": 0.4906815,
        "p(90)": 0.7521810000000002,
        "p(99.99)": 2.6969863371
      },
      "type": "trend",
      "contains": "time"
    },
    "checks": {
      "type": "rate",
      "contains": "default",
      "values": {
        "passes": 1000,
        "fails": 0,
        "rate": 1
      }
    },
    "http_req_blocked": {
      "type": "trend",
      "contains": "time",
      "values": {
        "min": 0.003168,
        "max": 0.387848,
        "p(95)": 0.009359849999999998,
        "p(99)": 0.01855629999999996,
        "p(99.99)": 0.36678907999998994,
        "avg": 0.006928442000000006,
        "med": 0.005859,
        "p(50)": 0.005859,
        "p(90)": 0.0079523,
        "count": 1000
      }
    },
    "http_req_sending": {
      "type": "trend",
      "contains": "time",
      "values": {
        "med": 0.024013,
        "max": 0.173779,
        "p(99.99)": 0.17188969119999908,
        "count": 1000,
        "p(95)": 0.0346171,
        "p(99)": 0.08265237999999994,
        "avg": 0.025454248999999998,
        "min": 0.009986,
        "p(50)": 0.024013,
        "p(90)": 0.0303234
      }
    },
    "vus": {
      "contains": "default",
      "values": {
        "value": 1,
        "min": 1,
        "max": 1
      },
      "type": "gauge"
    },
    "http_req_duration": {
      "type": "trend",
      "contains": "time",
      "values": {
        "avg": 3.6423853379999986,
        "min": 2.36393,
        "p(50)": 3.546637,
        "p(99.99)": 13.150291876499658,
        "med": 3.546637,
        "max": 13.865952,
        "p(90)": 4.3314133,
        "p(95)": 4.826595149999999,
        "p(99)": 5.894228819999999,
        "count": 1000
      }
    },
    "reponse_size_body": {
      "type": "trend",
      "contains": "default",
      "values": {
        "max": 63579,
        "p(50)": 63579,
        "p(99)": 63579,
        "avg": 63579,
        "min": 63579,
        "p(95)": 63579,
        "p(99.99)": 63579,
        "count": 1000,
        "med": 63579,
        "p(90)": 63579
      }
    },
    "vus_max": {
      "type": "gauge",
      "contains": "default",
      "values": {
        "value": 1,
        "min": 1,
        "max": 1
      }
    },
    "http_req_duration{expected_response:true}": {
      "type": "trend",
      "contains": "time",
      "values": {
        "avg": 3.6423853379999986,
        "med": 3.546637,
        "max": 13.865952,
        "p(50)": 3.546637,
        "p(90)": 4.3314133,
        "min": 2.36393,
        "p(95)": 4.826595149999999,
        "p(99)": 5.894228819999999,
        "p(99.99)": 13.150291876499658,
        "count": 1000
      }
    },
    "response_time": {
      "contains": "default",
      "values": {
        "p(99)": 5.894228819999999,
        "med": 3.546637,
        "p(90)": 4.3314133,
        "max": 13.865952,
        "p(50)": 3.546637,
        "p(95)": 4.826595149999999,
        "p(99.99)": 13.150291876499658,
        "count": 1000,
        "avg": 3.6423853379999986,
        "min": 2.36393
      },
      "type": "trend"
    },
    "response_size": {
      "type": "trend",
      "contains": "default",
      "values": {
        "med": 63960,
        "p(50)": 63960,
        "p(90)": 63960,
        "p(95)": 63960,
        "p(99.99)": 63960,
        "avg": 63960,
        "min": 63960,
        "max": 63960,
        "p(99)": 63960,
        "count": 1000
      }
    },
    "iterations": {
      "type": "counter",
      "contains": "default",
      "values": {
        "count": 1000,
        "rate": 251.0870744584297
      }
    },
    "http_reqs": {
      "type": "counter",
      "contains": "default",
      "values": {
        "count": 1000,
        "rate": 251.0870744584297
      }
    },
    "data_sent": {
      "type": "counter",
      "contains": "data",
      "values": {
        "count": 391000,
        "rate": 98175.046113246
      }
    },
    "http_req_connecting": {
      "type": "trend",
      "contains": "time",
      "values": {
        "max": 0.28979,
        "p(50)": 0,
        "count": 1000,
        "avg": 0.00028979,
        "min": 0,
        "med": 0,
        "p(90)": 0,
        "p(95)": 0,
        "p(99)": 0,
        "p(99.99)": 0.2608399789999861
      }
    },
    "http_req_failed": {
      "type": "rate",
      "contains": "default",
      "values": {
        "rate": 0,
        "passes": 0,
        "fails": 1000
      }
    },
    "http_req_tls_handshaking": {
      "type": "trend",
      "contains": "time",
      "values": {
        "avg": 0,
        "min": 0,
        "med": 0,
        "max": 0,
        "p(99.99)": 0,
        "count": 1000,
        "p(50)": 0,
        "p(90)": 0,
        "p(95)": 0,
        "p(99)": 0
      }
    },
    "iteration_duration": {
      "type": "trend",
      "contains": "time",
      "values": {
        "avg": 3.960908595999998,
        "max": 14.929729,
        "p(50)": 3.8569385,
        "p(99.99)": 14.146913698899624,
        "count": 1000,
        "min": 2.54913,
        "med": 3.8569385,
        "p(90)": 4.676306500000001,
        "p(95)": 5.166358299999998,
        "p(99)": 6.230784179999999
      }
    },
    "data_received": {
      "type": "counter",
      "contains": "data",
      "values": {
        "count": 64111211,
        "rate": 16097496.409977097
      }
    }
  }
}