{
  "root_group": {
    "path": "",
    "id": "d41d8cd98f00b204e9800998ecf8427e",
    "groups": [],
    "checks": [
        {
          "passes": 1000,
          "fails": 0,
          "name": "is status 200",
          "path": "::is status 200",
          "id": "548d37ca5f33793206f7832e7cea54fb"
        }
      ],
    "name": ""
  },
  "options": {
    "summaryTimeUnit": "ms",
    "noColor": false,
    "summaryTrendStats": [
      "avg",
      "min",
      "med",
      "max",
      "p(50)",
      "p(90)",
      "p(95)",
      "p(99)",
      "p(99.99)",
      "count"
    ]
  },
  "state": {
    "isStdOutTTY": false,
    "isStdErrTTY": false,
    "testRunDurationMs": 3649.021951
  },
  "metrics": {
    "http_req_duration": {
      "type": "trend",
      "contains": "time",
      "values": {
        "med": 2.915628,
        "max": 54.129614,
        "count": 1000,
        "avg": 3.3907605889999974,
        "min": 1.799443,
        "p(95)": 3.9848185,
        "p(99)": 14.302840839999833,
        "p(99.99)": 53.69733401269979,
        "p(50)": 2.915628,
        "p(90)": 3.4569343
      }
    },
    "http_req_tls_handshaking": {
      "type": "trend",
      "contains": "time",
      "values": {
        "p(95)": 0,
        "count": 1000,
        "avg": 0,
        "min": 0,
        "max": 0,
        "p(50)": 0,
        "p(90)": 0,
        "med": 0,
        "p(99)": 0,
        "p(99.99)": 0
      }
    },
    "http_reqs": {
      "type": "counter",
      "contains": "default",
      "values": {
        "count": 1000,
        "rate": 274.0460357400574
      }
    },
    "http_req_waiting": {
      "type": "trend",
      "contains": "time",
      "values": {
        "p(99)": 14.197704689999835,
        "med": 2.7577765,
        "min": 1.605347,
        "max": 53.991876,
        "p(50)": 2.7577765,
        "p(90)": 3.2945534000000003,
        "p(95)": 3.819530599999998,
        "p(99.99)": 53.56034965829979,
        "count": 1000,
        "avg": 3.2431151230000013
      }
    },
    "http_req_failed": {
      "contains": "default",
      "values": {
        "rate": 0,
        "passes": 0,
        "fails": 1000
      },
      "type": "rate"
    },
    "response_size": {
      "values": {
        "avg": 531,
        "min": 531,
        "max": 531,
        "p(99)": 531,
        "med": 531,
        "p(50)": 531,
        "p(90)": 531,
        "p(95)": 531,
        "p(99.99)": 531,
        "count": 1000
      },
      "type": "trend",
      "contains": "default"
    },
    "iteration_duration": {
      "type": "trend",
      "contains": "time",
      "values": {
        "p(99)": 14.536304429999834,
        "avg": 3.6282615699999923,
        "min": 2.015389,
        "med": 3.148894,
        "max": 54.421175,
        "p(95)": 4.2850462,
        "p(50)": 3.148894,
        "p(90)": 3.7156341,
        "p(99.99)": 53.994434967199794,
        "count": 1000
      }
    },
    "http_req_receiving": {
      "type": "trend",
      "contains": "time",
      "values": {
        "avg": 0.12482686499999984,
        "min": 0.042807,
        "med": 0.096121,
        "p(99.99)": 1.2022162642999557,
        "count": 1000,
        "max": 1.294688,
        "p(50)": 0.096121,
        "p(90)": 0.2187966,
        "p(95)": 0.25193319999999997,
        "p(99)": 0.31738844
      }
    },
    "response_time": {
      "type": "trend",
      "contains": "default",
      "values": {
        "p(95)": 3.9848185,
        "p(99)": 14.302840839999833,
        "med": 2.915628,
        "p(50)": 2.915628,
        "max": 54.129614,
        "p(90)": 3.4569343,
        "p(99.99)": 53.69733401269979,
        "count": 1000,
        "avg": 3.3907605889999974,
        "min": 1.799443
      }
    },
    "vus": {
      "contains": "default",
      "values": {
        "value": 1,
        "min": 1,
        "max": 1
      },
      "type": "gauge"
    },
    "vus_max": {
      "type": "gauge",
      "contains": "default",
      "values": {
        "value": 1,
        "min": 1,
        "max": 1
      }
    },
    "checks": {
      "type": "rate",
      "contains": "default",
      "values": {
        "rate": 1,
        "passes": 1000,
        "fails": 0
      }
    },
    "http_req_blocked": {
      "type": "trend",
      "contains": "time",
      "values": {
        "avg": 0.006267040000000004,
        "med": 0.005456,
        "p(95)": 0.008099949999999996,
        "p(99)": 0.013611659999999989,
        "p(99.99)": 0.40686589889998287,
        "count": 1000,
        "min": 0.002478,
        "max": 0.442629,
        "p(50)": 0.005456,
        "p(90)": 0.007106500000000001
      }
    },
    "http_req_connecting": {
      "type": "trend",
      "contains": "time",
      "values": {
        "p(99)": 0,
        "p(99.99)": 0.2844117977999849,
        "count": 1000,
        "max": 0.315978,
        "p(90)": 0,
        "med": 0,
        "p(50)": 0,
        "p(95)": 0,
        "avg": 0.00031597799999999996,
        "min": 0
      }
    },
    "reponse_size_body": {
      "type": "trend",
      "contains": "default",
      "values": {
        "count": 1000,
        "min": 150,
        "max": 150,
        "p(90)": 150,
        "p(95)": 150,
        "p(99.99)": 150,
        "avg": 150,
        "med": 150,
        "p(50)": 150,
        "p(99)": 150
      }
    },
    "iterations": {
      "type": "counter",
      "contains": "default",
      "values": {
        "count": 1000,
        "rate": 274.0460357400574
      }
    },
    "http_req_duration{expected_response:true}": {
      "type": "trend",
      "contains": "time",
      "values": {
        "p(99.99)": 53.69733401269979,
        "avg": 3.3907605889999974,
        "med": 2.915628,
        "p(50)": 2.915628,
        "p(99)": 14.302840839999833,
        "count": 1000,
        "min": 1.799443,
        "max": 54.129614,
        "p(90)": 3.4569343,
        "p(95)": 3.9848185
      }
    },
    "data_sent": {
      "type": "counter",
      "contains": "data",
      "values": {
        "count": 372000,
        "rate": 101945.12529530136
      }
    },
    "data_received": {
      "type": "counter",
      "contains": "data",
      "values": {
        "rate": 165225.095408038,
        "count": 602910
      }
    },
    "http_req_sending": {
      "type": "trend",
      "contains": "time",
      "values": {
        "p(50)": 0.0224825,
        "p(95)": 0.0297952,
        "avg": 0.022818601000000015,
        "max": 0.150622,
        "p(90)": 0.0275537,
        "p(99)": 0.04297397,
        "p(99.99)": 0.146462064099998,
        "count": 1000,
        "min": 0.008992,
        "med": 0.0224825
      }
    }
  }
}