{
  "root_group": {
    "name": "",
    "path": "",
    "id": "d41d8cd98f00b204e9800998ecf8427e",
    "groups": [],
    "checks": [
        {
          "passes": 1000,
          "fails": 0,
          "name": "is status 200",
          "path": "::is status 200",
          "id": "548d37ca5f33793206f7832e7cea54fb"
        }
      ]
  },
  "options": {
    "summaryTrendStats": [
      "avg",
      "min",
      "med",
      "max",
      "p(50)",
      "p(90)",
      "p(95)",
      "p(99)",
      "p(99.99)",
      "count"
    ],
    "summaryTimeUnit": "ms",
    "noColor": false
  },
  "state": {
    "isStdErrTTY": false,
    "testRunDurationMs": 2779.044225,
    "isStdOutTTY": false
  },
  "metrics": {
    "data_sent": {
      "type": "counter",
      "contains": "data",
      "values": {
        "count": 397000,
        "rate": 142854.86946505864
      }
    },
    "iteration_duration": {
      "values": {
        "p(99)": 9.449713509999999,
        "count": 1000,
        "med": 2.5227105,
        "min": 1.578113,
        "max": 24.533062,
        "p(50)": 2.5227105,
        "p(90)": 3.2446866,
        "p(95)": 3.7505954999999993,
        "p(99.99)": 24.162975357099825,
        "avg": 2.7594864840000017
      },
      "type": "trend",
      "contains": "time"
    },
    "http_req_blocked": {
      "contains": "time",
      "values": {
        "med": 0.00538,
        "max": 0.348748,
        "p(50)": 0.00538,
        "p(99)": 0.06919908999999866,
        "min": 0.002504,
        "p(90)": 0.0077517,
        "p(95)": 0.0089486,
        "p(99.99)": 0.3432884649999974,
        "count": 1000,
        "avg": 0.008482988000000002
      },
      "type": "trend"
    },
    "http_req_tls_handshaking": {
      "type": "trend",
      "contains": "time",
      "values": {
        "med": 0,
        "p(90)": 0,
        "p(99)": 0,
        "p(99.99)": 0,
        "count": 1000,
        "avg": 0,
        "min": 0,
        "max": 0,
        "p(50)": 0,
        "p(95)": 0
      }
    },
    "http_req_waiting": {
      "type": "trend",
      "contains": "time",
      "values": {
        "min": 1.240008,
        "p(50)": 2.037586,
        "p(95)": 3.016516349999999,
        "p(99)": 7.589056169999994,
        "p(99.99)": 23.699747119699808,
        "count": 1000,
        "avg": 2.2161433289999977,
        "med": 2.037586,
        "max": 24.102164,
        "p(90)": 2.6308683
      }
    },
    "reponse_size_body": {
      "contains": "default",
      "values": {
        "min": 20847,
        "med": 20847,
        "max": 20847,
        "p(50)": 20847,
        "p(99)": 20847,
        "avg": 20847,
        "p(90)": 20847,
        "p(95)": 20847,
        "p(99.99)": 20847,
        "count": 1000
      },
      "type": "trend"
    },
    "checks": {
      "type": "rate",
      "contains": "default",
      "values": {
        "rate": 1,
        "passes": 1000,
        "fails": 0
      }
    },
    "vus_max": {
      "type": "gauge",
      "contains": "default",
      "values": {
        "min": 1,
        "max": 1,
        "value": 1
      }
    },
    "response_size": {
      "values": {
        "med": 21351,
        "max": 21351,
        "p(50)": 21351,
        "count": 1000,
        "avg": 21350.48,
        "p(90)": 21351,
        "p(95)": 21351,
        "p(99)": 21351,
        "p(99.99)": 21351,
        "min": 21299
      },
      "type": "trend",
      "contains": "default"
    },
    "http_req_failed": {
      "values": {
        "fails": 1000,
        "rate": 0,
        "passes": 0
      },
      "type": "rate",
      "contains": "default"
    },
    "http_req_sending": {
      "type": "trend",
      "contains": "time",
      "values": {
        "min": 0.008887,
        "p(50)": 0.020393,
        "p(99.99)": 0.1808798835999993,
        "count": 1000,
        "avg": 0.022912951999999983,
        "max": 0.182362,
        "p(90)": 0.0296714,
        "p(95)": 0.037769449999999996,
        "p(99)": 0.06715827999999995,
        "med": 0.020393
      }
    },
    "vus": {
      "type": "gauge",
      "contains": "default",
      "values": {
        "value": 1,
        "min": 1,
        "max": 1
      }
    },
    "http_req_duration": {
      "contains": "time",
      "values": {
        "count": 1000,
        "min": 1.37168,
        "p(50)": 2.186521,
        "p(95)": 3.3603376999999996,
        "p(99)": 8.966924489999998,
        "p(99.99)": 23.82741160169981,
        "avg": 2.416630691000001,
        "med": 2.186521,
        "max": 24.224316,
        "p(90)": 2.861307
      },
      "type": "trend"
    },
    "http_req_receiving": {
      "values": {
        "p(99)": 0.4499121899999999,
        "p(99.99)": 16.955007637899865,
        "count": 1000,
        "min": 0.052484,
        "p(90)": 0.21536430000000004,
        "max": 17.238262,
        "p(50)": 0.11167550000000001,
        "p(95)": 0.27591439999999995,
        "avg": 0.17757441000000027,
        "med": 0.11167550000000001
      },
      "type": "trend",
      "contains": "time"
    },
    "http_req_duration{expected_response:true}": {
      "type": "trend",
      "contains": "time",
      "values": {
        "avg": 2.416630691000001,
        "max": 24.224316,
        "p(50)": 2.186521,
        "p(90)": 2.861307,
        "count": 1000,
        "min": 1.37168,
        "med": 2.186521,
        "p(95)": 3.3603376999999996,
        "p(99)": 8.966924489999998,
        "p(99.99)": 23.82741160169981
      }
    },
    "http_req_connecting": {
      "type": "trend",
      "contains": "time",
      "values": {
        "min": 0,
        "med": 0,
        "max": 0.220607,
        "p(50)": 0,
        "p(95)": 0,
        "avg": 0.0016770439999999997,
        "p(90)": 0,
        "p(99)": 0.001376489999998748,
        "p(99.99)": 0.21863427469999905,
        "count": 1000
      }
    },
    "data_received": {
      "contains": "data",
      "values": {
        "count": 21411710,
        "rate": 7704702.864165467
      },
      "type": "counter"
    },
    "response_time": {
      "type": "trend",
      "contains": "default",
      "values": {
        "p(90)": 2.861307,
        "p(95)": 3.3603376999999996,
        "p(99)": 8.966924489999998,
        "count": 1000,
        "min": 1.37168,
        "med": 2.186521,
        "p(50)": 2.186521,
        "p(99.99)": 23.82741160169981,
        "avg": 2.416630691000001,
        "max": 24.224316
      }
    },
    "iterations": {
      "type": "counter",
      "contains": "default",
      "values": {
        "rate": 359.8359432369235,
        "count": 1000
      }
    },
    "http_reqs": {
      "type": "counter",
      "contains": "default",
      "values": {
        "count": 1000,
        "rate": 359.8359432369235
      }
    }
  }
}