{
  "root_group": {
    "name": "",
    "path": "",
    "id": "d41d8cd98f00b204e9800998ecf8427e",
    "groups": [],
    "checks": [
        {
          "fails": 0,
          "name": "is status 200",
          "path": "::is status 200",
          "id": "548d37ca5f33793206f7832e7cea54fb",
          "passes": 1000
        }
      ]
  },
  "options": {
    "summaryTrendStats": [
      "avg",
      "min",
      "med",
      "max",
      "p(50)",
      "p(90)",
      "p(95)",
      "p(99)",
      "p(99.99)",
      "count"
    ],
    "summaryTimeUnit": "ms",
    "noColor": false
  },
  "state": {
    "isStdErrTTY": false,
    "testRunDurationMs": 3085.560319,
    "isStdOutTTY": false
  },
  "metrics": {
    "checks": {
      "type": "rate",
      "contains": "default",
      "values": {
        "rate": 1,
        "passes": 1000,
        "fails": 0
      }
    },
    "http_req_connecting": {
      "type": "trend",
      "contains": "time",
      "values": {
        "avg": 0.00175529,
        "med": 0,
        "p(90)": 0,
        "p(99)": 0.001278519999998837,
        "count": 1000,
        "min": 0,
        "max": 0.269108,
        "p(50)": 0,
        "p(95)": 0,
        "p(99.99)": 0.26647313749999874
      }
    },
    "http_req_receiving": {
      "type": "trend",
      "contains": "time",
      "values": {
        "p(99)": 0.34180709999999975,
        "avg": 0.24400993299999985,
        "med": 0.1066225,
        "max": 56.726335,
        "p(50)": 0.1066225,
        "count": 1000,
        "min": 0.050679,
        "p(90)": 0.1623564,
        "p(95)": 0.19171234999999995,
        "p(99.99)": 55.80920185119956
      }
    },
    "vus_max": {
      "type": "gauge",
      "contains": "default",
      "values": {
        "min": 1,
        "max": 1,
        "value": 1
      }
    },
    "http_req_duration": {
      "values": {
        "p(90)": 2.8445982,
        "p(95)": 3.7442673499999994,
        "p(99)": 19.427215829999955,
        "p(99.99)": 58.02810181509982,
        "avg": 2.745524744000005,
        "med": 2.142115,
        "p(50)": 2.142115,
        "count": 1000,
        "min": 1.182,
        "max": 58.415629
      },
      "type": "trend",
      "contains": "time"
    },
    "response_size": {
      "type": "trend",
      "contains": "default",
      "values": {
        "avg": 21350.48,
        "max": 21351,
        "p(95)": 21351,
        "p(99.99)": 21351,
        "min": 21299,
        "med": 21351,
        "p(50)": 21351,
        "p(90)": 21351,
        "p(99)": 21351,
        "count": 1000
      }
    },
    "http_req_waiting": {
      "type": "trend",
      "contains": "time",
      "values": {
        "med": 1.9901525,
        "max": 54.372176,
        "p(50)": 1.9901525,
        "p(99)": 12.221133749999964,
        "p(99.99)": 54.11403090349988,
        "count": 1000,
        "avg": 2.4804630329999995,
        "min": 1.113905,
        "p(90)": 2.6404319,
        "p(95)": 3.5191692999999997
      }
    },
    "http_req_blocked": {
      "type": "trend",
      "contains": "time",
      "values": {
        "med": 0.0049405000000000004,
        "p(95)": 0.008044899999999994,
        "avg": 0.007809605999999992,
        "min": 0.002272,
        "p(90)": 0.0067041,
        "p(99)": 0.05302514999999873,
        "p(99.99)": 0.37446890539999794,
        "count": 1000,
        "max": 0.37877,
        "p(50)": 0.0049405000000000004
      }
    },
    "vus": {
      "type": "gauge",
      "contains": "default",
      "values": {
        "max": 1,
        "value": 1,
        "min": 1
      }
    },
    "reponse_size_body": {
      "type": "trend",
      "contains": "default",
      "values": {
        "p(90)": 20847,
        "p(95)": 20847,
        "p(99)": 20847,
        "med": 20847,
        "p(50)": 20847,
        "max": 20847,
        "p(99.99)": 20847,
        "count": 1000,
        "avg": 20847,
        "min": 20847
      }
    },
    "data_received": {
      "type": "counter",
      "contains": "data",
      "values": {
        "count": 21411710,
        "rate": 6939326.341524682
      }
    },
    "http_req_tls_handshaking": {
      "type": "trend",
      "contains": "time",
      "values": {
        "avg": 0,
        "med": 0,
        "p(50)": 0,
        "p(90)": 0,
        "p(99)": 0,
        "min": 0,
        "max": 0,
        "p(95)": 0,
        "p(99.99)": 0,
        "count": 1000
      }
    },
    "iteration_duration": {
      "type": "trend",
      "contains": "time",
      "values": {
        "min": 1.344596,
        "med": 2.4464515000000002,
        "p(99.99)": 58.50393721979981,
        "count": 1000,
        "avg": 3.067490207,
        "max": 58.894566,
        "p(50)": 2.4464515000000002,
        "p(90)": 3.2012011,
        "p(95)": 4.066893599999998,
        "p(99)": 19.965413949999956
      }
    },
    "iterations": {
      "type": "counter",
      "contains": "default",
      "values": {
        "count": 1000,
        "rate": 324.0902450819987
      }
    },
    "http_req_sending": {
      "type": "trend",
      "contains": "time",
      "values": {
        "min": 0.007757,
        "med": 0.019276500000000002,
        "p(95)": 0.03374859999999999,
        "p(99.99)": 0.1766785425999985,
        "avg": 0.02105177800000001,
        "p(50)": 0.019276500000000002,
        "p(90)": 0.0255473,
        "p(99)": 0.07691366999999992,
        "count": 1000,
        "max": 0.179818
      }
    },
    "data_sent": {
      "type": "counter",
      "contains": "data",
      "values": {
        "count": 397000,
        "rate": 128663.82729755348
      }
    },
    "http_reqs": {
      "type": "counter",
      "contains": "default",
      "values": {
        "count": 1000,
        "rate": 324.0902450819987
      }
    },
    "http_req_duration{expected_response:true}": {
      "type": "trend",
      "contains": "time",
      "values": {
        "p(95)": 3.7442673499999994,
        "p(99.99)": 58.02810181509982,
        "med": 2.142115,
        "max": 58.415629,
        "p(50)": 2.142115,
        "p(90)": 2.8445982,
        "p(99)": 19.427215829999955,
        "count": 1000,
        "avg": 2.745524744000005,
        "min": 1.182
      }
    },
    "response_time": {
      "values": {
        "p(90)": 2.8445982,
        "p(99.99)": 58.02810181509982,
        "p(99)": 19.427215829999955,
        "count": 1000,
        "avg": 2.745524744000005,
        "min": 1.182,
        "med": 2.142115,
        "max": 58.415629,
        "p(50)": 2.142115,
        "p(95)": 3.7442673499999994
      },
      "type": "trend",
      "contains": "default"
    },
    "http_req_failed": {
      "type": "rate",
      "contains": "default",
      "values": {
        "passes": 0,
        "fails": 1000,
        "rate": 0
      }
    }
  }
}