{
  "state": {
    "isStdOutTTY": false,
    "isStdErrTTY": false,
    "testRunDurationMs": 16618.103747
  },
  "metrics": {
    "http_req_receiving": {
      "type": "trend",
      "contains": "time",
      "values": {
        "med": 0.059118000000000004,
        "p(90)": 0.0867764,
        "count": 10000,
        "avg": 0.07064577239999976,
        "min": 0.02041,
        "max": 2.270681,
        "p(50)": 0.059118000000000004,
        "p(95)": 0.11017069999999987,
        "p(99)": 0.31897503000000016,
        "p(99.99)": 2.1073793317998843
      }
    },
    "iterations": {
      "type": "counter",
      "contains": "default",
      "values": {
        "count": 10000,
        "rate": 601.7533740457759
      }
    },
    "http_req_sending": {
      "values": {
        "p(90)": 0.022872300000000005,
        "p(95)": 0.026805149999999996,
        "min": 0.005662,
        "max": 0.292864,
        "p(50)": 0.017162,
        "p(99)": 0.057696690000000085,
        "p(99.99)": 0.28332595389999327,
        "count": 10000,
        "avg": 0.01832396670000002,
        "med": 0.017162
      },
      "type": "trend",
      "contains": "time"
    },
    "vus_max": {
      "type": "gauge",
      "contains": "default",
      "values": {
        "value": 1,
        "min": 1,
        "max": 1
      }
    },
    "http_req_failed": {
      "contains": "default",
      "values": {
        "fails": 10000,
        "rate": 0,
        "passes": 0
      },
      "type": "rate"
    },
    "response_time": {
      "contains": "default",
      "values": {
        "min": 0.746361,
        "med": 1.3388765,
        "max": 19.531157,
        "p(95)": 1.924158149999998,
        "p(99.99)": 18.62828329639936,
        "count": 10000,
        "avg": 1.4561053166000022,
        "p(90)": 1.7023179000000002,
        "p(99)": 6.711319510000011,
        "p(50)": 1.3388765
      },
      "type": "trend"
    },
    "data_received": {
      "contains": "data",
      "values": {
        "count": 5577100,
        "rate": 335603.87423906964
      },
      "type": "counter"
    },
    "http_reqs": {
      "type": "counter",
      "contains": "default",
      "values": {
        "count": 10000,
        "rate": 601.7533740457759
      }
    },
    "http_req_duration{expected_response:true}": {
      "values": {
        "max": 19.531157,
        "p(99)": 6.711319510000011,
        "p(99.99)": 18.62828329639936,
        "min": 0.746361,
        "med": 1.3388765,
        "p(50)": 1.3388765,
        "p(90)": 1.7023179000000002,
        "p(95)": 1.924158149999998,
        "count": 10000,
        "avg": 1.4561053166000022
      },
      "type": "trend",
      "contains": "time"
    },
    "iteration_duration": {
      "type": "trend",
      "contains": "time",
      "values": {
        "p(95)": 2.1673427999999997,
        "p(99)": 7.137874410000009,
        "avg": 1.6456282990999989,
        "min": 0.859766,
        "p(50)": 1.5230245,
        "p(99.99)": 19.184382554299614,
        "count": 10000,
        "med": 1.5230245,
        "max": 19.729871,
        "p(90)": 1.9126096000000001
      }
    },
    "http_req_blocked": {
      "type": "trend",
      "contains": "time",
      "values": {
        "max": 0.670298,
        "p(50)": 0.0047,
        "p(99)": 0.15833572000000184,
        "avg": 0.0076570078000000085,
        "med": 0.0047,
        "p(95)": 0.007444,
        "p(99.99)": 0.49516251529987615,
        "count": 10000,
        "min": 0.001687,
        "p(90)": 0.006361200000000001
      }
    },
    "reponse_size_body": {
      "type": "trend",
      "contains": "default",
      "values": {
        "med": 149,
        "p(99)": 149,
        "p(90)": 149,
        "p(95)": 149,
        "p(99.99)": 149,
        "count": 10000,
        "avg": 149,
        "min": 149,
        "max": 149,
        "p(50)": 149
      }
    },
    "response_size": {
      "values": {
        "min": 459,
        "max": 511,
        "p(50)": 511,
        "p(99)": 511,
        "p(99.99)": 511,
        "avg": 510.48,
        "med": 511,
        "p(90)": 511,
        "p(95)": 511,
        "count": 10000
      },
      "type": "trend",
      "contains": "default"
    },
    "checks": {
      "contains": "default",
      "values": {
        "passes": 10000,
        "fails": 0,
        "rate": 1
      },
      "type": "rate"
    },
    "vus": {
      "type": "gauge",
      "contains": "default",
      "values": {
        "max": 1,
        "value": 1,
        "min": 1
      }
    },
    "data_sent": {
      "contains": "data",
      "values": {
        "count": 3720000,
        "rate": 223852.2551450286
      },
      "type": "counter"
    },
    "http_req_duration": {
      "type": "trend",
      "contains": "time",
      "values": {
        "med": 1.3388765,
        "max": 19.531157,
        "p(50)": 1.3388765,
        "p(90)": 1.7023179000000002,
        "p(99)": 6.711319510000011,
        "p(99.99)": 18.62828329639936,
        "avg": 1.4561053166000022,
        "p(95)": 1.924158149999998,
        "count": 10000,
        "min": 0.746361
      }
    },
    "http_req_connecting": {
      "type": "trend",
      "contains": "time",
      "values": {
        "med": 0,
        "max": 0.310308,
        "p(99)": 0.0010260500000223965,
        "p(99.99)": 0.26512551869996803,
        "count": 10000,
        "avg": 0.0016964298,
        "min": 0,
        "p(50)": 0,
        "p(90)": 0,
        "p(95)": 0
      }
    },
    "http_req_tls_handshaking": {
      "type": "trend",
      "contains": "time",
      "values": {
        "avg": 0,
        "med": 0,
        "p(50)": 0,
        "p(99.99)": 0,
        "count": 10000,
        "min": 0,
        "max": 0,
        "p(90)": 0,
        "p(95)": 0,
        "p(99)": 0
      }
    },
    "http_req_waiting": {
      "values": {
        "min": 0.690402,
        "med": 1.2563119999999999,
        "count": 10000,
        "p(99)": 6.587476400000006,
        "p(99.99)": 18.4584379708993,
        "avg": 1.3671355774999936,
        "max": 19.448048,
        "p(50)": 1.2563119999999999,
        "p(90)": 1.5920514000000001,
        "p(95)": 1.7804350999999998
      },
      "type": "trend",
      "contains": "time"
    }
  },
  "root_group": {
    "name": "",
    "path": "",
    "id": "d41d8cd98f00b204e9800998ecf8427e",
    "groups": [],
    "checks": [
        {
          "passes": 10000,
          "fails": 0,
          "name": "is status 200",
          "path": "::is status 200",
          "id": "548d37ca5f33793206f7832e7cea54fb"
        }
      ]
  },
  "options": {
    "summaryTrendStats": [
      "avg",
      "min",
      "med",
      "max",
      "p(50)",
      "p(90)",
      "p(95)",
      "p(99)",
      "p(99.99)",
      "count"
    ],
    "summaryTimeUnit": "ms",
    "noColor": false
  }
}