{
  "root_group": {
    "name": "",
    "path": "",
    "id": "d41d8cd98f00b204e9800998ecf8427e",
    "groups": [],
    "checks": [
        {
          "name": "is status 200",
          "path": "::is status 200",
          "id": "548d37ca5f33793206f7832e7cea54fb",
          "passes": 10000,
          "fails": 0
        }
      ]
  },
  "options": {
    "summaryTrendStats": [
      "avg",
      "min",
      "med",
      "max",
      "p(50)",
      "p(90)",
      "p(95)",
      "p(99)",
      "p(99.99)",
      "count"
    ],
    "summaryTimeUnit": "ms",
    "noColor": false
  },
  "state": {
    "isStdOutTTY": false,
    "isStdErrTTY": false,
    "testRunDurationMs": 20653.015517
  },
  "metrics": {
    "data_sent": {
      "contains": "data",
      "values": {
        "count": 4090000,
        "rate": 198034.0351089855
      },
      "type": "counter"
    },
    "http_req_blocked": {
      "type": "trend",
      "contains": "time",
      "values": {
        "count": 10000,
        "avg": 0.007289457699999994,
        "min": 0.001659,
        "med": 0.00448,
        "p(90)": 0.0056694000000000015,
        "p(95)": 0.00649705,
        "p(99)": 0.128444470000013,
        "p(99.99)": 0.47432835929997624,
        "max": 0.507918,
        "p(50)": 0.00448
      }
    },
    "http_req_sending": {
      "type": "trend",
      "contains": "time",
      "values": {
        "med": 0.017472500000000002,
        "max": 0.310038,
        "p(99)": 0.05502581000000004,
        "count": 10000,
        "avg": 0.018570842699999996,
        "min": 0.006881,
        "p(50)": 0.017472500000000002,
        "p(90)": 0.021749400000000002,
        "p(95)": 0.024609499999999992,
        "p(99.99)": 0.2261993846999407
      }
    },
    "response_time": {
      "type": "trend",
      "contains": "default",
      "values": {
        "p(90)": 2.0990070000000003,
        "p(95)": 2.3181823999999995,
        "p(99.99)": 22.173674635082733,
        "count": 10000,
        "avg": 1.8472774199999975,
        "min": 1.04195,
        "med": 1.7359085,
        "p(50)": 1.7359085,
        "max": 46.587584,
        "p(99)": 7.285504770000003
      }
    },
    "http_req_duration{expected_response:true}": {
      "values": {
        "med": 1.7359085,
        "max": 46.587584,
        "p(50)": 1.7359085,
        "p(90)": 2.0990070000000003,
        "p(99.99)": 22.173674635082733,
        "avg": 1.8472774199999975,
        "min": 1.04195,
        "count": 10000,
        "p(95)": 2.3181823999999995,
        "p(99)": 7.285504770000003
      },
      "type": "trend",
      "contains": "time"
    },
    "vus_max": {
      "values": {
        "value": 1,
        "min": 1,
        "max": 1
      },
      "type": "gauge",
      "contains": "default"
    },
    "response_size": {
      "type": "trend",
      "contains": "default",
      "values": {
        "min": 1059,
        "p(50)": 1111,
        "p(90)": 1111,
        "p(99.99)": 1111,
        "avg": 1110.48,
        "med": 1111,
        "max": 1111,
        "p(95)": 1111,
        "p(99)": 1111,
        "count": 10000
      }
    },
    "checks": {
      "contains": "default",
      "values": {
        "fails": 0,
        "rate": 1,
        "passes": 10000
      },
      "type": "rate"
    },
    "http_req_tls_handshaking": {
      "values": {
        "p(50)": 0,
        "p(90)": 0,
        "p(95)": 0,
        "p(99)": 0,
        "count": 10000,
        "avg": 0,
        "med": 0,
        "p(99.99)": 0,
        "min": 0,
        "max": 0
      },
      "type": "trend",
      "contains": "time"
    },
    "http_req_connecting": {
      "values": {
        "med": 0,
        "p(99)": 0.0012759600000278514,
        "p(99.99)": 0.3142477601999239,
        "avg": 0.001692446900000001,
        "max": 0.421839,
        "p(50)": 0,
        "p(90)": 0,
        "p(95)": 0,
        "count": 10000,
        "min": 0
      },
      "type": "trend",
      "contains": "time"
    },
    "http_req_failed": {
      "type": "rate",
      "contains": "default",
      "values": {
        "fails": 10000,
        "rate": 0,
        "passes": 0
      }
    },
    "http_req_waiting": {
      "type": "trend",
      "contains": "time",
      "values": {
        "p(99.99)": 22.049538448582748,
        "med": 1.649175,
        "max": 46.441585,
        "p(95)": 2.1937053999999985,
        "p(99)": 7.175768290000002,
        "count": 10000,
        "avg": 1.757151032899999,
        "min": 0.987195,
        "p(50)": 1.649175,
        "p(90)": 1.9949329000000005
      }
    },
    "data_received": {
      "type": "counter",
      "contains": "data",
      "values": {
        "rate": 559099.9527645394,
        "count": 11547100
      }
    },
    "reponse_size_body": {
      "type": "trend",
      "contains": "default",
      "values": {
        "p(90)": 609,
        "min": 609,
        "max": 609,
        "p(50)": 609,
        "p(95)": 609,
        "p(99)": 609,
        "p(99.99)": 609,
        "count": 10000,
        "avg": 609,
        "med": 609
      }
    },
    "http_reqs": {
      "type": "counter",
      "contains": "default",
      "values": {
        "count": 10000,
        "rate": 484.1907948874951
      }
    },
    "http_req_duration": {
      "type": "trend",
      "contains": "time",
      "values": {
        "avg": 1.8472774199999975,
        "med": 1.7359085,
        "max": 46.587584,
        "p(90)": 2.0990070000000003,
        "p(99)": 7.285504770000003,
        "min": 1.04195,
        "p(50)": 1.7359085,
        "p(95)": 2.3181823999999995,
        "p(99.99)": 22.173674635082733,
        "count": 10000
      }
    },
    "http_req_receiving": {
      "type": "trend",
      "contains": "time",
      "values": {
        "p(50)": 0.063026,
        "p(95)": 0.10595049999999995,
        "min": 0.025757,
        "med": 0.063026,
        "p(90)": 0.08622000000000002,
        "p(99)": 0.23206142,
        "p(99.99)": 1.7326382574999204,
        "count": 10000,
        "avg": 0.07155554439999981,
        "max": 1.845202
      }
    },
    "vus": {
      "type": "gauge",
      "contains": "default",
      "values": {
        "value": 1,
        "min": 1,
        "max": 1
      }
    },
    "iterations": {
      "type": "counter",
      "contains": "default",
      "values": {
        "rate": 484.1907948874951,
        "count": 10000
      }
    },
    "iteration_duration": {
      "type": "trend",
      "contains": "time",
      "values": {
        "avg": 2.0489402935000003,
        "min": 1.159801,
        "p(95)": 2.557712799999999,
        "p(90)": 2.3219951,
        "p(99)": 7.549116670000041,
        "p(99.99)": 22.485569219982743,
        "count": 10000,
        "med": 1.9314675000000001,
        "max": 46.885329,
        "p(50)": 1.9314675000000001
      }
    }
  }
}