{
  "root_group": {
    "checks": [
      {
        "fails": 0,
        "name": "is status 200",
        "path": "::is status 200",
        "id": "548d37ca5f33793206f7832e7cea54fb",
        "passes": 1000
      }
    ],
    "name": "",
    "path": "",
    "id": "d41d8cd98f00b204e9800998ecf8427e",
    "groups": []
  },
  "options": {
    "summaryTrendStats": [
      "avg",
      "min",
      "med",
      "max",
      "p(50)",
      "p(90)",
      "p(95)",
      "p(99)",
      "p(99.99)",
      "count"
    ],
    "summaryTimeUnit": "ms",
    "noColor": false
  },
  "state": {
    "isStdOutTTY": false,
    "isStdErrTTY": false,
    "testRunDurationMs": 18937.154104
  },
  "metrics": {
    "http_req_blocked": {
      "type": "trend",
      "contains": "time",
      "values": {
        "min": 0.002319,
        "med": 0.003853,
        "max": 0.36682,
        "p(90)": 0.0060773000000000025,
        "p(99)": 0.05885140999999842,
        "avg": 0.007460958000000001,
        "p(50)": 0.003853,
        "p(95)": 0.009523349999999998,
        "p(99.99)": 0.3649892325999991,
        "count": 1000
      }
    },
    "response_time": {
      "type": "trend",
      "contains": "default",
      "values": {
        "p(99)": 42.95439036,
        "p(99.99)": 63.19538919629934,
        "avg": 18.71891906899999,
        "p(50)": 14.6642865,
        "p(95)": 38.15807494999999,
        "p(90)": 35.498575,
        "count": 1000,
        "min": 11.876363,
        "med": 14.6642865,
        "max": 64.594485
      }
    },
    "http_reqs": {
      "type": "counter",
      "contains": "default",
      "values": {
        "count": 1000,
        "rate": 52.80624504126388
      }
    },
    "http_req_failed": {
      "type": "rate",
      "contains": "default",
      "values": {
        "fails": 1000,
        "rate": 0,
        "passes": 0
      }
    },
    "reponse_size": {
      "type": "trend",
      "contains": "default",
      "values": {
        "med": 206,
        "p(99)": 206,
        "p(90)": 206,
        "p(95)": 206,
        "p(99.99)": 206,
        "count": 1000,
        "avg": 205.774,
        "min": 202,
        "max": 206,
        "p(50)": 206
      }
    },
    "http_req_receiving": {
      "contains": "time",
      "values": {
        "min": 0.044504,
        "med": 0.07423350000000001,
        "p(99)": 0.2468491,
        "p(90)": 0.1010894,
        "p(95)": 0.11520815000000001,
        "p(99.99)": 22.026300879099914,
        "count": 1000,
        "avg": 0.12235793699999994,
        "max": 22.202104,
        "p(50)": 0.07423350000000001
      },
      "type": "trend"
    },
    "data_received": {
      "type": "counter",
      "contains": "data",
      "values": {
        "count": 614484,
        "rate": 32448.592677935994
      }
    },
    "http_req_tls_handshaking": {
      "type": "trend",
      "contains": "time",
      "values": {
        "p(99.99)": 0,
        "avg": 0,
        "min": 0,
        "p(50)": 0,
        "p(90)": 0,
        "p(95)": 0,
        "p(99)": 0,
        "med": 0,
        "max": 0,
        "count": 1000
      }
    },
    "vus": {
      "values": {
        "value": 1,
        "min": 1,
        "max": 1
      },
      "type": "gauge",
      "contains": "default"
    },
    "http_req_duration{expected_response:true}": {
      "type": "trend",
      "contains": "time",
      "values": {
        "p(99)": 42.95439036,
        "p(99.99)": 63.19538919629934,
        "count": 1000,
        "avg": 18.71891906899999,
        "max": 64.594485,
        "p(50)": 14.6642865,
        "p(95)": 38.15807494999999,
        "min": 11.876363,
        "med": 14.6642865,
        "p(90)": 35.498575
      }
    },
    "data_sent": {
      "type": "counter",
      "contains": "data",
      "values": {
        "count": 378000,
        "rate": 19960.760625597748
      }
    },
    "http_req_waiting": {
      "contains": "time",
      "values": {
        "max": 64.438712,
        "p(50)": 14.556634,
        "p(90)": 35.3524292,
        "p(99.99)": 63.042550259299325,
        "count": 1000,
        "avg": 18.57922898500001,
        "min": 11.787332,
        "med": 14.556634,
        "p(95)": 38.0109716,
        "p(99)": 42.844987679999996
      },
      "type": "trend"
    },
    "iteration_duration": {
      "contains": "time",
      "values": {
        "min": 12.065377,
        "med": 14.8468655,
        "max": 64.825135,
        "p(90)": 35.7041621,
        "p(95)": 38.36457585,
        "p(99.99)": 63.43779313059934,
        "avg": 18.918579912,
        "p(50)": 14.8468655,
        "p(99)": 43.1722439,
        "count": 1000
      },
      "type": "trend"
    },
    "http_req_duration": {
      "type": "trend",
      "contains": "time",
      "values": {
        "med": 14.6642865,
        "max": 64.594485,
        "p(50)": 14.6642865,
        "p(90)": 35.498575,
        "p(95)": 38.15807494999999,
        "p(99.99)": 63.19538919629934,
        "avg": 18.71891906899999,
        "p(99)": 42.95439036,
        "count": 1000,
        "min": 11.876363
      }
    },
    "http_req_sending": {
      "type": "trend",
      "contains": "time",
      "values": {
        "med": 0.0145865,
        "p(50)": 0.0145865,
        "p(90)": 0.0227286,
        "p(95)": 0.027308549999999987,
        "p(99.99)": 0.22207132739999677,
        "count": 1000,
        "avg": 0.017332146999999996,
        "min": 0.00983,
        "max": 0.228792,
        "p(99)": 0.07121073999999998
      }
    },
    "checks": {
      "type": "rate",
      "contains": "default",
      "values": {
        "rate": 1,
        "passes": 1000,
        "fails": 0
      }
    },
    "vus_max": {
      "values": {
        "max": 1,
        "value": 1,
        "min": 1
      },
      "type": "gauge",
      "contains": "default"
    },
    "http_req_connecting": {
      "type": "trend",
      "contains": "time",
      "values": {
        "p(99.99)": 0.28645174149999847,
        "count": 1000,
        "min": 0,
        "max": 0.28969,
        "p(90)": 0,
        "p(95)": 0,
        "p(99)": 0.0014090699999987186,
        "avg": 0.002102731,
        "med": 0,
        "p(50)": 0
      }
    },
    "iterations": {
      "values": {
        "count": 1000,
        "rate": 52.80624504126388
      },
      "type": "counter",
      "contains": "default"
    }
  }
}